budget,genres,original_language,original_title,popularity,production_countries,release_date,revenue,runtime,spoken_languages,vote_average,vote_count
237000000,"['Action', 'Adventure', 'Fantasy', 'Science Fiction']",en,Avatar,150.44,"['United States of America', 'United Kingdom']",2009-12-10,2787965087,162,"['English', 'Español']",7.2,11800
300000000,"['Adventure', 'Fantasy', 'Action']",en,Pirates of the Caribbean: At World's End,139.08,['United States of America'],2007-05-19,961000000,169,['English'],6.9,4500
245000000,"['Action', 'Adventure', 'Crime']",en,Spectre,107.38,"['United Kingdom', 'United States of America']",2015-10-26,880674609,148,"['Français', 'English', 'Español', 'Italiano', 'Deutsch']",6.3,4466
250000000,"['Action', 'Crime', 'Drama', 'Thriller']",en,The Dark Knight Rises,112.31,['United States of America'],2012-07-16,1084939099,165,['English'],7.6,9106
260000000,"['Action', 'Adventure', 'Science Fiction']",en,John Carter,43.93,['United States of America'],2012-03-07,284139100,132,['English'],6.1,2124
258000000,"['Fantasy', 'Action', 'Adventure']",en,Spider-Man 3,115.7,['United States of America'],2007-05-01,890871626,139,"['English', 'Français']",5.9,3576
260000000,"['Animation', 'Family']",en,Tangled,48.68,['United States of America'],2010-11-24,591794936,100,['English'],7.4,3330
280000000,"['Action', 'Adventure', 'Science Fiction']",en,Avengers: Age of Ultron,134.28,['United States of America'],2015-04-22,1405403694,141,['English'],7.3,6767
250000000,"['Adventure', 'Fantasy', 'Family']",en,Harry Potter and the Half-Blood Prince,98.89,"['United Kingdom', 'United States of America']",2009-07-07,933959197,153,['English'],7.4,5293
250000000,"['Action', 'Adventure', 'Fantasy']",en,Batman v Superman: Dawn of Justice,155.79,['United States of America'],2016-03-23,873260194,151,['English'],5.7,7004
270000000,"['Adventure', 'Fantasy', 'Action', 'Science Fiction']",en,Superman Returns,57.93,['United States of America'],2006-06-28,391081192,154,"['English', 'Français', 'Deutsch']",5.4,1400
200000000,"['Adventure', 'Action', 'Thriller', 'Crime']",en,Quantum of Solace,107.93,"['United Kingdom', 'United States of America']",2008-10-30,586090727,106,"['English', 'Español', 'Italiano', 'Français', 'Deutsch']",6.1,2965
200000000,"['Adventure', 'Fantasy', 'Action']",en,Pirates of the Caribbean: Dead Man's Chest,145.85,"['Jamaica', 'United States of America', 'Bahamas', 'Dominica']",2006-06-20,1065659812,151,"['English', 'Türkçe', 'ελληνικά', '普通话']",7.0,5246
255000000,"['Action', 'Adventure', 'Western']",en,The Lone Ranger,49.05,['United States of America'],2013-07-03,89289910,149,['English'],5.9,2311
225000000,"['Action', 'Adventure', 'Fantasy', 'Science Fiction']",en,Man of Steel,99.4,"['United Kingdom', 'United States of America']",2013-06-12,662845518,143,['English'],6.5,6359
225000000,"['Adventure', 'Family', 'Fantasy']",en,The Chronicles of Narnia: Prince Caspian,53.98,"['Czech Republic', 'Poland', 'Slovenia', 'United States of America']",2008-05-15,419651413,150,['English'],6.3,1630
220000000,"['Science Fiction', 'Action', 'Adventure']",en,The Avengers,144.45,['United States of America'],2012-04-25,1519557910,143,['English'],7.4,11776
380000000,"['Adventure', 'Action', 'Fantasy']",en,Pirates of the Caribbean: On Stranger Tides,135.41,['United States of America'],2011-05-14,1045713802,136,"['English', 'Español']",6.4,4948
225000000,"['Action', 'Comedy', 'Science Fiction']",en,Men in Black 3,52.04,['United States of America'],2012-05-23,624026776,106,['English'],6.2,4160
250000000,"['Action', 'Adventure', 'Fantasy']",en,The Hobbit: The Battle of the Five Armies,120.97,"['New Zealand', 'United States of America']",2014-12-10,956019788,144,['English'],7.1,4760
215000000,"['Action', 'Adventure', 'Fantasy']",en,The Amazing Spider-Man,89.87,['United States of America'],2012-06-27,752215857,136,['English'],6.5,6586
200000000,"['Action', 'Adventure']",en,Robin Hood,37.67,"['United Kingdom', 'United States of America']",2010-05-12,310669540,140,"['English', 'ภาษาไทย']",6.2,1398
250000000,"['Adventure', 'Fantasy']",en,The Hobbit: The Desolation of Smaug,94.37,"['New Zealand', 'United States of America']",2013-12-11,958400000,161,['English'],7.6,4524
180000000,"['Adventure', 'Fantasy']",en,The Golden Compass,42.99,"['United Kingdom', 'United States of America']",2007-12-04,372234864,113,"['Íslenska', 'English', 'Pусский', 'Français']",5.8,1303
207000000,"['Adventure', 'Drama', 'Action']",en,King Kong,61.23,"['New Zealand', 'United States of America', 'Germany']",2005-12-14,550000000,187,['English'],6.6,2337
200000000,"['Drama', 'Romance', 'Thriller']",en,Titanic,100.03,['United States of America'],1997-11-18,1845034188,194,"['English', 'Français', 'Deutsch', 'svenska', 'Italiano', 'Pусский']",7.5,7562
250000000,"['Adventure', 'Action', 'Science Fiction']",en,Captain America: Civil War,198.37,['United States of America'],2016-04-27,1153304495,147,"['Română', 'English', 'Deutsch', 'Pусский']",7.1,7241
209000000,"['Thriller', 'Action', 'Adventure', 'Science Fiction']",en,Battleship,64.93,['United States of America'],2012-04-11,303025485,131,"['English', 'ภาษาไทย']",5.5,2114
150000000,"['Action', 'Adventure', 'Science Fiction', 'Thriller']",en,Jurassic World,418.71,['United States of America'],2015-06-09,1513528810,124,['English'],6.5,8662
200000000,"['Action', 'Adventure', 'Thriller']",en,Skyfall,93.0,"['United Kingdom', 'United States of America']",2012-10-25,1108561013,143,['English'],6.9,7604
200000000,"['Action', 'Adventure', 'Fantasy']",en,Spider-Man 2,35.15,['United States of America'],2004-06-25,783766341,127,"['English', 'Pусский', '普通话']",6.7,4321
200000000,"['Action', 'Adventure', 'Science Fiction']",en,Iron Man 3,77.68,"['China', 'United States of America']",2013-04-18,1215439994,130,['English'],6.8,8806
200000000,"['Family', 'Fantasy', 'Adventure']",en,Alice in Wonderland,78.53,['United States of America'],2010-03-03,1025491110,108,['English'],6.4,4645
210000000,"['Adventure', 'Action', 'Science Fiction', 'Thriller']",en,X-Men: The Last Stand,3.86,"['Canada', 'United Kingdom', 'United States of America']",2006-05-24,459359555,104,['English'],6.3,3525
200000000,"['Animation', 'Family']",en,Monsters University,89.19,['United States of America'],2013-06-20,743559607,104,['English'],7.0,3528
150000000,"['Science Fiction', 'Action', 'Adventure']",en,Transformers: Revenge of the Fallen,21.94,['United States of America'],2009-06-19,836297228,150,"['English', 'Español']",6.0,3138
210000000,"['Science Fiction', 'Action', 'Adventure']",en,Transformers: Age of Extinction,116.84,['United States of America'],2014-06-25,1091405097,165,['English'],5.8,3095
200000000,"['Fantasy', 'Adventure', 'Family']",en,Oz: The Great and Powerful,46.99,['United States of America'],2013-03-07,491868548,130,['English'],5.7,3530
200000000,"['Action', 'Adventure', 'Fantasy']",en,The Amazing Spider-Man 2,89.27,['United States of America'],2014-04-16,705717432,142,['English'],6.5,4179
170000000,"['Adventure', 'Action', 'Science Fiction']",en,TRON: Legacy,73.8,['United States of America'],2010-12-10,400062763,125,['English'],6.3,2841
200000000,"['Animation', 'Family', 'Adventure', 'Comedy']",en,Cars 2,49.99,['United States of America'],2011-06-11,559852396,106,"['English', '日本語', 'Italiano', 'Français']",5.8,2033
200000000,"['Adventure', 'Action', 'Thriller', 'Science Fiction']",en,Green Lantern,51.87,['United States of America'],2011-06-16,219851172,114,['English'],5.1,2487
200000000,"['Animation', 'Family', 'Comedy']",en,Toy Story 3,60.0,['United States of America'],2010-06-16,1066969703,103,"['English', 'Español']",7.6,4597
200000000,"['Action', 'Science Fiction', 'Thriller']",en,Terminator Salvation,71.86,"['Germany', 'Italy', 'United Kingdom', 'United States of America']",2009-05-20,371353001,115,"['English', 'Italiano']",5.9,2463
190000000,['Action'],en,Furious 7,102.32,"['Japan', 'United States of America']",2015-04-01,1506249360,137,['English'],7.3,4176
200000000,"['Action', 'Drama', 'Horror', 'Science Fiction', 'Thriller']",en,World War Z,81.83,"['United States of America', 'Malta']",2013-06-20,531865000,116,['English'],6.7,5560
250000000,"['Action', 'Adventure', 'Fantasy', 'Science Fiction']",en,X-Men: Days of Future Past,118.08,"['United Kingdom', 'United States of America']",2014-05-15,747862775,131,['English'],7.5,6032
190000000,"['Action', 'Adventure', 'Science Fiction']",en,Star Trek Into Darkness,78.29,['United States of America'],2013-05-05,467365246,132,['English'],7.4,4418
195000000,"['Action', 'Family', 'Fantasy']",en,Jack the Giant Slayer,43.35,['United States of America'],2013-02-27,197687603,114,['English'],5.5,2598
105000000,"['Drama', 'Romance']",en,The Great Gatsby,61.2,"['United States of America', 'Australia']",2013-05-10,351040419,143,['English'],7.3,3769
150000000,"['Adventure', 'Fantasy', 'Action', 'Romance']",en,Prince of Persia: The Sands of Time,62.17,['United States of America'],2010-05-19,335154643,116,['English'],6.2,2317
180000000,"['Action', 'Science Fiction', 'Adventure']",en,Pacific Rim,56.52,"['United States of America', 'Canada']",2013-07-11,407602906,131,['English'],6.7,4794
195000000,"['Action', 'Science Fiction', 'Adventure']",en,Transformers: Dark of the Moon,28.53,['United States of America'],2011-06-28,1123746996,154,['English'],6.1,3299
185000000,"['Adventure', 'Action']",en,Indiana Jones and the Kingdom of the Crystal Skull,75.67,['United States of America'],2008-05-21,786636033,122,"['English', 'Deutsch', 'Pусский']",5.7,2495
175000000,"['Adventure', 'Animation', 'Family']",en,The Good Dinosaur,51.69,['United States of America'],2015-11-14,331926147,93,['English'],6.6,1736
185000000,"['Animation', 'Adventure', 'Comedy', 'Family', 'Action', 'Fantasy']",en,Brave,125.11,['United States of America'],2012-06-21,538983207,93,['English'],6.7,4641
185000000,"['Action', 'Adventure', 'Science Fiction']",en,Star Trek Beyond,65.35,['United States of America'],2016-07-07,343471816,122,['English'],6.6,2568
180000000,"['Animation', 'Family']",en,WALL·E,66.39,['United States of America'],2008-06-22,521311860,98,['English'],7.8,6296
140000000,"['Action', 'Comedy', 'Crime', 'Thriller']",en,Rush Hour 3,22.57,['United States of America'],2007-08-08,258022233,91,"['Latin', 'English', 'Français', '日本語', '普通话']",6.1,783
200000000,"['Action', 'Adventure', 'Science Fiction']",en,2012,45.27,"['Canada', 'United States of America']",2009-10-10,769653595,158,"['English', 'Français', 'हिन्दी', 'Italiano', 'Latin', '普通话', 'Português', 'Pусский', '']",5.6,4903
200000000,"['Animation', 'Drama']",en,A Christmas Carol,39.74,['United States of America'],2009-11-04,325233863,96,['English'],6.6,1095
176000003,"['Science Fiction', 'Fantasy', 'Action', 'Adventure']",en,Jupiter Ascending,85.37,['United States of America'],2015-02-04,183987723,124,['English'],5.2,2768
180000000,"['Action', 'Adventure']",en,The Legend of Tarzan,42.74,"['Canada', 'United Kingdom', 'United States of America']",2016-06-29,356743061,109,['English'],5.5,2430
180000000,"['Adventure', 'Family', 'Fantasy']",en,"The Chronicles of Narnia: The Lion, the Witch and the Wardrobe",67.39,"['United Kingdom', 'United States of America']",2005-12-07,748806957,143,"['English', 'Deutsch']",6.7,2629
178000000,['Science Fiction'],en,X-Men: Apocalypse,139.27,['United States of America'],2016-05-18,543934787,144,['English'],6.4,4721
185000000,"['Drama', 'Action', 'Crime', 'Thriller']",en,The Dark Knight,187.32,"['United Kingdom', 'United States of America']",2008-07-16,1004558444,152,"['English', '普通话']",8.2,12002
175000000,"['Animation', 'Comedy', 'Family', 'Adventure']",en,Up,92.2,['United States of America'],2009-05-13,735099082,96,['English'],7.7,6870
175000000,"['Animation', 'Family', 'Adventure', 'Science Fiction']",en,Monsters vs Aliens,36.17,['United States of America'],2009-03-19,381509870,94,['English'],6.0,1423
140000000,"['Action', 'Science Fiction', 'Adventure']",en,Iron Man,120.73,['United States of America'],2008-04-30,585174222,126,"['English', 'فارسی', 'اردو', 'العربية']",7.4,8776
170000000,"['Adventure', 'Drama', 'Family']",en,Hugo,32.32,"['France', 'United States of America', 'United Kingdom']",2011-11-22,185770160,126,['English'],7.0,2141
170000000,"['Action', 'Adventure', 'Comedy', 'Science Fiction', 'Western']",en,Wild Wild West,40.75,['United States of America'],1999-06-29,222104681,106,['English'],5.1,1020
145000000,"['Adventure', 'Action', 'Fantasy']",en,The Mummy: Tomb of the Dragon Emperor,60.03,"['Germany', 'United States of America']",2008-07-01,401128639,112,"['English', '普通话', '']",5.2,1387
175000000,"['Action', 'Adventure', 'Crime', 'Fantasy', 'Science Fiction']",en,Suicide Squad,90.24,['United States of America'],2016-08-02,745000000,123,['English'],5.9,7458
175000000,"['Fantasy', 'Comedy', 'Family']",en,Evan Almighty,27.08,['United States of America'],2007-06-09,173000000,96,['English'],5.3,1151
178000000,"['Action', 'Science Fiction']",en,Edge of Tomorrow,79.46,"['Australia', 'United States of America']",2014-05-27,370541256,113,['English'],7.6,4858
175000000,"['Adventure', 'Action']",en,Waterworld,44.64,['United States of America'],1995-07-28,264218220,135,"['English', 'Deutsch', 'Español']",5.9,992
175000000,"['Adventure', 'Action', 'Thriller', 'Science Fiction']",en,G.I. Joe: The Rise of Cobra,32.85,"['Czech Republic', 'United States of America']",2009-08-04,302469017,118,"['English', 'Français', '']",5.6,1962
175000000,"['Drama', 'Comedy', 'Animation', 'Family']",en,Inside Out,128.66,['United States of America'],2015-06-09,857611174,94,['English'],8.0,6560
175000000,"['Family', 'Adventure', 'Drama', 'Fantasy']",en,The Jungle Book,94.2,"['United Kingdom', 'United States of America']",2016-04-07,966550600,106,['English'],6.7,2892
200000000,"['Adventure', 'Action', 'Science Fiction']",en,Iron Man 2,77.3,['United States of America'],2010-04-28,623933331,124,"['English', 'Pусский', 'Français']",6.6,6849
170000000,"['Adventure', 'Fantasy', 'Drama']",en,Snow White and the Huntsman,77.18,['United States of America'],2012-05-30,396600000,127,['English'],5.8,3118
180000000,"['Fantasy', 'Adventure', 'Action', 'Family', 'Romance']",en,Maleficent,110.62,['United States of America'],2014-05-28,758539785,97,['English'],7.0,4496
170000000,"['Science Fiction', 'Action', 'Drama', 'Thriller']",en,Dawn of the Planet of the Apes,243.79,['United States of America'],2014-06-26,710644566,130,['English'],7.3,4410
175000000,"['Drama', 'Action', 'Adventure', 'Fantasy']",en,47 Ronin,41.8,['United States of America'],2013-12-06,150962475,119,"['English', '日本語']",5.9,1326
170000000,"['Action', 'Adventure', 'Science Fiction']",en,Captain America: The Winter Soldier,72.23,['United States of America'],2014-03-20,714766572,136,['English'],7.6,5764
165000000,"['Comedy', 'Adventure', 'Fantasy', 'Animation', 'Family']",en,Shrek Forever After,44.04,['United States of America'],2010-05-16,752600867,93,['English'],6.0,1959
190000000,"['Adventure', 'Family', 'Mystery', 'Science Fiction']",en,Tomorrowland,130.31,['United States of America'],2015-05-19,209154322,130,['English'],6.2,2846
165000000,"['Adventure', 'Family', 'Animation', 'Action', 'Comedy']",en,Big Hero 6,203.73,['United States of America'],2014-10-24,652105443,102,['English'],7.8,6135
165000000,"['Family', 'Animation', 'Comedy', 'Adventure']",en,Wreck-It Ralph,62.34,['United States of America'],2012-11-01,471222889,108,['English'],7.1,4570
165000000,"['Adventure', 'Animation', 'Family', 'Fantasy']",en,The Polar Express,47.32,['United States of America'],2004-11-10,305875730,100,['English'],6.4,1474
165000000,"['Action', 'Adventure', 'Science Fiction']",en,Independence Day: Resurgence,48.78,['United States of America'],2016-06-22,389681935,120,['English'],4.9,2491
165000000,"['Fantasy', 'Adventure', 'Animation', 'Family']",en,How to Train Your Dragon,67.26,['United States of America'],2010-03-05,494878759,98,['English'],7.5,4227
200000000,"['Action', 'Thriller', 'Science Fiction']",en,Terminator 3: Rise of the Machines,69.41,"['Germany', 'United Kingdom', 'United States of America']",2003-07-02,435000000,109,['English'],5.9,2143
170000000,"['Action', 'Science Fiction', 'Adventure']",en,Guardians of the Galaxy,481.1,"['United Kingdom', 'United States of America']",2014-07-30,773328629,121,['English'],7.9,9742
165000000,"['Adventure', 'Drama', 'Science Fiction']",en,Interstellar,724.25,"['Canada', 'United States of America', 'United Kingdom']",2014-11-05,675120017,169,['English'],8.1,10867
160000000,"['Action', 'Thriller', 'Science Fiction', 'Mystery', 'Adventure']",en,Inception,167.58,"['United Kingdom', 'United States of America']",2010-07-14,825532764,148,"['English', '日本語', 'Français']",8.1,13752
15000000,"['Action', 'Adventure', 'Drama', 'Horror', 'Science Fiction']",ja,シン・ゴジラ,9.48,['Japan'],2016-07-29,77000000,120,"['Italiano', 'Deutsch', 'English', '日本語']",6.5,143
250000000,"['Adventure', 'Fantasy', 'Action']",en,The Hobbit: An Unexpected Journey,108.85,"['New Zealand', 'United States of America']",2012-11-26,1021103568,169,['English'],7.0,8297
38000000,"['Action', 'Crime', 'Thriller']",en,The Fast and the Furious,6.91,"['Germany', 'United States of America']",2001-06-22,207283925,106,['English'],6.6,3428
150000000,"['Fantasy', 'Drama', 'Thriller', 'Mystery', 'Romance']",en,The Curious Case of Benjamin Button,60.27,['United States of America'],2008-11-24,333932083,166,['English'],7.3,3292
160000000,"['Action', 'Science Fiction', 'Adventure']",en,X-Men: First Class,3.2,['United States of America'],2011-05-24,353624124,132,"['Deutsch', 'English', 'Español', 'Français', 'Pусский']",7.1,5181
160000000,"['Action', 'Adventure', 'Science Fiction']",en,The Hunger Games: Mockingjay - Part 2,127.28,"['Germany', 'United States of America']",2015-11-18,653428261,137,['English'],6.6,3984
150000000,"['Fantasy', 'Adventure', 'Action', 'Comedy', 'Drama']",en,The Sorcerer's Apprentice,35.58,['United States of America'],2010-07-13,215283742,109,['English'],5.8,1470
160000000,"['Adventure', 'Action', 'Drama', 'Thriller']",en,Poseidon,21.13,['United States of America'],2006-05-12,181674817,99,"['English', 'Español']",5.5,583
170000000,['Fantasy'],en,Alice Through the Looking Glass,56.27,"['United Kingdom', 'United States of America']",2016-05-25,299370084,113,['English'],6.5,1725
160000000,"['Fantasy', 'Adventure', 'Animation', 'Comedy', 'Family']",en,Shrek the Third,42.99,['United States of America'],2007-05-17,798958165,93,['Français'],6.0,2278
160000000,"['Action', 'Adventure', 'Fantasy']",en,Warcraft,63.15,"['Canada', 'China', 'Japan', 'United States of America']",2016-05-25,433677183,123,['English'],6.3,2268
155000000,"['Science Fiction', 'Action', 'Thriller', 'Adventure']",en,Terminator Genisys,202.04,['United States of America'],2015-06-23,440603537,126,['English'],5.8,3631
155000000,"['Adventure', 'Family', 'Fantasy']",en,The Chronicles of Narnia: The Voyage of the Dawn Treader,49.66,['United States of America'],2010-08-13,415686217,113,['English'],6.2,1514
140000000,"['History', 'Romance', 'War']",en,Pearl Harbor,34.21,['United States of America'],2001-05-21,449220945,183,"['Français', 'English', '日本語']",6.6,1791
150000000,"['Adventure', 'Science Fiction', 'Action']",en,Transformers,25.47,['United States of America'],2007-06-27,709709780,144,"['Español', 'English']",6.6,4040
155000000,"['War', 'History', 'Action', 'Adventure', 'Drama', 'Romance']",en,Alexander,39.02,"['France', 'Germany', 'Italy', 'Netherlands', 'United Kingdom', 'United States of America']",2004-11-21,167298192,175,['English'],5.6,927
150000000,"['Adventure', 'Fantasy', 'Family', 'Mystery']",en,Harry Potter and the Order of the Phoenix,78.14,"['United Kingdom', 'United States of America']",2007-06-28,938212738,138,['English'],7.4,5494
150000000,"['Adventure', 'Fantasy', 'Family']",en,Harry Potter and the Goblet of Fire,101.25,"['United Kingdom', 'United States of America']",2005-11-05,895921036,157,"['English', 'Français']",7.5,5608
150000000,"['Fantasy', 'Action']",en,Hancock,56.76,['United States of America'],2008-07-01,624029371,92,"['English', '日本語']",6.2,2961
150000000,"['Drama', 'Horror', 'Action', 'Thriller', 'Science Fiction']",en,I Am Legend,70.87,['United States of America'],2007-12-14,585349010,101,['English'],6.9,4853
150000000,"['Adventure', 'Comedy', 'Family', 'Fantasy']",en,Charlie and the Chocolate Factory,53.91,"['Australia', 'United Kingdom', 'United States of America']",2005-07-13,474968763,115,['English'],6.7,3624
150000000,"['Animation', 'Comedy', 'Family', 'Fantasy']",en,Ratatouille,65.68,['United States of America'],2007-06-22,623722818,111,['English'],7.5,4369
150000000,"['Action', 'Crime', 'Drama']",en,Batman Begins,115.04,"['United Kingdom', 'United States of America']",2005-06-10,374218673,140,"['English', 'اردو', '普通话']",7.5,7359
150000000,"['Family', 'Animation']",en,Madagascar: Escape 2 Africa,44.14,['United States of America'],2008-10-30,603900354,89,"['English', 'Italiano', 'ภาษาไทย']",6.2,1810
150000000,"['Adventure', 'Fantasy', 'Action', 'Comedy', 'Family']",en,Night at the Museum: Battle of the Smithsonian,81.78,"['United States of America', 'Canada']",2009-05-20,413106170,105,['English'],5.9,1971
150000000,"['Adventure', 'Action', 'Thriller', 'Science Fiction']",en,X-Men Origins: Wolverine,5.95,['United States of America'],2009-04-28,373062864,107,['English'],6.2,4021
150000000,"['Adventure', 'Action', 'Thriller', 'Science Fiction']",en,The Matrix Revolutions,73.31,"['United States of America', 'Australia']",2003-11-05,424988211,129,"['English', 'Français']",6.4,3096
150000000,"['Animation', 'Adventure', 'Family']",en,Frozen,165.13,['United States of America'],2013-11-27,1274219009,102,['English'],7.3,5295
150000000,"['Adventure', 'Action', 'Thriller', 'Science Fiction']",en,The Matrix Reloaded,70.79,"['Australia', 'United States of America']",2003-05-15,738599701,138,['English'],6.7,3443
170000000,"['Action', 'Adventure', 'Fantasy']",en,Thor: The Dark World,99.5,['United States of America'],2013-10-29,644571402,112,['English'],6.8,4755
150000000,"['Action', 'Adventure', 'Science Fiction', 'Thriller']",en,Mad Max: Fury Road,434.28,"['Australia', 'United States of America']",2015-05-13,378858340,120,['English'],7.2,9427
150000000,"['Thriller', 'Mystery']",en,Angels & Demons,67.45,"['Italy', 'United States of America']",2009-05-13,356613439,138,"['English', 'Italiano', 'Latin', 'Français', 'Deutsch', '普通话']",6.5,2129
150000000,"['Adventure', 'Fantasy', 'Action']",en,Thor,86.49,['United States of America'],2011-04-21,449326618,115,['English'],6.6,6525
150000000,"['Animation', 'Family', 'Adventure', 'Comedy']",en,Bolt,41.85,['United States of America'],2008-11-21,309979994,98,['English'],6.3,1750
150000000,"['Fantasy', 'Action', 'Adventure', 'Family', 'Comedy']",en,G-Force,26.71,['United States of America'],2009-07-21,292817841,88,['English'],5.1,510
150000000,['Adventure'],en,Wrath of the Titans,44.93,"['Spain', 'United States of America']",2012-03-27,301000000,99,['English'],5.5,1431
150000000,"['Comedy', 'Fantasy']",en,Dark Shadows,50.31,"['Australia', 'United States of America']",2012-05-08,245527149,113,['English'],5.7,2320
150000000,"['Action', 'Adventure', 'Thriller']",en,Mission: Impossible - Rogue Nation,114.52,"['China', 'United States of America']",2015-07-23,682330139,131,"['Deutsch', 'English', 'svenska']",7.1,3224
150000000,"['Family', 'Animation', 'Adventure', 'Comedy']",en,Bee Movie,29.33,['United States of America'],2007-10-28,287594577,91,['English'],5.7,1171
150000000,"['Animation', 'Family']",en,Kung Fu Panda 2,51.25,['United States of America'],2011-05-25,665692281,91,['English'],6.7,1880
150000000,"['Action', 'Adventure', 'Family', 'Fantasy']",en,The Last Airbender,33.77,['United States of America'],2010-06-30,318502923,103,['English'],4.7,1151
150000000,"['Adventure', 'Action', 'Thriller']",en,Mission: Impossible III,63.08,"['China', 'Germany', 'United States of America']",2006-05-03,397850012,126,"['Deutsch', 'English', 'Italiano', '普通话', 'Český', '广州话 / 廣州話']",6.5,2028
150000000,"['Action', 'Drama', 'Thriller']",en,White House Down,39.0,['United States of America'],2013-06-27,205366737,131,['English'],6.4,1891
150000000,"['Adventure', 'Animation', 'Family']",en,Mars Needs Moms,12.36,['United States of America'],2011-03-09,38992758,88,['English'],5.5,199
149000000,"['Adventure', 'Animation', 'Comedy', 'Family']",en,Flushed Away,22.55,"['United Kingdom', 'United States of America']",2006-10-22,64459316,85,['English'],6.0,874
150000000,"['Adventure', 'Family', 'Fantasy']",en,Pan,48.04,['United States of America'],2015-09-24,128388320,111,['English'],5.9,954
145000000,"['Animation', 'Adventure', 'Family']",en,Mr. Peabody & Sherman,38.73,['United States of America'],2014-02-07,272912430,92,['English'],6.7,843
175000000,"['Adventure', 'Drama', 'War']",en,Troy,66.8,"['United States of America', 'Malta', 'United Kingdom']",2004-05-13,497409852,163,['English'],6.9,2759
145000000,"['Animation', 'Family']",en,Madagascar 3: Europe's Most Wanted,44.99,['United States of America'],2012-06-06,746921274,93,"['English', 'Español', 'ภาษาไทย']",6.4,1808
140000000,"['Adventure', 'Action', 'Thriller']",en,Die Another Day,54.16,"['United Kingdom', 'United States of America']",2002-11-17,431971116,133,"['English', '한국어/조선말', '广州话 / 廣州話', 'Deutsch', 'Español', 'Íslenska', 'Italiano']",5.8,1092
144000000,"['Action', 'Fantasy', 'Comedy']",en,Ghostbusters,66.22,['United States of America'],2016-07-14,229147509,116,['English'],5.3,2142
140000000,"['Action', 'Thriller', 'Science Fiction', 'Adventure']",en,Armageddon,58.49,['United States of America'],1998-07-01,553799566,151,"['English', 'Pусский']",6.4,2482
140000000,"['Action', 'Adventure', 'Comedy', 'Science Fiction']",en,Men in Black II,91.33,['United States of America'],2002-07-03,441818803,88,['English'],6.0,3114
70000000,"['Adventure', 'Action', 'Animation']",en,Beowulf,35.6,['United States of America'],2007-11-05,195735876,115,['English'],5.5,841
145000000,"['Action', 'Adventure', 'Animation', 'Comedy', 'Family']",en,Kung Fu Panda 3,56.75,"['China', 'United States of America']",2016-01-23,521170825,95,['English'],6.7,1603
145000000,"['Action', 'Thriller', 'Adventure']",en,Mission: Impossible - Ghost Protocol,77.77,"['Czech Republic', 'United States of America', 'United Arab Emirates']",2011-12-07,694713380,133,"['English', 'Pусский', 'Français', 'العربية', 'svenska']",6.8,3972
145000000,"['Fantasy', 'Animation', 'Family']",en,Rise of the Guardians,61.79,['United States of America'],2012-11-21,306941670,97,"['Français', 'English']",7.1,1922
100000000,['Comedy'],en,Fun with Dick and Jane,25.16,['United States of America'],2005-12-21,202026112,90,['English'],5.9,627
140000000,"['Drama', 'Action', 'War', 'History']",en,The Last Samurai,52.34,"['Japan', 'United States of America', 'New Zealand']",2003-12-05,456758981,154,"['English', '日本語']",7.3,1895
140000000,"['Adventure', 'Drama', 'Action']",en,Exodus: Gods and Kings,101.6,"['Spain', 'United Kingdom', 'United States of America']",2014-12-03,268031828,150,['English'],5.6,1921
150000000,"['Science Fiction', 'Action', 'Adventure']",en,Star Trek,73.62,"['Germany', 'United States of America']",2009-05-06,385680446,127,['English'],7.4,4518
139000000,"['Fantasy', 'Action']",en,Spider-Man,82.5,['United States of America'],2002-05-01,821708551,121,['English'],6.8,5265
145000000,"['Fantasy', 'Action', 'Adventure', 'Animation', 'Comedy', 'Family']",en,How to Train Your Dragon 2,100.21,['United States of America'],2014-06-12,609123048,102,['English'],7.6,3106
140000000,['Fantasy'],en,Gods of Egypt,56.26,"['Australia', 'United States of America']",2016-02-25,150680864,127,['English'],5.3,1277
135000000,['Action'],en,Stealth,17.89,['United States of America'],2005-07-28,76932943,121,"['English', 'Deutsch', '한국어/조선말', 'Pусский', 'Español']",4.9,331
130000000,"['Action', 'Mystery', 'Science Fiction']",en,Watchmen,64.8,['United States of America'],2009-03-05,185258983,163,['English'],7.0,2811
140000000,"['Action', 'Adventure', 'Comedy', 'Crime', 'Thriller']",en,Lethal Weapon 4,24.86,['United States of America'],1998-07-10,285444603,127,"['English', '广州话 / 廣州話', '普通话']",6.3,767
137000000,"['Drama', 'Action', 'Science Fiction']",en,Hulk,34.98,['United States of America'],2003-06-19,245360480,138,"['English', 'Español']",5.3,1533
130000000,"['Adventure', 'Action', 'Science Fiction', 'Thriller']",en,G.I. Joe: Retaliation,59.33,['United States of America'],2013-03-26,371876278,110,['English'],5.4,3025
130000000,"['Action', 'Adventure', 'Comedy', 'Drama', 'Mystery']",en,Sahara,21.61,"['Germany', 'Spain', 'United Kingdom', 'United States of America']",2005-04-06,119269486,124,"['English', 'Français', 'العربية']",5.7,434
137000000,"['Adventure', 'Action', 'Animation', 'Fantasy', 'Science Fiction', 'Thriller']",en,Final Fantasy: The Spirits Within,26.07,"['Japan', 'United States of America']",2001-07-02,85131830,106,['English'],5.9,433
140000000,"['Action', 'Adventure', 'Science Fiction']",en,Captain America: The First Avenger,74.51,['United States of America'],2011-07-22,370569774,124,"['Français', 'Norsk', 'English']",6.6,7047
135000000,"['Adventure', 'Action', 'Thriller']",en,The World Is Not Enough,39.6,"['United Kingdom', 'United States of America']",1999-11-08,361832400,128,"['English', 'Pусский']",6.0,862
150000000,['Adventure'],en,Master and Commander: The Far Side of the World,36.97,['United States of America'],2003-11-14,212011111,138,"['Français', 'Português', 'English']",6.9,790
120000000,"['Adventure', 'Fantasy', 'Drama', 'Romance']",en,The Twilight Saga: Breaking Dawn - Part 2,99.69,['United States of America'],2012-11-13,829000000,115,['English'],6.1,2553
130000000,"['Animation', 'Comedy', 'Family']",en,Happy Feet Two,17.77,['Australia'],2011-11-17,150406466,100,['English'],5.8,373
150000000,"['Science Fiction', 'Action', 'Adventure']",en,The Incredible Hulk,62.9,['United States of America'],2008-06-12,163712074,114,"['Português', 'Español', 'English']",6.1,3021
140000000,"['Adventure', 'Family', 'Fantasy']",en,The BFG,44.19,"['India', 'United States of America']",2016-06-01,183345589,120,['English'],6.0,1000
135000000,"['Western', 'Drama', 'Adventure', 'Thriller']",en,The Revenant,100.64,"['Canada', 'Hong Kong', 'Taiwan', 'United States of America']",2015-12-25,532950503,156,"['English', 'Français']",7.3,6396
135000000,"['Animation', 'Family']",en,Turbo,44.77,['United States of America'],2013-07-11,282570682,96,['English'],6.1,1074
135000000,"['Animation', 'Comedy', 'Family', 'Western', 'Adventure']",en,Rango,29.91,['United States of America'],2011-03-02,245724603,107,['English'],6.6,2051
132000000,"['Family', 'Animation', 'Adventure', 'Comedy']",en,Penguins of Madagascar,84.37,['United States of America'],2014-11-22,373552094,92,['English'],6.5,1346
70000000,"['Action', 'Drama', 'Mystery', 'Thriller']",en,The Bourne Ultimatum,45.38,"['Germany', 'United States of America']",2007-08-03,442824138,115,"['English', 'Français', 'العربية', 'Pусский', 'Español']",7.3,2888
130000000,"['Adventure', 'Animation', 'Family', 'Comedy']",en,Kung Fu Panda,84.69,['United States of America'],2008-06-04,631744560,90,['English'],6.9,3145
130000000,"['Science Fiction', 'Action', 'Adventure']",en,Ant-Man,120.09,['United States of America'],2015-07-14,519311965,117,['English'],7.0,5880
130000000,"['Adventure', 'Action', 'Science Fiction']",en,The Hunger Games: Catching Fire,76.31,['United States of America'],2013-11-15,847423452,146,['English'],7.4,6495
135000000,"['Fantasy', 'Comedy', 'Animation', 'Science Fiction', 'Family']",en,Home,63.47,['United States of America'],2015-03-18,368871007,94,['English'],6.8,1519
132000000,"['Adventure', 'Thriller', 'Science Fiction']",en,War of the Worlds,48.57,['United States of America'],2005-06-28,591739379,116,['English'],6.2,2322
130000000,"['Adventure', 'Action', 'Comedy', 'Thriller', 'Crime']",en,Bad Boys II,38.07,['United States of America'],2003-07-18,273339556,147,"['English', 'Español']",6.3,1564
130000000,"['Action', 'Adventure', 'Animation', 'Family', 'Fantasy']",en,Puss in Boots,20.68,['United States of America'],2011-10-28,554987477,90,"['Español', 'English']",6.4,451
110000000,"['Action', 'Mystery', 'Thriller']",en,Salt,48.83,['United States of America'],2010-07-21,293329073,100,"['English', 'Pусский', '한국어/조선말']",6.2,2093
125000000,"['Drama', 'Adventure']",en,Noah,46.12,['United States of America'],2014-03-20,362637473,139,['English'],5.6,2350
130000000,"['Adventure', 'Animation', 'Mystery']",en,The Adventures of Tintin,89.94,"['New Zealand', 'United States of America']",2011-10-25,371940071,107,['English'],6.7,2061
130000000,"['Adventure', 'Fantasy', 'Family']",en,Harry Potter and the Prisoner of Azkaban,79.68,"['United Kingdom', 'United States of America']",2004-05-31,789804554,141,['English'],7.7,5877
130000000,['Drama'],en,Australia,28.84,"['Australia', 'United States of America', 'United Kingdom']",2008-11-18,49554002,165,"['English', '日本語']",6.3,694
130000000,"['Science Fiction', 'Action', 'Adventure']",en,After Earth,42.84,['United States of America'],2013-05-30,243843127,100,['English'],5.0,2532
127500000,"['Animation', 'Family']",en,Dinosaur,26.55,['United States of America'],2000-05-19,354248063,82,['English'],6.2,542
127000000,"['Adventure', 'Comedy', 'Fantasy', 'Family']",en,Night at the Museum: Secret of the Tomb,115.6,"['United Kingdom', 'United States of America']",2014-12-17,349424282,97,['English'],6.1,1851
130000000,"['Animation', 'Action', 'Comedy', 'Family', 'Science Fiction']",en,Megamind,68.76,['United States of America'],2010-10-28,321887208,95,['English'],6.7,1918
125000000,"['Adventure', 'Fantasy', 'Family']",en,Harry Potter and the Philosopher's Stone,109.98,"['United Kingdom', 'United States of America']",2001-11-16,976475550,152,['English'],7.5,7006
130000000,"['Fantasy', 'Action', 'Comedy', 'Crime']",en,R.I.P.D.,39.45,['United States of America'],2013-07-18,61648500,96,['English'],5.4,1260
140000000,"['Adventure', 'Fantasy', 'Action']",en,Pirates of the Caribbean: The Curse of the Black Pearl,271.97,['United States of America'],2003-07-09,655011224,143,['English'],7.5,6985
125000000,"['Science Fiction', 'Adventure', 'Thriller']",en,The Hunger Games: Mockingjay - Part 1,206.23,['United States of America'],2014-11-18,752100229,123,['English'],6.6,5584
125000000,"['Thriller', 'Mystery']",en,The Da Vinci Code,45.31,"['United States of America', 'Malta', 'France', 'United Kingdom']",2006-05-17,767820459,149,"['English', 'Français', 'Latin', 'Español']",6.5,2704
103000000,"['Animation', 'Adventure', 'Comedy', 'Family']",en,Rio 2,42.4,['United States of America'],2014-03-19,500188435,102,"['English', 'Português']",6.3,978
110000000,"['Adventure', 'Action', 'Science Fiction', 'Thriller']",en,X2,2.87,['United States of America'],2003-04-24,407711549,133,"['English', 'Deutsch', 'Italiano']",6.8,3506
125000000,"['Action', 'Thriller', 'Crime']",en,Fast Five,7.26,['United States of America'],2011-04-20,626137675,130,"['English', 'Español', 'Português', 'Italiano']",7.1,2438
125000000,"['Adventure', 'Action', 'Crime', 'Mystery']",en,Sherlock Holmes: A Game of Shadows,81.5,['United States of America'],2011-11-22,334615000,129,['English'],7.0,3886
125000000,"['Adventure', 'Fantasy', 'Action']",en,Clash of the Titans,47.69,['United States of America'],2010-04-01,232713139,106,['English'],5.6,2233
65000000,"['Action', 'Adventure', 'Science Fiction']",en,Total Recall,43.13,['United States of America'],1990-06-01,261317921,113,['English'],7.1,1710
160000000,"['Adventure', 'Fantasy', 'Action']",en,The 13th Warrior,27.22,['United States of America'],1999-08-27,61698899,102,"['English', 'Norsk']",6.4,510
130000000,"['Action', 'Thriller']",en,The Bourne Legacy,90.34,['United States of America'],2012-08-08,276572938,120,"['English', 'Pусский']",6.0,2651
125000000,"['Action', 'Crime', 'Fantasy']",en,Batman & Robin,50.07,"['United Kingdom', 'United States of America']",1997-06-20,238207122,125,['English'],4.2,1418
123000000,"['Family', 'Comedy', 'Fantasy']",en,How the Grinch Stole Christmas,45.42,"['Germany', 'United States of America']",2000-11-17,345141403,104,['English'],6.2,1386
125000000,"['Action', 'Adventure', 'Science Fiction', 'Thriller']",en,The Day After Tomorrow,41.38,['United States of America'],2004-05-26,544272402,124,"['English', '日本語', 'Français', 'العربية', 'Español']",6.2,2392
125000000,"['Adventure', 'Action', 'Thriller']",en,Mission: Impossible II,54.93,"['Germany', 'United States of America']",2000-05-24,546388105,123,['English'],5.9,1928
120000000,['Drama'],en,The Perfect Storm,25.75,['United States of America'],2000-03-15,325756637,130,['English'],6.2,597
130000000,"['Adventure', 'Fantasy', 'Action', 'Thriller']",en,4: Rise of the Silver Surfer,60.81,"['Germany', 'United Kingdom', 'United States of America']",2007-06-13,289047763,92,"['English', '日本語', 'العربية', '普通话']",5.4,2589
120000000,"['Adventure', 'Drama', 'Action']",en,Life of Pi,51.33,"['United States of America', 'Taiwan', 'United Kingdom']",2012-11-20,609016565,127,"['普通话', 'English', 'Français', 'हिन्दी', '日本語', 'தமிழ்']",7.2,5797
110000000,"['Thriller', 'Action', 'Fantasy', 'Horror']",en,Ghost Rider,46.83,"['United States of America', 'Australia']",2007-02-16,228738393,114,['English'],5.2,1712
120000000,"['Action', 'Thriller']",en,Jason Bourne,62.64,"['United Kingdom', 'United States of America', 'China']",2016-07-27,415484914,123,['English'],5.9,2341
120000000,"['Action', 'Adventure', 'Comedy']",en,Charlie's Angels: Full Throttle,33.62,['United States of America'],2003-06-27,259175788,106,"['English', '普通话', 'Español']",5.2,914
130000000,"['Science Fiction', 'Adventure', 'Mystery']",en,Prometheus,68.89,"['United Kingdom', 'United States of America']",2012-05-30,403170142,124,"['', 'English']",6.3,5080
120000000,"['Family', 'Adventure', 'Animation', 'Comedy']",en,Stuart Little 2,27.99,['United States of America'],2002-07-19,169956806,78,['English'],5.4,613
115000000,"['Science Fiction', 'Action', 'Drama', 'Thriller']",en,Elysium,67.34,['United States of America'],2013-08-07,286140700,109,['English'],6.4,3439
105000000,"['Action', 'Science Fiction']",en,The Chronicles of Riddick,27.84,['United States of America'],2004-06-11,115772733,119,['English'],6.3,1570
120000000,"['Action', 'Science Fiction']",en,RoboCop,66.76,"['Canada', 'United States of America']",2014-01-30,242688965,102,['English'],5.7,2342
120000000,"['Action', 'Family', 'Science Fiction']",en,Speed Racer,17.06,"['Australia', 'Germany', 'United States of America']",2008-05-09,93945766,135,['English'],5.7,354
120000000,"['Comedy', 'Drama', 'Romance']",en,How Do You Know,11.14,['United States of America'],2010-12-17,48668907,121,['English'],4.9,223
117000000,"['Action', 'Comedy']",en,Knight and Day,44.91,['United States of America'],2010-06-15,261930431,109,"['English', 'Deutsch', 'Español']",5.9,1547
120000000,"['Action', 'Science Fiction', 'Adventure', 'Mystery']",en,Oblivion,67.7,['United States of America'],2013-04-10,286168572,124,['English'],6.4,4800
113000000,"['Science Fiction', 'Adventure', 'Action']",en,Star Wars: Episode III - Revenge of the Sith,44.11,['United States of America'],2005-05-17,850000000,140,['English'],7.1,4116
120000000,"['Adventure', 'Action', 'Science Fiction']",en,Star Wars: Episode II - Attack of the Clones,43.99,['United States of America'],2002-05-15,649398328,142,['English'],6.4,3992
115000000,"['Animation', 'Comedy', 'Family']",en,"Monsters, Inc.",106.82,['United States of America'],2001-11-01,562816256,92,['English'],7.5,5996
120000000,"['Action', 'Science Fiction', 'Adventure', 'Fantasy']",en,The Wolverine,15.95,"['United Kingdom', 'United States of America']",2013-07-23,415440673,126,['English'],6.3,4053
115000000,"['Adventure', 'Action', 'Science Fiction']",en,Star Wars: Episode I - The Phantom Menace,54.04,['United States of America'],1999-05-19,924317558,136,['English'],6.3,4432
135000000,"['Adventure', 'Animation', 'Comedy', 'Family', 'Fantasy']",en,The Croods,64.18,['United States of America'],2013-03-20,585178928,98,['English'],6.8,2399
97250400,"['Fantasy', 'Adventure', 'Comedy', 'Family']",fr,Astérix aux Jeux Olympiques,20.34,"['Belgium', 'France', 'Germany', 'Italy', 'Spain']",2008-01-13,132900000,116,"['Français', 'Português']",5.0,471
115000000,"['Drama', 'Action', 'History', 'War']",en,Windtalkers,18.71,['United States of America'],2002-06-14,77628265,134,"['English', '日本語', '']",5.8,341
115000000,"['Action', 'Adventure', 'Drama']",en,The Huntsman: Winter's War,60.47,['United States of America'],2016-04-06,164602163,114,['English'],6.0,1523
125000000,"['Science Fiction', 'Action', 'Adventure', 'Fantasy', 'Comedy']",en,Teenage Mutant Ninja Turtles,143.35,['United States of America'],2014-08-07,477200000,101,['English'],5.8,2636
105000000,"['Science Fiction', 'Thriller', 'Drama']",en,Gravity,110.15,"['United Kingdom', 'United States of America']",2013-09-27,716392705,91,['English'],7.3,5751
116000000,"['Action', 'Adventure', 'Thriller']",en,Dante's Peak,16.9,['United States of America'],1997-02-07,178127760,108,['English'],5.7,428
135000000,"['Fantasy', 'Action', 'Adventure', 'Comedy']",en,Teenage Mutant Ninja Turtles: Out of the Shadows,39.87,"['China', 'United States of America', 'Hong Kong']",2016-06-01,245623848,112,['English'],5.8,963
120000000,"['Action', 'Adventure', 'Science Fiction']",en,Fantastic Four,38.13,['United States of America'],2015-08-05,167977596,100,['English'],4.4,2278
110000000,"['Action', 'Adventure', 'Comedy', 'Family', 'Fantasy']",en,Night at the Museum,48.78,"['United States of America', 'United Kingdom']",2006-10-20,574480841,108,"['English', 'Italiano', 'עִבְרִית']",6.3,2862
110000000,"['Action', 'Drama', 'Thriller']",en,San Andreas,100.41,"['Canada', 'United States of America', 'Australia']",2015-05-27,470490832,114,['English'],6.0,2968
110000000,"['Adventure', 'Action', 'Thriller']",en,Tomorrow Never Dies,42.89,"['United Kingdom', 'United States of America']",1997-12-11,333011068,119,"['Deutsch', 'English', 'Dansk', '普通话', '广州话 / 廣州話']",6.0,925
110000000,"['Drama', 'History', 'War', 'Action']",en,The Patriot,23.66,"['Germany', 'United States of America']",2000-06-28,215294342,165,['English'],6.8,1099
110000000,"['Thriller', 'Crime']",en,Ocean's Twelve,76.84,['United States of America'],2004-12-09,362744280,125,"['Français', 'Italiano', 'Nederlands', '普通话', 'English']",6.4,2124
110000000,"['Action', 'Comedy', 'Drama', 'Thriller']",en,Mr. & Mrs. Smith,44.64,['United States of America'],2005-06-07,478207520,120,"['English', 'Español']",6.5,2965
110000000,"['Adventure', 'Science Fiction', 'Thriller']",en,Insurgent,103.72,['United States of America'],2015-03-18,295238201,119,['English'],6.2,3829
116000000,['Drama'],en,The Aviator,45.62,['United States of America'],2004-12-17,102000000,170,['English'],7.0,1489
112000000,['Comedy'],en,Gulliver's Travels,22.85,['United States of America'],2010-12-25,237382724,85,['English'],4.9,621
120000000,"['Action', 'Crime', 'Comedy']",en,The Green Hornet,31.7,['United States of America'],2011-01-12,227817248,119,"['English', '普通话']",5.5,1251
110000000,"['Action', 'War']",en,300: Rise of an Empire,71.51,['United States of America'],2014-03-05,337580051,102,['English'],6.1,2397
110000000,"['Animation', 'Family', 'Adventure', 'Comedy', 'Fantasy']",en,The Smurfs,36.65,['United States of America'],2011-07-29,563749323,103,['English'],5.5,1179
110000000,"['Animation', 'Family']",en,Home on the Range,19.63,['United States of America'],2004-04-02,103951461,76,"['普通话', 'English']",5.7,389
110000000,"['Adventure', 'Science Fiction']",en,Allegiant,86.11,['United States of America'],2016-03-09,179246868,121,['English'],5.9,1998
110000000,"['Action', 'Science Fiction', 'Drama']",en,Real Steel,37.2,"['India', 'United States of America']",2011-09-28,299268508,127,['English'],6.6,2692
105000000,"['Fantasy', 'Family', 'Comedy', 'Animation']",en,The Smurfs 2,32.47,['United States of America'],2013-07-30,347434178,105,['English'],5.5,695
160000000,"['Action', 'Adventure', 'Thriller']",en,Speed 2: Cruise Control,23.34,['United States of America'],1997-06-13,164508066,121,"['English', 'Português']",4.1,434
110000000,"['Science Fiction', 'Action', 'Adventure']",en,Ender's Game,45.95,['United States of America'],2013-10-23,125537191,114,['English'],6.6,2303
110000000,"['Action', 'Thriller']",en,Live Free or Die Hard,48.93,"['United Kingdom', 'United States of America']",2007-06-20,383531464,128,"['English', 'Italiano', 'Français']",6.4,2089
93000000,"['Adventure', 'Fantasy', 'Action']",en,The Lord of the Rings: The Fellowship of the Ring,138.05,"['New Zealand', 'United States of America']",2001-12-18,871368364,178,['English'],8.0,8705
110000000,"['Action', 'Adventure', 'Comedy']",en,Around the World in 80 Days,22.64,"['Germany', 'Ireland', 'United Kingdom', 'United States of America']",2004-06-16,72178895,120,"['Deutsch', 'English', 'Français', 'हिन्दी', 'Türkçe', '广州话 / 廣州話']",5.7,672
107000000,['Drama'],en,Ali,18.87,['United States of America'],2001-12-11,87713825,157,['English'],6.7,447
120000000,"['Action', 'Science Fiction']",en,"I, Robot",95.91,"['United States of America', 'Germany']",2004-07-15,347234916,115,['English'],6.7,3793
130000000,"['Drama', 'Action', 'Adventure', 'History', 'War']",en,Kingdom of Heaven,44.49,"['Germany', 'Morocco', 'Spain', 'United Kingdom', 'United States of America']",2005-05-03,211643158,144,"['العربية', 'English', 'Italiano', 'Latin']",6.6,1157
133000000,"['Animation', 'Fantasy', 'Family', 'Comedy']",en,Stuart Little,30.48,"['Germany', 'United States of America']",1999-12-17,300135367,84,['English'],5.8,959
105000000,"['Romance', 'Family', 'Animation', 'Music']",en,The Princess and the Frog,62.48,['United States of America'],2009-12-08,267045765,97,"['Français', 'English']",6.7,1247
108000000,"['Drama', 'Adventure', 'Science Fiction']",en,The Martian,167.93,['United States of America'],2015-09-30,630161890,141,"['English', '普通话']",7.6,7268
126000000,"['Action', 'Thriller', 'Science Fiction', 'Adventure']",en,The Island,37.68,['United States of America'],2005-07-20,162949164,136,['English'],6.5,1770
90000000,"['Action', 'Crime', 'Thriller']",en,Gone in Sixty Seconds,53.0,['United States of America'],2000-06-09,237202299,118,['English'],6.1,1485
103000000,"['Action', 'Drama', 'Adventure']",en,Gladiator,95.3,"['United Kingdom', 'United States of America']",2000-05-01,457640427,155,['English'],7.9,5439
102000000,"['Action', 'Thriller', 'Science Fiction', 'Mystery']",en,Minority Report,65.95,['United States of America'],2002-06-20,358372926,145,"['English', 'svenska']",7.1,2608
100000000,"['Adventure', 'Fantasy', 'Family']",en,Harry Potter and the Chamber of Secrets,132.4,"['Germany', 'United Kingdom', 'United States of America']",2002-11-13,876688482,161,['English'],7.4,5815
150000000,"['Adventure', 'Action', 'Thriller']",en,Casino Royale,88.94,"['Italy', 'United Kingdom', 'United States of America', 'Czech Republic', 'Germany']",2006-11-14,599045960,144,"['English', 'Français']",7.3,3855
100000000,"['Thriller', 'Science Fiction', 'Action', 'Adventure']",en,Planet of the Apes,51.19,['United States of America'],2001-07-25,362211740,119,['English'],5.6,1243
100000000,"['Action', 'Thriller', 'Science Fiction']",en,Terminator 2: Judgment Day,101.74,"['France', 'United States of America']",1991-07-01,520000000,137,"['English', 'Español']",7.7,4185
80000000,"['History', 'Crime', 'Drama']",en,Public Enemies,33.69,['United States of America'],2009-07-01,214104620,140,['English'],6.5,1344
100000000,"['Drama', 'Crime']",en,American Gangster,42.36,"['United Kingdom', 'United States of America']",2007-11-02,266465037,157,['English'],7.4,1502
115000000,"['Action', 'Thriller']",en,True Lies,38.73,['United States of America'],1994-07-14,378882411,141,"['English', 'Français', 'العربية', 'Deutsch']",6.8,1116
100000000,"['Thriller', 'Drama', 'Crime']",en,The Taking of Pelham 1 2 3,40.6,['United States of America'],2009-06-11,150166126,106,['English'],6.2,954
100000000,"['Comedy', 'Romance']",en,Little Fockers,32.39,['United States of America'],2010-12-21,310650585,98,['English'],5.4,1060
100000000,"['Action', 'Comedy', 'Crime']",en,The Other Guys,24.4,['United States of America'],2010-08-06,170432927,107,['English'],6.1,1383
100000000,"['Action', 'Drama', 'Mystery', 'Thriller']",en,Eraser,24.51,"['Canada', 'United States of America']",1996-06-21,242295562,115,['English'],5.6,543
100000000,"['Drama', 'Western']",en,Django Unchained,82.12,['United States of America'],2012-12-25,425368238,165,"['English', 'Français', 'Deutsch']",7.8,10099
100000000,"['Drama', 'Animation', 'Family']",en,The Hunchback of Notre Dame,46.73,['United States of America'],1996-06-21,100138851,91,"['Latin', 'English']",6.8,1129
100000000,"['Adventure', 'Animation', 'Comedy', 'Family', 'Fantasy']",en,The Emperor's New Groove,51.11,['United States of America'],2000-12-09,169327687,78,['English'],7.2,1490
100000000,"['Action', 'Adventure', 'Thriller']",en,The Expendables 2,53.73,['United States of America'],2012-08-08,312573423,103,['English'],6.1,2896
100000000,"['Adventure', 'Action', 'Thriller', 'Mystery']",en,National Treasure,58.85,['United States of America'],2004-11-19,347451894,131,"['Latin', 'English', 'Español']",6.4,1926
100000000,"['Fantasy', 'Action', 'Adventure', 'Family']",en,Eragon,30.86,"['United Kingdom', 'United States of America', 'Hungary']",2006-12-14,249288105,104,['English'],4.9,967
100000000,"['Family', 'Fantasy']",en,Where the Wild Things Are,31.59,['United States of America'],2009-10-16,100086793,101,['English'],6.4,572
100000000,"['Animation', 'Adventure', 'Family', 'Fantasy']",en,Epic,36.71,['United States of America'],2013-05-15,268426634,102,['English'],6.4,1121
100000000,"['Action', 'Thriller', 'Romance']",en,The Tourist,41.43,"['United Kingdom', 'United States of America', 'France', 'Italy']",2010-12-08,278731369,103,"['English', 'Français', 'Italiano', 'Pусский', 'Español']",6.0,1699
100000000,"['Action', 'Fantasy', 'Horror', 'Mystery']",en,End of Days,20.65,['United States of America'],1999-11-24,211989043,121,"['English', 'Italiano', 'Latin']",5.5,482
100000000,"['Drama', 'Thriller', 'Action']",en,Blood Diamond,52.79,"['Germany', 'United States of America']",2006-12-07,170877916,143,"['Afrikaans', 'English']",7.3,2281
100000000,"['Crime', 'Drama', 'Comedy']",en,The Wolf of Wall Street,95.01,['United States of America'],2013-12-25,392000694,180,"['Français', 'English']",7.9,6571
100000000,"['Action', 'Crime', 'Fantasy']",en,Batman Forever,48.21,"['United Kingdom', 'United States of America']",1995-05-31,336529144,121,['English'],5.2,1498
105000000,"['Adventure', 'Action', 'Thriller', 'Science Fiction']",en,Starship Troopers,58.78,['United States of America'],1997-11-06,121214377,129,['English'],6.7,1560
102000000,"['Drama', 'Science Fiction']",en,Cloud Atlas,73.87,"['Germany', 'Hong Kong', 'Singapore', 'United States of America']",2012-10-26,130482868,172,['English'],6.6,2977
80000000,"['Animation', 'Adventure', 'Family', 'Fantasy']",en,Legend of the Guardians: The Owls of Ga'Hoole,37.32,"['Australia', 'United States of America']",2010-07-10,140073390,97,['English'],6.5,703
100000000,"['Action', 'Crime']",en,Catwoman,32.27,['United States of America'],2004-07-22,82102379,104,"['Español', 'English']",4.2,808
100000000,"['Action', 'Adventure']",en,Hercules,76.84,['United States of America'],2014-07-23,243400000,99,['English'],5.6,1680
140000000,"['Adventure', 'Animation', 'Family', 'Fantasy', 'Science Fiction']",en,Treasure Planet,38.92,['United States of America'],2002-11-26,109578115,95,['English'],7.2,948
100000000,"['Adventure', 'Comedy', 'Science Fiction']",en,Land of the Lost,19.39,['United States of America'],2009-06-05,68688831,102,['English'],5.3,381
90000000,"['Action', 'Adventure', 'Thriller']",en,The Expendables 3,61.03,"['France', 'United States of America']",2014-08-04,206172544,127,['English'],6.1,1795
105000000,"['Action', 'Crime', 'Thriller']",en,Point Break,33.51,"['Germany', 'United States of America', 'China']",2015-12-03,133718711,114,['English'],5.5,783
100000000,"['Thriller', 'Drama', 'Adventure', 'Action', 'History']",en,In the Heart of the Sea,50.77,['United States of America'],2015-11-20,93820758,122,['English'],6.5,1276
100000000,"['Action', 'Comedy', 'Science Fiction']",en,The Adventures of Pluto Nash,12.09,"['Australia', 'United States of America']",2002-08-15,7103973,95,['English'],4.4,142
100000000,"['War', 'Action', 'Adventure', 'Drama', 'Thriller']",en,Green Zone,30.25,"['Spain', 'United Kingdom', 'United States of America', 'France']",2010-03-11,94882889,115,"['English', 'العربية']",6.4,717
99000000,['Animation'],en,The Peanuts Movie,34.31,['United States of America'],2015-11-05,246233113,88,['English'],6.5,604
10000000,"['Crime', 'Drama', 'Mystery', 'Thriller']",en,The Spanish Prisoner,3.09,['United States of America'],1997-09-08,13835130,110,['English'],7.1,73
98000000,"['Adventure', 'Action', 'Fantasy']",en,The Mummy Returns,41.86,['United States of America'],2001-04-28,433013274,130,"['English', 'العربية']",6.0,2206
100000000,"['Drama', 'History', 'Crime']",en,Gangs of New York,46.16,"['United States of America', 'Italy']",2002-12-14,193772504,167,"['English', 'Gaeilge', 'Latin', '普通话']",7.1,1910
94000000,"['Drama', 'History', 'War']",zh,金陵十三釵,12.52,"['China', 'Hong Kong']",2011-12-15,95311434,145,"['普通话', '日本語', 'English']",7.1,187
85000000,"['Animation', 'Comedy', 'Family']",en,Surf's Up,23.23,['United States of America'],2007-06-08,149044513,85,['English'],5.9,601
90000000,"['Action', 'Comedy', 'Science Fiction']",en,The Stepford Wives,19.22,['United States of America'],2004-06-10,102000000,93,['English'],5.4,334
92000000,"['Action', 'History', 'War']",en,Black Hawk Down,44.46,"['United Kingdom', 'United States of America']",2001-12-28,172989651,144,"['English', 'Somali']",7.2,1811
90000000,"['Adventure', 'Fantasy', 'Action', 'Thriller', 'Science Fiction']",en,The Fifth Element,109.53,['France'],1997-05-07,263920180,126,"['English', 'svenska', 'Deutsch']",7.3,3885
100000000,"['Comedy', 'Drama', 'Romance']",en,Sex and the City 2,18.33,['United States of America'],2010-05-26,288347692,146,"['English', 'العربية']",5.4,426
95000000,"['Adventure', 'Animation', 'Comedy', 'Family']",en,The Road to El Dorado,37.05,['United States of America'],2000-03-31,76432727,89,['English'],7.0,858
95000000,"['Animation', 'Comedy', 'Adventure', 'Family']",en,Ice Age: Continental Drift,65.23,['United States of America'],2012-06-26,877244782,88,['English'],6.2,2672
95000000,"['Romance', 'Fantasy', 'Family', 'Drama']",en,Cinderella,101.19,"['United Kingdom', 'United States of America']",2015-03-12,543514353,105,['English'],6.7,2374
65000000,"['Fantasy', 'Drama']",en,The Lovely Bones,29.26,"['United Kingdom', 'New Zealand', 'United States of America']",2009-12-26,93525586,136,['English'],6.6,1065
94000000,"['Animation', 'Family']",en,Finding Nemo,85.69,['United States of America'],2003-05-30,940335536,100,['English'],7.6,6122
94000000,"['Adventure', 'Fantasy', 'Action']",en,The Lord of the Rings: The Return of the King,123.63,"['New Zealand', 'United States of America']",2003-12-01,1118888979,201,['English'],8.1,8064
79000000,"['Adventure', 'Fantasy', 'Action']",en,The Lord of the Rings: The Two Towers,106.91,"['New Zealand', 'United States of America']",2002-12-18,926287400,179,['English'],8.0,7487
95000000,"['Adventure', 'Fantasy']",en,Seventh Son,63.63,"['China', 'Canada', 'United States of America', 'United Kingdom']",2014-12-12,114178613,102,['English'],5.2,957
115000000,"['Adventure', 'Fantasy', 'Action', 'Thriller']",en,Lara Croft: Tomb Raider,41.5,['United States of America'],2001-06-11,274703340,100,['English'],5.7,2192
100000000,"['Thriller', 'Science Fiction', 'Drama', 'Mystery']",en,Transcendence,58.99,"['China', 'United Kingdom', 'United States of America']",2014-04-16,103039258,119,['English'],5.9,2295
93000000,"['Adventure', 'Action', 'Thriller', 'Science Fiction']",en,Jurassic Park III,1.86,['United States of America'],2001-07-18,368780809,92,"['English', 'Español']",5.7,2077
93000000,"['Thriller', 'Action', 'Drama', 'Science Fiction']",en,Rise of the Planet of the Apes,138.43,['United States of America'],2011-08-03,482860185,105,['English'],7.0,4347
90000000,"['Adventure', 'Family', 'Fantasy']",en,The Spiderwick Chronicles,21.44,['United States of America'],2008-02-14,162839667,95,['English'],6.3,572
92000000,"['Action', 'Thriller']",en,A Good Day to Die Hard,65.4,['United States of America'],2013-02-06,304654182,98,"['English', 'Pусский']",5.2,3493
145000000,"['Western', 'History', 'War']",en,The Alamo,10.66,['United States of America'],2004-04-07,25819961,137,"['English', 'Español']",5.8,106
92000000,"['Action', 'Adventure', 'Animation', 'Family']",en,The Incredibles,77.82,['United States of America'],2004-11-05,631442092,115,"['Français', 'English']",7.4,5152
98000000,"['Action', 'Adventure']",en,Cutthroat Island,7.03,"['France', 'Germany', 'Italy', 'United States of America']",1995-12-22,10017322,119,"['English', 'Latin']",5.7,136
95000000,"['Adventure', 'Fantasy', 'Family']",en,Percy Jackson & the Olympians: The Lightning Thief,61.12,"['Canada', 'United States of America']",2010-02-01,226497209,118,['English'],6.0,2010
90000000,"['Action', 'Adventure', 'Comedy', 'Science Fiction']",en,Men in Black,104.12,['United States of America'],1997-07-02,589390539,98,"['English', 'Español']",6.9,4412
90000000,"['Animation', 'Comedy', 'Family']",en,Toy Story 2,73.58,['United States of America'],1999-10-30,497366869,92,['English'],7.3,3806
100000000,"['Action', 'Thriller']",en,Unstoppable,37.7,['United States of America'],2010-11-04,167805466,98,['English'],6.3,1165
90000000,"['Action', 'Comedy', 'Crime', 'Thriller']",en,Rush Hour 2,35.81,['United States of America'],2001-08-03,347325802,90,"['广州话 / 廣州話', 'English', '普通话']",6.4,1054
100000000,"['Drama', 'Horror', 'Mystery', 'Thriller']",en,What Lies Beneath,15.84,['United States of America'],2000-07-21,155464351,130,['English'],6.3,488
100000000,"['Animation', 'Comedy', 'Family']",en,Cloudy with a Chance of Meatballs,46.78,['United States of America'],2009-09-17,242988466,90,['English'],6.5,1747
90000000,"['Animation', 'Comedy', 'Family', 'Adventure']",en,Ice Age: Dawn of the Dinosaurs,69.46,['United States of America'],2009-06-29,886686817,94,['English'],6.5,2271
90000000,"['Adventure', 'Comedy', 'Drama', 'Fantasy']",en,The Secret Life of Walter Mitty,43.35,['United States of America'],2013-12-18,188133322,114,['English'],7.0,3144
92000000,"['Action', 'Adventure', 'Comedy', 'Crime', 'Thriller']",en,Charlie's Angels,40.2,['United States of America'],2000-11-02,264105545,98,"['English', 'Deutsch', 'suomi', '日本語', '广州话 / 廣州話']",5.6,1232
90000000,"['Drama', 'Thriller', 'Crime']",en,The Departed,63.43,"['Hong Kong', 'United States of America']",2006-10-05,289847354,151,"['English', '广州话 / 廣州話']",7.9,4339
90000000,"['Animation', 'Family', 'Adventure']",en,Mulan,67.43,['United States of America'],1998-06-18,304320254,88,"['English', '普通话']",7.6,2008
92000000,"['Action', 'Comedy']",en,Tropic Thunder,43.19,"['United States of America', 'United Kingdom', 'Germany']",2008-08-09,188072649,107,"['English', '普通话']",6.5,1667
90000000,"['Thriller', 'Crime', 'Mystery', 'Drama']",en,The Girl with the Dragon Tattoo,47.65,"['Norway', 'Sweden', 'United States of America']",2011-12-14,232617430,158,['English'],7.2,2434
90000000,"['Action', 'Thriller']",en,Die Hard: With a Vengeance,51.88,['United States of America'],1995-05-19,366101666,128,"['English', 'Deutsch', 'Română']",6.9,2066
90000000,"['Action', 'Adventure', 'Crime', 'Mystery']",en,Sherlock Holmes,57.83,"['Germany', 'United Kingdom', 'United States of America']",2009-12-23,524028679,128,"['English', 'Français']",7.0,5766
100000000,['Drama'],en,Ben-Hur,29.61,['United States of America'],2016-08-17,94061311,125,['English'],5.3,621
120000000,"['Animation', 'Family', 'Adventure', 'Science Fiction']",en,Atlantis: The Lost Empire,51.55,['United States of America'],2001-06-02,186053725,95,"['English', 'Français', 'Español']",6.7,1224
75000000,"['Drama', 'Thriller', 'History', 'War']",en,Valkyrie,38.83,"['Germany', 'United States of America']",2008-12-25,200276000,121,"['English', 'Deutsch']",6.7,1173
90000000,"['Comedy', 'Action']",en,You Don't Mess with the Zohan,40.6,['United States of America'],2008-06-05,201596308,113,"['English', 'עִבְרִית']",5.5,1048
88000000,"['Action', 'Comedy', 'Science Fiction']",en,Pixels,140.85,['United States of America'],2015-07-16,243637091,105,['English'],5.6,2513
100000000,"['Drama', 'Science Fiction', 'Adventure']",en,A.I. Artificial Intelligence,34.04,['United States of America'],2001-06-29,235926552,146,['English'],6.8,1974
90000000,"['Thriller', 'Fantasy', 'Comedy', 'Family', 'Mystery']",en,The Haunted Mansion,16.3,['United States of America'],2003-11-25,182290266,99,['English'],5.2,466
90000000,"['Drama', 'Science Fiction', 'Mystery']",en,Contact,55.25,['United States of America'],1997-07-11,171120329,150,['English'],7.2,1308
95000000,"['Action', 'Science Fiction', 'Thriller']",en,Hollow Man,28.2,"['Germany', 'United States of America']",2000-08-04,190213455,112,['English'],5.6,634
80000000,"['Crime', 'Thriller']",en,The Interpreter,18.7,"['France', 'Germany', 'United Kingdom', 'United States of America']",2005-04-08,162944923,128,"['English', 'Français', 'Português']",6.2,392
90000000,"['Adventure', 'Family', 'Fantasy']",en,Percy Jackson: Sea of Monsters,40.26,['United States of America'],2013-08-07,174578751,106,['English'],5.9,1648
95000000,"['Action', 'Adventure', 'Fantasy', 'Thriller']",en,Lara Croft Tomb Raider: The Cradle of Life,56.81,"['United States of America', 'Germany', 'Japan', 'United Kingdom']",2003-07-21,156505388,117,"['English', '普通话']",5.5,1418
90000000,"['Action', 'Adventure', 'Comedy', 'Crime', 'Mystery', 'Thriller']",en,Now You See Me 2,51.54,"['Canada', 'China', 'United Kingdom', 'United States of America']",2016-06-02,334901337,129,"['普通话', 'English']",6.7,3235
68000000,"['Thriller', 'Action', 'Romance', 'Science Fiction', 'Adventure']",en,The Saint,20.91,['United States of America'],1997-04-03,118063304,116,"['English', 'Pусский']",5.9,302
92000000,"['Action', 'Crime', 'Thriller']",en,Spy Game,27.17,"['United Kingdom', 'United States of America']",2001-11-18,143049560,126,"['广州话 / 廣州話', 'English', 'Deutsch', 'العربية', 'Français']",6.8,579
90000000,['Science Fiction'],en,Mission to Mars,16.06,['United States of America'],2000-03-10,60874615,114,['English'],5.7,369
90000000,"['Animation', 'Adventure', 'Comedy', 'Family']",en,Rio,46.2,['United States of America'],2011-04-03,484635760,96,"['English', 'Português']",6.5,2166
100000000,"['Comedy', 'Science Fiction']",en,Bicentennial Man,24.94,"['Germany', 'United States of America']",1999-12-17,93700000,131,['English'],6.9,963
90000000,"['Crime', 'Thriller', 'Drama']",en,The Devil's Own,15.35,['United States of America'],1997-03-12,140807547,107,['English'],5.9,290
100000000,"['Drama', 'History', 'Thriller']",en,K-19: The Widowmaker,15.63,"['Canada', 'Germany', 'United Kingdom', 'United States of America']",2002-07-19,35168966,138,['English'],6.1,264
20000000,"['Adventure', 'Fantasy', 'Action']",en,Conan the Barbarian,31.8,['United States of America'],1982-04-02,79114085,129,['English'],6.6,650
88000000,"['Romance', 'Drama', 'History']",en,Cinderella Man,24.1,['United States of America'],2005-06-02,108539911,144,['English'],7.3,616
90000000,"['Fantasy', 'Action', 'Family']",en,The Nutcracker: The Untold Story,3.59,"['United Kingdom', 'Hungary']",2010-11-24,16178959,110,"['Dansk', 'English']",5.4,50
87000000,"['Drama', 'History']",en,Seabiscuit,14.82,['United States of America'],2003-07-22,148336445,141,['English'],6.7,216
92000000,"['Action', 'Adventure', 'Drama']",en,Twister,32.08,['United States of America'],1996-05-10,494471524,113,['English'],6.1,950
90000000,"['Adventure', 'Drama']",en,Cast Away,57.74,['United States of America'],2000-12-22,429632142,143,"['Pусский', 'English']",7.5,3218
100000000,"['Animation', 'Comedy']",en,Happy Feet,37.27,['Australia'],2006-11-16,384335608,108,['English'],5.9,1410
75000000,"['Action', 'Drama', 'Thriller']",en,The Bourne Supremacy,53.21,"['Germany', 'United States of America']",2004-07-23,288500217,108,"['English', 'Pусский', 'Deutsch', 'Italiano']",7.2,2825
85000000,"['Action', 'Thriller']",en,Air Force One,36.39,"['Germany', 'United States of America']",1997-07-25,315156409,124,"['English', 'Pусский']",6.2,840
85000000,"['Thriller', 'Crime']",en,Ocean's Eleven,60.93,['United States of America'],2001-12-07,450717150,116,"['Italiano', 'English']",7.2,3783
75000000,"['Adventure', 'Action', 'Thriller']",en,The Three Musketeers,36.61,"['United States of America', 'Germany', 'France', 'United Kingdom']",2011-08-31,132274484,110,['English'],5.6,924
85000000,"['Animation', 'Comedy', 'Family', 'Fantasy']",en,Hotel Transylvania,56.26,['United States of America'],2012-09-20,358375603,91,['English'],6.8,2566
85000000,"['Comedy', 'Family', 'Fantasy', 'Romance']",en,Enchanted,29.22,['United States of America'],2007-11-20,340487652,107,['English'],6.6,1449
85000000,"['Action', 'Thriller']",en,Safe House,34.77,['United States of America'],2012-02-09,208076205,115,"['English', 'Afrikaans', 'Español']",6.3,1345
85000000,"['Comedy', 'Family']",en,102 Dalmatians,9.9,['United States of America'],2000-10-07,183611771,100,['English'],5.1,313
75000000,"['Action', 'Comedy']",en,Tower Heist,36.74,['United States of America'],2011-11-02,152930623,104,['English'],5.8,932
85000000,"['Comedy', 'Romance']",en,The Holiday,44.97,"['United Kingdom', 'United States of America']",2006-12-08,194168700,136,['English'],6.7,1225
90000000,"['Action', 'Drama', 'Thriller']",en,Enemy of the State,41.21,['United States of America'],1998-11-20,250649836,132,['English'],6.7,1240
85000000,"['Comedy', 'Romance']",en,It's Complicated,16.48,['United States of America'],2009-12-23,219103655,121,"['English', 'Français']",6.2,360
85000000,"['Crime', 'Thriller']",en,Ocean's Thirteen,42.07,['United States of America'],2007-06-07,311312624,122,"['Español', 'English', 'Français']",6.5,1999
85000000,"['Adventure', 'Animation', 'Family']",en,Open Season,26.62,['United States of America'],2006-09-29,197309027,83,['English'],6.1,656
85000000,"['Adventure', 'Action', 'Science Fiction']",en,Divergent,80.32,['United States of America'],2014-03-14,288747895,139,['English'],6.9,4663
68000000,['War'],en,Enemy at the Gates,41.27,"['Ireland', 'United States of America', 'Germany', 'United Kingdom']",2001-03-13,96976270,131,"['Deutsch', 'English', 'Pусский']",7.2,999
85000000,"['Adventure', 'Action', 'Comedy', 'Thriller']",en,The Rundown,24.11,['United States of America'],2003-09-26,80916492,104,"['Português', 'English']",6.4,514
85000000,"['Adventure', 'Fantasy', 'Action', 'Comedy', 'Family']",en,Last Action Hero,32.04,['United States of America'],1993-06-18,137298489,130,['English'],6.1,712
85000000,"['Drama', 'History', 'Romance']",en,Memoirs of a Geisha,16.6,['United States of America'],2005-12-06,162242962,145,"['English', '日本語']",7.3,652
85000000,"['Action', 'Crime', 'Drama', 'Thriller']",en,The Fast and the Furious: Tokyo Drift,8.28,"['Japan', 'United States of America']",2006-06-03,158468292,104,"['English', '日本語']",6.1,1705
90000000,"['Fantasy', 'Drama', 'Mystery']",en,Meet Joe Black,36.07,['United States of America'],1998-11-12,142940100,178,['English'],6.9,1147
85000000,"['Action', 'Thriller', 'Drama']",en,Collateral Damage,18.83,['United States of America'],2002-02-06,78382433,108,"['English', 'Español']",5.5,427
85000000,"['Adventure', 'Fantasy', 'Drama', 'Comedy', 'Science Fiction', 'Family']",en,Mirror Mirror,48.13,['United States of America'],2012-03-15,183018522,106,['English'],5.5,1114
60000000,"['Action', 'Adventure', 'Comedy']",en,Scott Pilgrim vs. the World,38.89,"['United States of America', 'Canada']",2010-07-27,47664559,112,['English'],7.2,2126
60000000,"['Action', 'Thriller', 'Adventure', 'Science Fiction']",en,The Core,29.21,"['United States of America', 'Canada', 'Germany']",2003-03-28,74208267,136,['English'],5.4,516
84000000,"['Fantasy', 'Comedy', 'Romance', 'Science Fiction']",en,Nutty Professor II: The Klumps,17.78,['United States of America'],2000-07-27,123307945,106,['English'],4.7,332
84000000,"['Mystery', 'Adventure', 'Comedy']",en,Scooby-Doo,31.44,['United States of America'],2002-06-14,275650703,88,['English'],5.4,820
50000000,"['Action', 'Science Fiction']",en,Dredd,57.67,"['South Africa', 'United Kingdom', 'United States of America', 'India']",2012-09-07,41037742,95,['English'],6.6,1940
82500000,"['Comedy', 'Drama', 'Fantasy', 'Romance']",en,Click,41.18,['United States of America'],2006-06-22,237681299,107,"['English', 'Português', '日本語']",6.0,2104
8000000,"['Horror', 'Comedy', 'Fantasy']",en,Creepshow,13.66,['United States of America'],1982-11-12,21028755,120,"['English', 'Italiano']",6.7,226
85000000,"['Comedy', 'Family']",en,Cats & Dogs 2 : The Revenge of Kitty Galore,11.77,"['United States of America', 'Australia']",2010-07-30,112483764,82,"['English', 'ภาษาไทย']",4.9,119
85000000,"['Adventure', 'Fantasy', 'Science Fiction']",en,Jumper,21.22,"['Canada', 'United States of America']",2008-02-10,222231186,88,['Français'],5.9,1799
85000000,"['Adventure', 'Fantasy', 'Science Fiction']",en,Hellboy II: The Golden Army,58.58,"['Germany', 'United States of America']",2008-07-11,160388063,120,['English'],6.5,1527
65000000,"['Crime', 'Drama', 'Mystery', 'Thriller']",en,Zodiac,51.97,['United States of America'],2007-03-02,84785914,157,['English'],7.3,2023
82000000,['Science Fiction'],en,The 6th Day,18.45,['United States of America'],2000-11-17,96085477,123,['English'],5.7,595
80000000,"['Fantasy', 'Comedy']",en,Bruce Almighty,109.68,['United States of America'],2003-05-23,484572835,101,['English'],6.4,3012
80000000,"['Thriller', 'Adventure', 'Action']",en,The Expendables,77.58,['United States of America'],2010-08-03,274470394,103,"['English', 'Español']",6.0,2926
80000000,"['Adventure', 'Action', 'Thriller']",en,Mission: Impossible,75.29,['United States of America'],1996-05-22,457696359,110,"['English', 'Français', 'Český']",6.7,2631
75000000,"['Science Fiction', 'Adventure', 'Fantasy']",en,The Hunger Games,68.55,['United States of America'],2012-03-12,691210692,142,['English'],6.9,9455
80000000,['Comedy'],en,The Hangover Part II,58.04,['United States of America'],2011-05-25,254455986,102,"['English', 'ภาษาไทย']",6.2,3739
80000000,"['Action', 'Fantasy']",en,Batman Returns,59.11,"['United Kingdom', 'United States of America']",1992-06-19,280000000,126,['English'],6.6,1673
80000000,"['Comedy', 'Animation', 'Family']",en,Over the Hedge,36.33,['United States of America'],2006-04-22,343397247,83,['English'],6.3,1074
80000000,"['Animation', 'Family']",en,Lilo & Stitch,55.66,['United States of America'],2002-06-21,145771527,85,['English'],7.1,1314
85000000,"['Comedy', 'Family', 'Fantasy']",en,Charlotte's Web,14.13,"['Germany', 'United States of America']",2006-12-15,144000000,97,['English'],5.8,288
75000000,"['Action', 'Drama', 'Romance']",en,Deep Impact,34.07,['United States of America'],1998-05-08,140464664,120,['English'],5.9,855
82000000,"['Comedy', 'Drama']",en,The Longest Yard,26.07,['United States of America'],2005-05-19,190320568,113,['English'],6.2,785
75000000,"['Comedy', 'Fantasy', 'Family', 'Music', 'Animation']",en,Alvin and the Chipmunks: Chipwrecked,23.47,['United States of America'],2011-12-14,342695435,87,['English'],5.4,484
80000000,['Comedy'],en,Grown Ups 2,45.59,['United States of America'],2013-07-11,246984278,100,['English'],5.8,1155
80000000,"['Action', 'Comedy', 'Thriller']",en,Get Smart,23.5,"['Canada', 'Russia', 'United States of America']",2008-06-19,230685453,110,"['English', 'Pусский']",6.0,1051
80000000,"['Drama', 'Comedy', 'Romance']",en,Something's Gotta Give,16.94,['United States of America'],2003-12-12,266728738,128,"['Français', 'English']",6.3,410
80000000,"['Drama', 'Thriller', 'Mystery']",en,Shutter Island,81.91,['United States of America'],2010-02-18,294804195,138,"['English', 'Deutsch']",7.8,6336
80000000,"['Comedy', 'Romance', 'Drama']",en,Four Christmases,19.5,['United States of America'],2008-11-26,163733697,88,['English'],5.3,331
75000000,"['Animation', 'Comedy', 'Family', 'Science Fiction']",en,Robots,29.56,['United States of America'],2005-03-10,260696994,91,"['English', 'Italiano']",6.0,1333
80000000,"['Action', 'Crime', 'Science Fiction', 'Thriller']",en,Face/Off,46.08,['United States of America'],1997-06-27,245676146,138,"['English', 'Latin']",6.8,1583
80000000,"['Fantasy', 'Comedy', 'Family', 'Romance']",en,Bedtime Stories,23.53,['United States of America'],2008-12-24,212874442,99,['English'],5.9,901
80000000,"['Thriller', 'Crime', 'Drama']",en,Road to Perdition,49.08,['United States of America'],2002-07-12,181001478,117,['English'],7.3,1077
80000000,"['Romance', 'Comedy']",en,Just Go with It,37.03,['United States of America'],2011-02-10,214918407,117,['English'],6.3,1543
75000000,"['Action', 'Thriller', 'Crime']",en,Con Air,45.15,['United States of America'],1997-06-01,224012234,115,['English'],6.5,1270
80000000,"['Mystery', 'Thriller', 'Action']",en,Eagle Eye,46.89,"['United States of America', 'Germany']",2008-09-25,178066569,118,['English'],6.3,1018
79000000,['Drama'],en,Cold Mountain,24.6,"['United States of America', 'United Kingdom', 'Romania', 'Italy']",2003-12-24,173013509,154,['English'],6.7,533
80000000,"['Action', 'Thriller', 'Science Fiction']",en,The Book of Eli,32.36,['United States of America'],2010-01-14,157107755,118,['English'],6.6,2164
80000000,"['Comedy', 'Family', 'Science Fiction']",en,Flubber,11.5,['United States of America'],1997-11-26,177977226,93,['English'],5.3,695
80000000,"['Horror', 'Thriller', 'Fantasy', 'Mystery']",en,The Haunting,19.38,['United States of America'],1999-07-23,91188905,113,['English'],5.2,369
80000000,"['Animation', 'Comedy', 'Drama', 'Family', 'Fantasy']",en,Space Jam,36.13,['United States of America'],1996-11-15,250200000,88,['English'],6.5,1288
80000000,"['Drama', 'Science Fiction', 'Thriller']",en,The Day the Earth Stood Still,41.89,"['Canada', 'United States of America']",2008-12-10,233093859,104,"['普通话', 'English']",5.2,1043
75000000,"['Action', 'Drama', 'Mystery', 'Thriller']",en,Conspiracy Theory,22.18,['United States of America'],1997-08-07,136982834,135,['English'],6.5,431
68000000,"['War', 'Drama', 'Action']",en,Fury,139.58,"['United Kingdom', 'United States of America', 'China']",2014-10-15,211817906,135,['English'],7.4,3946
70000000,"['Action', 'Adventure', 'Comedy', 'Romance']",en,Six Days Seven Nights,18.26,['United States of America'],1998-06-12,164000000,98,"['English', 'Deutsch', 'ภาษาไทย']",5.6,332
80000000,"['Comedy', 'Family', 'Animation', 'Adventure']",en,Yogi Bear,11.19,"['United States of America', 'New Zealand']",2010-12-11,201584141,80,['English'],5.2,220
80000000,"['Western', 'Animation', 'Adventure', 'Comedy', 'Family']",en,Spirit: Stallion of the Cimarron,41.67,['United States of America'],2002-05-24,122563539,83,['English'],7.4,831
80000000,"['Comedy', 'Romance', 'Family']",en,Zookeeper,27.46,['United States of America'],2011-07-06,169852759,102,['English'],5.3,498
80000000,"['Adventure', 'Family', 'Science Fiction']",en,Lost in Space,17.46,['United States of America'],1998-04-03,136159423,130,['English'],5.0,388
80000000,"['Drama', 'Thriller', 'Mystery']",en,The Manchurian Candidate,21.39,['United States of America'],2004-07-30,96105964,129,['English'],6.2,393
80000000,"['Animation', 'Comedy', 'Family']",en,Hotel Transylvania 2,61.69,['United States of America'],2015-09-21,473226958,89,"['English', 'ภาษาไทย']",6.7,1497
80000000,"['Animation', 'Family', 'Music']",en,Fantasia 2000,14.53,['United States of America'],1999-12-17,90874570,74,['English'],7.0,292
80000000,"['Science Fiction', 'Adventure', 'Action']",en,The Time Machine,25.98,['United States of America'],2002-03-04,123729176,96,['English'],5.8,631
102000000,"['Action', 'Crime', 'Thriller']",en,Swordfish,36.79,"['Australia', 'United States of America']",2001-06-07,147080413,99,"['Deutsch', 'English']",6.1,932
75000000,"['Action', 'Adventure']",en,The Legend of Zorro,31.05,"['Mexico', 'United States of America']",2005-10-24,142400065,129,"['English', 'Italiano', 'Español']",5.9,893
85000000,"['Drama', 'Fantasy', 'Romance']",en,What Dreams May Come,21.89,"['New Zealand', 'United States of America']",1998-10-02,71485043,113,['English'],6.8,577
88000000,"['Adventure', 'Fantasy', 'Action', 'Comedy', 'Thriller']",en,The Brothers Grimm,40.14,"['Czech Republic', 'United Kingdom', 'United States of America']",2005-08-26,105316267,118,"['English', 'Français', 'Deutsch', 'Italiano']",5.6,818
70000000,"['Comedy', 'Fantasy', 'Science Fiction']",en,Mars Attacks!,44.09,['United States of America'],1996-12-12,101371017,106,"['English', 'Français']",6.1,1509
80000000,"['Action', 'Science Fiction', 'Thriller']",en,Surrogates,36.66,['United States of America'],2009-09-24,122444772,89,"['English', 'Français']",5.9,1195
80000000,"['Drama', 'Thriller']",en,Thirteen Days,18.26,['United States of America'],2000-12-24,34566746,145,"['English', 'Pусский']",6.9,189
80000000,"['Action', 'Adventure', 'Thriller']",en,Daylight,16.68,['United States of America'],1996-12-06,159212469,115,['English'],5.8,378
80000000,"['Animation', 'Family', 'Adventure']",en,Walking With Dinosaurs,10.09,"['Australia', 'India', 'United Kingdom', 'United States of America']",2013-12-18,126546518,87,['English'],5.2,133
44000000,"['Action', 'Science Fiction', 'War']",en,Battlefield Earth,7.89,['United States of America'],2000-05-10,21400000,118,"['English', 'Français']",3.0,255
80000000,"['Animation', 'Comedy', 'Family']",en,Looney Tunes: Back in Action,16.72,"['Germany', 'United States of America']",2003-11-14,68514844,90,['English'],5.6,297
80000000,"['Drama', 'Music', 'Romance']",en,Nine,9.36,"['Italy', 'United States of America']",2009-12-03,53825515,112,"['English', 'Français', 'Italiano']",5.1,165
80000000,"['Action', 'Adventure', 'Science Fiction']",en,Timeline,11.22,['United States of America'],2003-11-26,19480739,116,"['English', 'Français']",5.4,318
80000000,"['Drama', 'Adventure']",en,The Postman,14.56,['United States of America'],1997-12-25,17626234,177,"['English', 'Français']",6.1,299
90000000,"['Adventure', 'Comedy', 'Drama', 'Family', 'Fantasy']",en,Babe: Pig in the City,11.36,['Australia'],1998-11-25,69131860,92,['English'],5.2,305
90000000,"['Fantasy', 'Action', 'Adventure']",en,The Last Witch Hunter,52.61,['United States of America'],2015-10-21,146936910,106,['English'],5.7,1316
80000000,"['Thriller', 'Action', 'Science Fiction']",en,Red Planet,13.8,"['Australia', 'United States of America']",2000-11-10,33463969,106,['English'],5.4,267
86000000,"['Adventure', 'Fantasy', 'Animation', 'Family']",en,Arthur et les Minimoys,27.1,['France'],2006-12-13,107944236,94,['English'],6.0,639
80000000,"['Thriller', 'Science Fiction', 'Adventure', 'Action']",en,A Sound of Thunder,7.34,"['Czech Republic', 'Germany', 'United Kingdom', 'United States of America']",2005-05-15,5989640,110,"['English', '普通话']",4.8,111
130000000,"['Action', 'Adventure', 'History', 'Romance', 'Drama']",en,Pompeii,50.56,"['Canada', 'Germany', 'United States of America']",2014-02-18,117831631,105,['English'],5.2,1267
60000000,"['Drama', 'Romance']",en,A Beautiful Mind,59.25,['United States of America'],2001-12-11,313542341,135,['English'],7.7,3009
45000000,"['Family', 'Animation', 'Drama']",en,The Lion King,90.46,['United States of America'],1994-06-23,788241776,89,['English'],8.0,5376
79000000,"['Adventure', 'Action', 'Science Fiction']",en,Journey 2: The Mysterious Island,40.72,['United States of America'],2012-01-19,355692760,94,['English'],5.8,1030
78000000,"['Animation', 'Family', 'Comedy']",en,Cloudy with a Chance of Meatballs 2,41.25,['United States of America'],2013-09-26,248384621,95,['English'],6.4,915
78000000,"['Crime', 'Thriller', 'Horror']",en,Red Dragon,10.08,"['Germany', 'United States of America']",2002-09-29,209196298,124,['English'],6.7,1115
100000000,"['Western', 'Adventure']",en,Hidalgo,16.76,"['United States of America', 'Morocco']",2004-03-05,108103450,136,['English'],6.5,318
79000000,['Comedy'],en,Jack and Jill,22.13,['United States of America'],2011-11-11,149673788,91,['English'],4.1,604
76000000,"['Action', 'Crime', 'Thriller']",en,2 Fast 2 Furious,10.52,['United States of America'],2003-06-05,236350661,107,"['English', 'Español']",6.2,2028
64000000,"['Adventure', 'Animation', 'Fantasy']",en,The Little Prince,35.38,['France'],2015-07-29,97571250,92,['English'],7.6,756
80000000,"['Science Fiction', 'Thriller']",en,The Invasion,15.67,"['United States of America', 'Australia']",2007-08-17,15071514,99,"['Pусский', 'English']",5.7,359
76000000,"['Action', 'Adventure', 'Animation', 'Comedy', 'Family']",en,The Adventures of Rocky & Bullwinkle,8.98,"['Germany', 'United States of America']",2000-06-30,35134820,88,['Pусский'],3.9,87
75000000,"['Animation', 'Family']",en,The Secret Life of Pets,31.48,['United States of America'],2016-06-18,875958308,87,['English'],5.9,3462
78000000,"['Fantasy', 'Action', 'Thriller', 'Science Fiction']",en,The League of Extraordinary Gentlemen,47.44,"['Czech Republic', 'Germany', 'United Kingdom', 'United States of America']",2003-07-11,179265204,110,"['English', 'Deutsch', 'Italiano']",5.7,1155
76000000,"['Animation', 'Comedy', 'Family']",en,Despicable Me 2,136.89,['United States of America'],2013-06-25,970761885,98,['English'],7.0,4637
75000000,"['Action', 'Adventure', 'Science Fiction']",en,Independence Day,60.44,['United States of America'],1996-06-25,816969268,145,['English'],6.7,3260
73000000,"['Adventure', 'Action', 'Science Fiction']",en,The Lost World: Jurassic Park,2.5,['United States of America'],1997-05-23,229074524,129,['English'],6.2,2487
75000000,"['Family', 'Animation']",en,Madagascar,48.11,['United States of America'],2005-05-25,532680671,86,"['English', 'Français', 'Português', 'Español', 'ภาษาไทย']",6.6,3237
76000000,"['Drama', 'Action', 'Thriller', 'Science Fiction']",en,Children of Men,35.39,"['United Kingdom', 'United States of America']",2006-09-22,69959751,109,['English'],7.4,2071
75000000,"['Adventure', 'Action', 'Science Fiction']",en,X-Men,4.67,['United States of America'],2000-07-13,296339527,104,['English'],6.8,4097
75000000,"['Action', 'Thriller', 'Crime']",en,Wanted,73.82,"['Germany', 'United States of America']",2008-06-19,258270008,110,['English'],6.4,2528
75000000,"['Action', 'Adventure', 'Thriller']",en,The Rock,51.47,['United States of America'],1996-06-06,335062621,136,['English'],6.9,1456
80000000,"['Animation', 'Family', 'Comedy', 'Adventure']",en,Ice Age: The Meltdown,85.12,['United States of America'],2006-03-23,660940780,91,['English'],6.5,2951
75000000,"['Comedy', 'Romance']",en,50 First Dates,61.44,['United States of America'],2004-02-13,196482882,99,['English'],6.6,2105
50000000,"['Family', 'Comedy', 'Music', 'Romance']",en,Hairspray,31.16,"['United Kingdom', 'United States of America']",2007-07-13,90450008,117,['English'],6.5,709
80000000,"['Horror', 'Mystery', 'Thriller']",en,Exorcist: The Beginning,15.76,['United States of America'],2004-08-20,78000586,114,['English'],4.7,183
75000000,"['Thriller', 'Crime']",en,Now You See Me,71.12,"['United States of America', 'France']",2013-05-29,117698894,115,"['Français', 'English']",7.3,5487
80000000,['Comedy'],en,Grown Ups,38.86,['United States of America'],2010-06-24,271430189,102,['English'],6.0,1705
60000000,"['Comedy', 'Drama']",en,The Terminal,57.75,['United States of America'],2004-06-17,219417255,128,"['български език', 'English', 'Français', 'Pусский', 'Español']",7.0,1910
35000000,"['Comedy', 'Family']",en,Hotel for Dogs,13.26,['United States of America'],2009-01-16,73034460,100,['English'],5.7,202
75000000,"['Action', 'Adventure', 'Thriller']",en,Vertical Limit,13.32,"['New Zealand', 'Pakistan', 'United States of America']",2000-12-08,215663859,124,"['English', 'اردو']",5.9,283
75000000,"['Comedy', 'Drama', 'History']",en,Charlie Wilson's War,18.7,['United States of America'],2007-12-19,119000410,102,"['العربية', 'English', 'Pусский', 'اردو', 'עִבְרִית']",6.5,338
75000000,"['Animation', 'Action', 'Comedy', 'Family']",en,Shark Tale,47.09,['United States of America'],2004-09-20,367275019,90,['English'],5.8,1557
70000000,['Drama'],en,Dreamgirls,14.49,['United States of America'],2006-12-25,154937680,134,['English'],6.6,284
53000000,"['Comedy', 'Crime']",en,Be Cool,18.61,['United States of America'],2005-03-04,95226116,118,"['English', 'Pусский']",5.4,292
70000000,"['Drama', 'Action', 'History', 'Thriller']",en,Munich,29.04,"['Canada', 'United States of America', 'France']",2005-12-22,130358911,164,"['العربية', 'Deutsch', 'ελληνικά', 'English', 'Français', 'עִבְרִית', 'Italiano', 'Pусский']",6.9,696
70000000,"['Action', 'Drama', 'War']",en,Tears of the Sun,27.06,['United States of America'],2003-03-07,85632458,121,['English'],6.4,573
75000000,"['Action', 'Comedy', 'Thriller', 'Romance']",en,Killers,23.0,['United States of America'],2010-06-04,98159963,100,['English'],5.7,772
75000000,"['Comedy', 'Action', 'Adventure']",en,The Man from U.N.C.L.E.,48.74,['United States of America'],2015-08-13,108145109,116,"['Italiano', 'English', 'Pусский', 'Deutsch']",7.1,2265
80000000,['Comedy'],en,Spanglish,14.21,['United States of America'],2004-12-17,55041367,130,"['Español', 'English']",5.8,369
75000000,"['Animation', 'Comedy', 'Family', 'Fantasy']",en,Monster House,36.37,['United States of America'],2006-07-21,140175006,91,['English'],6.3,874
75000000,"['Action', 'Comedy', 'Crime', 'Romance']",en,Bandits,24.35,['United States of America'],2001-10-12,67631903,123,['English'],6.2,302
55000000,"['Action', 'Adventure', 'Drama', 'Romance']",en,First Knight,19.14,['United States of America'],1995-07-07,127600435,134,"['English', 'Français']",5.9,311
75000000,"['Fantasy', 'Action', 'Drama']",en,Immortals,37.92,['United States of America'],2011-11-10,226904017,110,"['ελληνικά', 'English']",5.7,880
52000000,"['Mystery', 'Drama', 'Thriller', 'Crime']",en,Hostage,23.66,"['Germany', 'United States of America']",2005-03-09,77944725,113,['English'],6.2,512
75000000,"['Animation', 'Action', 'Science Fiction', 'Family', 'Adventure']",en,Titan A.E.,14.44,['United States of America'],2000-06-16,36754634,94,"['English', '普通话']",6.3,313
75000000,"['Action', 'Adventure', 'Comedy', 'Thriller']",en,Hollywood Homicide,10.61,['United States of America'],2003-06-09,51142659,116,['English'],5.0,166
75000000,"['Action', 'War', 'Science Fiction']",en,Soldier,11.87,['United States of America'],1998-10-23,14567883,99,['English'],6.1,221
75000000,"['Adventure', 'Fantasy', 'Animation', 'Action', 'Comedy']",en,Monkeybone,8.1,['United States of America'],2001-02-23,5409517,93,['English'],4.3,78
45000000,"['Action', 'Adventure', 'Drama', 'Thriller']",en,Flight of the Phoenix,20.37,['United States of America'],2004-12-17,21009180,113,['English'],5.7,276
75000000,"['Science Fiction', 'Thriller', 'Drama']",en,Unbreakable,42.01,['United States of America'],2000-11-13,248118121,106,['English'],6.9,1946
74000000,"['Family', 'Animation', 'Adventure', 'Comedy']",en,Minions,875.58,['United States of America'],2015-06-17,1156730962,91,['English'],6.4,4571
82000000,"['Action', 'Fantasy', 'Thriller']",en,Sucker Punch,39.13,['United States of America'],2011-03-24,89792502,110,"['English', 'Deutsch']",5.9,1623
73000000,"['Crime', 'Mystery']",en,Snake Eyes,20.79,"['Canada', 'United States of America']",1998-08-07,103891409,98,"['Český', 'English']",5.8,327
75000000,['Science Fiction'],en,Sphere,18.66,['United States of America'],1998-02-13,13100000,134,['English'],5.8,476
73000000,"['Family', 'Animation']",en,The Angry Birds Movie,45.72,"['Finland', 'United States of America']",2016-05-11,349779543,97,['English'],5.9,1022
70000000,"['Romance', 'Comedy', 'Adventure']",en,Fool's Gold,21.79,['United States of America'],2008-02-07,111231041,112,['English'],5.4,444
75000000,"['Comedy', 'Drama']",en,Funny People,20.2,['United States of America'],2009-07-31,61458982,146,['English'],5.7,390
70000000,"['Thriller', 'Action', 'Drama']",en,The Kingdom,26.12,"['Germany', 'United States of America']",2007-08-22,86658558,110,"['العربية', 'English']",6.5,513
72500000,['Comedy'],en,Talladega Nights: The Ballad of Ricky Bobby,12.6,['United States of America'],2006-08-04,162966177,116,['English'],6.2,491
70000000,"['Comedy', 'Family', 'Romance', 'Fantasy']",en,Dr. Dolittle 2,13.54,['United States of America'],2001-06-22,176104344,87,['English'],4.9,410
72000000,"['Action', 'Drama', 'History', 'War']",en,Braveheart,60.72,['United States of America'],1995-05-24,210000000,177,"['English', 'Français', 'Latin', '']",7.7,3336
72000000,"['Drama', 'War']",en,Jarhead,32.23,"['Germany', 'United States of America']",2005-11-04,96889998,125,"['English', 'Español', 'العربية', 'Latin']",6.6,765
75000000,"['Animation', 'Comedy', 'Family']",en,The Simpsons Movie,46.88,['United States of America'],2007-07-25,527068851,87,['English'],6.9,2264
72000000,"['Drama', 'Romance']",en,The Majestic,11.22,['United States of America'],2001-12-21,37317558,152,['English'],6.6,188
94000000,['Action'],en,Driven,8.47,"['Australia', 'Canada', 'United States of America']",2001-04-27,54744738,116,"['English', 'Deutsch', 'Español']",4.5,179
74500000,"['Adventure', 'Drama', 'Family']",en,Deux frères,8.88,"['France', 'United Kingdom']",2004-04-07,62172050,109,"['English', 'Français', 'ภาษาไทย']",6.9,180
60000000,"['Drama', 'Mystery', 'Thriller']",en,The Village,27.49,['United States of America'],2004-07-30,256697520,108,['English'],6.2,1071
71000000,"['Comedy', 'Family', 'Fantasy']",en,Doctor Dolittle,21.46,['United States of America'],1998-06-22,294456605,85,['English'],5.4,686
72000000,"['Drama', 'Thriller', 'Science Fiction', 'Mystery']",en,Signs,28.85,['United States of America'],2002-08-02,408247917,106,"['English', 'Português']",6.4,1599
150000000,"['Adventure', 'Animation', 'Comedy', 'Family', 'Fantasy']",en,Shrek 2,47.32,['United States of America'],2004-05-19,919838758,93,['English'],6.7,2988
120000000,"['Animation', 'Adventure', 'Comedy', 'Family']",en,Cars,82.64,['United States of America'],2006-06-08,461983149,117,"['English', 'Italiano', '日本語', '']",6.6,3877
70000000,"['Comedy', 'Romance']",en,Runaway Bride,20.23,['United States of America'],1999-07-30,309457509,116,['English'],5.7,455
70000000,"['Action', 'Adventure', 'Thriller']",en,xXx,46.22,['United States of America'],2002-08-09,277448382,124,"['Český', 'English', 'Deutsch', 'Español', 'Pусский']",5.8,1424
74000000,"['Animation', 'Adventure', 'Comedy', 'Family']",en,The SpongeBob Movie: Sponge Out of Water,36.95,['United States of America'],2015-02-05,311594032,93,['English'],5.8,719
80000000,"['Action', 'Thriller']",en,Ransom,16.41,['United States of America'],1996-11-08,309492681,117,['English'],6.4,470
70000000,"['Drama', 'Action', 'Thriller', 'War']",en,Inglourious Basterds,72.6,"['Germany', 'United States of America']",2009-08-18,319131050,153,"['Deutsch', 'English', 'Français', 'Italiano']",7.9,6430
70000000,"['Adventure', 'Fantasy', 'Comedy', 'Family']",en,Hook,33.65,['United States of America'],1991-12-11,300854823,144,['English'],6.6,1532
70000000,"['Action', 'Thriller']",en,Die Hard 2,57.7,['United States of America'],1990-07-02,240031094,124,"['English', 'Español']",6.6,1896
80000000,"['Action', 'Thriller', 'Crime']",en,S.W.A.T.,34.05,['United States of America'],2003-08-08,116643346,117,"['English', 'Español', 'Français']",5.8,770
68000000,"['Drama', 'Mystery', 'Romance', 'Science Fiction', 'Thriller']",en,Vanilla Sky,27.3,['United States of America'],2001-12-10,203388341,136,['English'],6.5,1078
75000000,"['Drama', 'Thriller', 'Fantasy', 'Mystery']",en,Lady in the Water,20.22,['United States of America'],2006-07-21,42285169,110,['English'],5.3,409
70000000,"['Adventure', 'Science Fiction', 'Action']",en,AVP: Alien vs. Predator,42.96,"['Canada', 'Czech Republic', 'Germany', 'United Kingdom', 'United States of America']",2004-08-12,171183863,101,"['Italiano', 'English']",5.5,1217
75000000,"['Comedy', 'Family', 'Animation', 'Fantasy', 'Music']",en,Alvin and the Chipmunks: The Squeakquel,29.41,['United States of America'],2009-12-21,443140005,88,"['English', 'Français']",5.4,666
75000000,"['Action', 'History', 'War']",en,We Were Soldiers,19.71,"['Germany', 'United States of America']",2002-03-01,114660784,138,"['English', 'Tiếng Việt', 'Français']",6.7,521
70000000,"['Action', 'Thriller']",en,Olympus Has Fallen,59.43,['United States of America'],2013-03-20,161025640,120,"['English', '한국어/조선말']",6.2,2981
70000000,"['Science Fiction', 'Action', 'Adventure', 'Thriller']",en,Star Trek: Insurrection,19.71,['United States of America'],1998-12-10,118000000,103,['English'],6.3,391
70000000,"['Action', 'Science Fiction']",en,Battle: Los Angeles,49.2,['United States of America'],2011-03-08,202466756,116,['English'],5.5,1448
70000000,"['Adventure', 'Fantasy', 'Drama']",en,Big Fish,46.2,['United States of America'],2003-12-25,122919055,125,['English'],7.6,1994
66000000,"['Drama', 'War']",en,War Horse,29.51,['United States of America'],2011-12-25,177584879,146,['English'],7.0,992
70000000,"['War', 'Drama', 'History', 'Action']",en,The Monuments Men,43.87,"['Germany', 'United States of America']",2014-01-24,154984035,118,"['English', 'Deutsch', 'Pусский', 'Français']",5.8,1523
70000000,"['Adventure', 'Action', 'Thriller', 'Science Fiction']",en,The Abyss,24.96,['United States of America'],1989-08-09,90000098,139,['English'],7.1,808
70000000,"['Drama', 'Crime']",en,Wall Street: Money Never Sleeps,23.26,['United States of America'],2010-09-02,134748021,133,['English'],5.8,493
70000000,"['Horror', 'Action', 'Drama', 'Fantasy', 'War']",en,Dracula Untold,64.46,['United States of America'],2014-10-01,215529201,92,['English'],6.2,2389
70000000,"['Drama', 'Action', 'Thriller', 'Crime']",en,The Siege,20.09,['United States of America'],1998-11-06,116672912,116,"['Español', 'English', 'العربية']",6.0,352
70000000,"['Adventure', 'Fantasy', 'Romance', 'Family']",en,Stardust,48.03,"['Iceland', 'United Kingdom', 'United States of America']",2007-08-09,135560026,127,['English'],7.1,1184
70000000,"['Adventure', 'Drama', 'History']",en,Seven Years in Tibet,16.93,['United States of America'],1997-09-12,131457682,136,['English'],7.0,630
70000000,"['Comedy', 'Drama']",en,The Dilemma,14.78,['United States of America'],2011-01-13,67112664,111,['English'],5.2,304
70000000,"['Action', 'Adventure', 'Comedy', 'Thriller']",en,Bad Company,14.09,['United States of America'],2002-06-07,65977295,116,['English'],5.4,228
60000000,"['Adventure', 'Action', 'Horror']",en,Doom,29.26,"['Czech Republic', 'Germany', 'United Kingdom', 'United States of America']",2005-10-20,55987321,105,"['日本語', 'English']",5.0,609
70000000,"['Action', 'Adventure', 'Comedy', 'Thriller']",en,I Spy,13.27,['United States of America'],2002-10-31,33561137,97,"['English', 'Magyar', 'Pусский']",5.2,269
70000000,"['Fantasy', 'Action', 'Horror']",en,Underworld: Awakening,58.4,['United States of America'],2012-01-19,160112671,88,"['English', 'Pусский']",6.1,1862
75000000,"['Comedy', 'Drama', 'Music', 'Romance']",en,Rock of Ages,23.52,['United States of America'],2012-06-13,59418613,123,"['English', 'ภาษาไทย']",6.0,385
70000000,"['Drama', 'War']",en,Hart's War,14.24,['United States of America'],2002-02-15,32287044,125,"['English', 'Deutsch']",5.9,241
66000000,"['Action', 'Adventure', 'Thriller']",en,Killer Elite,29.5,"['Australia', 'United States of America']",2011-09-23,57777106,116,['English'],6.1,695
70000000,"['Action', 'Adventure', 'Thriller']",en,Ballistic: Ecks vs. Sever,8.37,"['Germany', 'United States of America']",2002-09-20,19924033,91,"['English', 'Español']",4.3,97
70000000,['Thriller'],en,Hard Rain,10.93,"['Denmark', 'France', 'New Zealand', 'United Kingdom', 'United States of America']",1998-01-16,19870567,97,['English'],5.5,179
75000000,"['Adventure', 'Animation', 'Action', 'Comedy', 'Family']",en,Osmosis Jones,10.55,['United States of America'],2001-08-07,13596911,95,['English'],5.9,228
70000000,"['Animation', 'Music', 'Family']",en,Legends of Oz: Dorothy's Return,6.68,"['India', 'United States of America']",2013-06-13,18662027,88,['English'],5.9,43
70000000,"['Crime', 'Drama', 'Mystery']",en,Blackhat,46.83,['United States of America'],2015-01-13,17752940,133,"['English', 'Italiano', '普通话', 'Español']",5.1,826
70000000,"['Mystery', 'Action', 'Thriller', 'Science Fiction', 'Adventure']",en,Sky Captain and the World of Tomorrow,24.66,"['United Kingdom', 'United States of America']",2004-09-17,57958696,107,"['', 'Deutsch', 'English']",5.7,439
70000000,"['Crime', 'Mystery', 'Thriller']",en,Basic Instinct 2,13.48,"['Germany', 'United Kingdom', 'United States of America']",2006-03-29,38629478,114,"['English', 'Deutsch']",4.6,180
50000000,"['Action', 'Thriller']",en,Escape Plan,44.48,['United States of America'],2013-10-09,122915111,115,"['English', 'Deutsch', 'العربية', 'اردو']",6.7,1659
70000000,"['Action', 'Adventure']",en,The Legend of Hercules,25.02,['United States of America'],2014-01-10,61279452,99,['English'],4.4,533
68000000,"['Thriller', 'Action', 'Drama']",en,The Sum of All Fears,22.39,['United States of America'],2002-05-31,193000000,124,"['العربية', 'English', 'Pусский', 'Український', 'Deutsch']",5.9,437
68000000,"['Adventure', 'Fantasy', 'Drama', 'Romance']",en,The Twilight Saga: Eclipse,107.07,['United States of America'],2010-06-23,698491347,124,['English'],5.8,2301
68000000,"['Action', 'Crime', 'Thriller']",en,The Score,22.57,"['Germany', 'United States of America']",2001-07-13,71069884,124,"['English', 'Français']",6.7,423
69000000,"['Animation', 'Family']",en,Despicable Me,113.86,['United States of America'],2010-07-08,543513985,95,['English'],7.1,6478
60000000,"['Action', 'Comedy', 'Crime']",en,Money Train,10.0,['United States of America'],1995-11-21,35431113,103,['English'],5.4,222
68000000,['Comedy'],en,Ted 2,68.73,['United States of America'],2015-06-25,217022588,115,['English'],6.2,2463
70000000,"['Adventure', 'Drama', 'History']",en,Agora,18.89,['Spain'],2009-05-17,39041505,127,['English'],6.9,395
68000000,"['Adventure', 'Fantasy', 'Action', 'Comedy', 'Science Fiction']",en,Mystery Men,12.95,['United States of America'],1999-08-06,29762011,121,['English'],5.7,250
36000000,['Comedy'],en,Hall Pass,27.12,['United States of America'],2011-02-25,83160734,105,['English'],5.4,611
90000000,"['Drama', 'Thriller']",en,The Insider,26.15,['United States of America'],1999-10-28,60289912,157,"['العربية', 'English', '日本語', 'فارسی']",7.3,481
80000000,"['Action', 'Drama', 'History', 'Thriller']",en,The Finest Hours,28.22,['United States of America'],2016-01-25,52099090,114,['English'],6.3,588
70000000,"['Action', 'Drama', 'Thriller']",en,Body of Lies,37.51,"['United States of America', 'United Kingdom']",2008-10-10,113280098,128,"['العربية', 'English']",6.5,895
69000000,['Comedy'],en,Dinner for Schmucks,11.02,['United States of America'],2010-07-30,86387857,114,['English'],5.5,531
69000000,"['Action', 'Fantasy', 'Horror']",en,Abraham Lincoln: Vampire Hunter,38.63,['United States of America'],2012-06-20,112265139,94,['English'],5.5,1269
66000000,"['Romance', 'Drama', 'Mystery']",en,Entrapment,25.88,"['United Kingdom', 'United States of America']",1999-04-29,212404396,112,['English'],6.0,602
66000000,"['Mystery', 'Science Fiction', 'Thriller']",en,The X Files,18.6,"['Canada', 'United States of America']",1998-06-19,189198313,121,['English'],6.6,488
67000000,"['Action', 'Adventure', 'Fantasy', 'War']",en,The Last Legion,12.28,"['United Kingdom', 'Italy', 'France', 'Tunisia']",2007-04-19,25303038,102,['English'],5.0,207
70000000,"['Drama', 'History', 'War']",en,Saving Private Ryan,76.04,['United States of America'],1998-07-24,481840909,169,"['Český', 'Deutsch', 'English', 'Français']",7.9,5048
66000000,"['Action', 'Crime', 'Drama', 'Thriller']",en,Need for Speed,54.81,"['Philippines', 'United States of America', 'United Kingdom', 'France']",2014-03-13,203277636,130,['English'],6.1,1520
70000000,"['Comedy', 'Romance']",en,What Women Want,31.39,['United States of America'],2000-12-15,374111707,127,"['English', 'Français']",6.1,992
59000000,"['Animation', 'Comedy', 'Family', 'Adventure']",en,Ice Age,99.56,['United States of America'],2002-03-10,383257136,81,['English'],7.1,3857
68000000,"['Drama', 'Horror', 'Science Fiction', 'Thriller']",en,Dreamcatcher,26.79,['United States of America'],2003-03-21,75715436,136,['English'],5.3,567
65000000,"['History', 'Drama']",en,Lincoln,36.31,"['India', 'United States of America']",2012-11-09,275293450,149,['English'],6.7,1429
63000000,"['Action', 'Science Fiction']",en,The Matrix,104.31,"['Australia', 'United States of America']",1999-03-30,463517383,136,['English'],7.9,8907
52000000,['Drama'],en,Apollo 13,68.14,['United States of America'],1995-06-30,355237933,140,['English'],7.3,1599
65000000,"['Fantasy', 'Comedy', 'Family']",en,The Santa Clause 2,14.65,['United States of America'],2002-10-31,172855065,104,['English'],5.5,297
61000000,"['Drama', 'Music', 'Romance']",en,Les Misérables,48.36,"['United Kingdom', 'United States of America']",2012-12-18,441809770,157,['English'],7.1,1884
65000000,"['Comedy', 'Romance']",en,You've Got Mail,28.54,['United States of America'],1998-12-17,250821495,119,['English'],6.3,838
65000000,['Comedy'],en,Step Brothers,22.98,['United States of America'],2008-07-25,128107642,98,"['English', 'Español']",6.5,1062
95000000,"['Action', 'Adventure']",en,The Mask of Zorro,31.09,['United States of America'],1998-07-16,250288523,136,['English'],6.3,1183
65000000,"['Comedy', 'Drama']",en,Due Date,43.87,['United States of America'],2010-11-04,211780824,95,"['English', 'Español']",6.2,1685
65000000,"['Drama', 'War']",en,Unbroken,43.06,['United States of America'],2014-12-25,163442937,137,"['Italiano', 'English', '日本語']",7.3,1400
65000000,"['Action', 'Adventure', 'Thriller']",en,Space Cowboys,15.77,['United States of America'],2000-07-31,128884132,130,['English'],6.3,403
70000000,"['Action', 'Adventure', 'Thriller']",en,Cliffhanger,26.2,"['France', 'Italy', 'United States of America']",1993-05-28,255000211,112,['English'],6.1,588
50000000,"['Action', 'Adventure', 'Drama', 'Thriller']",en,Broken Arrow,22.77,['United States of America'],1996-02-09,150270147,108,['English'],5.7,453
65000000,"['Fantasy', 'Comedy', 'Family']",en,The Kid,18.28,['United States of America'],2000-07-07,69700000,104,['English'],6.0,238
63000000,"['Drama', 'History', 'Thriller']",en,World Trade Center,24.7,['United States of America'],2006-08-09,162945894,128,['English'],5.9,447
65000000,['Comedy'],en,The Dictator,31.35,['United States of America'],2012-05-15,179379533,83,"['English', 'עִבְרִית']",5.9,1743
65000000,"['Mystery', 'Drama']",en,Eyes Wide Shut,27.87,"['United Kingdom', 'United States of America']",1999-07-14,162091208,159,['English'],7.1,1234
65000000,"['Comedy', 'Drama', 'Family']",en,Annie,33.44,['United States of America'],2014-12-19,133821816,119,['English'],6.0,466
50100000,"['Romance', 'Comedy', 'Crime', 'Drama']",en,Focus,59.63,['United States of America'],2015-02-25,153962963,105,['English'],6.7,2542
65000000,"['Action', 'Comedy', 'Romance']",en,This Means War,38.99,['United States of America'],2012-02-14,156974557,103,['English'],5.9,1389
65000000,"['Science Fiction', 'Action', 'Horror', 'Thriller', 'Adventure', 'Fantasy']",en,Blade: Trinity,49.66,['United States of America'],2004-12-08,128905366,123,"['Esperanto', 'English']",5.7,1252
4200000,"['Action', 'Thriller']",en,Red Dawn,11.74,['United States of America'],1984-08-10,38376497,114,"['English', 'Pусский', 'Español']",6.4,215
65000000,"['Action', 'Horror', 'Science Fiction']",en,Resident Evil: Retribution,6.23,"['Canada', 'France', 'Germany', 'United States of America']",2012-09-12,240159255,95,['English'],5.6,1600
45000000,"['Action', 'Thriller', 'Science Fiction']",en,Death Race,42.58,"['United Kingdom', 'United States of America', 'Germany']",2008-08-22,73762516,105,['English'],6.0,1175
65000000,"['Crime', 'Action', 'Mystery', 'Thriller']",en,The Long Kiss Goodnight,15.86,['United States of America'],1996-10-11,89456761,120,['English'],6.5,314
65000000,"['Family', 'Fantasy', 'Science Fiction', 'Adventure']",en,Zathura: A Space Adventure,15.19,['United States of America'],2005-11-06,64321501,101,['English'],6.1,779
63000000,['Drama'],en,Fight Club,146.76,"['Germany', 'United States of America']",1999-10-15,100853753,139,['English'],8.3,9413
65000000,['Drama'],en,We Are Marshall,8.63,['United States of America'],2006-12-12,43545364,124,['English'],6.7,186
65000000,"['Action', 'Adventure', 'Comedy']",en,Hudson Hawk,16.8,['United States of America'],1991-05-23,17218080,100,"['English', 'Italiano']",5.4,269
65000000,"['Horror', 'Thriller']",en,"I, Frankenstein",31.32,"['United States of America', 'Australia']",2014-01-22,71154592,92,['English'],5.0,687
50000000,"['Crime', 'Drama', 'Family']",en,Oliver Twist,20.42,"['Czech Republic', 'France', 'Italy', 'United Kingdom']",2005-09-23,42093706,130,['English'],6.7,274
43000000,"['Action', 'Fantasy']",en,Elektra,28.61,"['Canada', 'United States of America']",2005-01-13,56681566,97,"['English', '日本語']",4.8,575
65000000,"['Crime', 'Thriller']",en,Sin City: A Dame to Kill For,85.43,['United States of America'],2014-08-20,39407616,102,['English'],6.3,1286
64000000,"['Drama', 'Romance']",en,Random Hearts,4.14,['United States of America'],1999-10-08,74608570,133,['English'],5.3,63
55000000,"['Adventure', 'Drama']",en,Everest,60.25,"['Iceland', 'United States of America', 'United Kingdom']",2015-09-10,203427584,121,['English'],6.7,1772
50000000,"['Crime', 'Fantasy', 'Drama']",en,Perfume: The Story of a Murderer,42.55,"['Spain', 'Germany', 'France']",2006-09-13,132180323,147,['English'],7.1,1165
63000000,"['Comedy', 'Crime', 'Science Fiction']",en,Austin Powers in Goldmember,40.14,['United States of America'],2002-07-26,296655431,94,"['English', '日本語', 'Deutsch', 'Français']",5.9,979
65000000,"['Animation', 'Action', 'Family', 'Science Fiction']",en,Astro Boy,24.86,"['Hong Kong', 'Japan', 'United States of America']",2009-10-15,44091067,94,['English'],6.1,409
63000000,"['Adventure', 'Science Fiction']",en,Jurassic Park,40.41,['United States of America'],1993-06-11,920100000,127,"['English', 'Español']",7.6,4856
63000000,"['Drama', 'Action', 'Western']",en,Wyatt Earp,13.86,['United States of America'],1994-06-24,25052000,191,['English'],6.5,202
62000000,"['Action', 'Drama', 'Thriller']",en,Clear and Present Danger,18.83,['United States of America'],1994-08-03,215887717,141,['English'],6.4,386
65000000,"['Action', 'Drama', 'Adventure']",zh,天將雄師,9.57,"['Hong Kong', 'China']",2015-02-19,121545703,127,"['English', '普通话']",5.9,145
64000000,"['Comedy', 'Crime']",en,Little Man,12.42,['United States of America'],2006-08-31,101595121,98,['English'],5.3,261
62000000,"['Action', 'Drama', 'Thriller', 'War']",en,U-571,18.1,"['France', 'United States of America']",2000-04-20,127666415,116,"['English', 'Français', 'Deutsch', 'Pусский']",6.1,340
62000000,"['Comedy', 'Drama', 'Romance']",en,The American President,11.06,['United States of America'],1995-11-17,107879496,106,['English'],6.5,195
62000000,"['Comedy', 'Romance']",en,The Love Guru,13.22,"['United States of America', 'United Kingdom', 'Germany']",2008-06-20,41819064,87,['English'],4.3,242
62000000,"['Action', 'Adventure', 'Comedy', 'Thriller', 'Crime']",en,3000 Miles to Graceland,11.26,['United States of America'],2001-02-23,18720175,125,['English'],5.8,178
44000000,"['Crime', 'Drama', 'Mystery', 'Western']",en,The Hateful Eight,68.72,['United States of America'],2015-12-25,155760117,167,"['Español', 'English']",7.6,4274
63000000,"['Animation', 'Comedy', 'Family']",en,Hop,16.79,['United Kingdom'],2011-03-30,183953723,95,"['English', '日本語', 'ภาษาไทย']",5.5,331
65000000,"['Action', 'Adventure', 'War']",en,300,65.2,['United States of America'],2006-12-09,422610419,117,['English'],7.0,4997
80000000,"['Comedy', 'Romance']",en,Meet the Fockers,32.83,['United States of America'],2004-12-22,516642939,115,['English'],6.1,1373
60000000,"['Comedy', 'Family']",en,Marley & Me,30.95,['United States of America'],2008-12-25,244082376,115,['English'],6.9,1343
60000000,"['Fantasy', 'Drama', 'Crime']",en,The Green Mile,103.7,['United States of America'],1999-12-10,284600000,189,"['Français', 'English']",8.2,4048
150000000,"['Animation', 'Family', 'Comedy']",en,Chicken Little,47.97,['United States of America'],2005-11-04,314432665,81,['English'],5.6,944
61000000,"['Mystery', 'Thriller', 'Drama']",en,Gone Girl,143.04,['United States of America'],2014-10-01,369330363,145,['English'],7.9,5862
60000000,"['Action', 'Drama', 'Mystery', 'Thriller']",en,The Bourne Identity,86.48,"['United States of America', 'Germany', 'Czech Republic']",2002-06-14,214034224,119,"['English', 'Français', 'Deutsch', 'Nederlands', 'Italiano']",7.3,3583
58000000,"['Adventure', 'Action', 'Thriller']",en,GoldenEye,59.82,"['United Kingdom', 'United States of America']",1995-11-16,352194034,130,"['English', 'Pусский', 'Español']",6.6,1174
60000000,"['Crime', 'Drama', 'Mystery', 'Thriller']",en,The General's Daughter,18.35,"['Germany', 'United States of America']",1999-06-18,149705852,116,['English'],6.1,205
60000000,"['Comedy', 'Drama']",en,The Truman Show,56.49,['United States of America'],1998-06-04,264118201,103,['English'],7.8,4537
70000000,"['Adventure', 'Animation', 'Drama', 'Family', 'Music']",en,The Prince of Egypt,29.46,['United States of America'],1998-12-15,218613188,99,"['עִבְרִית', 'English']",6.8,817
60000000,"['Comedy', 'Family']",en,Daddy Day Care,18.11,['United States of America'],2003-05-03,164433867,92,['English'],5.6,506
61000000,"['Action', 'Comedy', 'Crime']",en,2 Guns,42.88,['United States of America'],2013-08-02,131940411,109,"['Español', 'English']",6.6,1589
60000000,"['Comedy', 'Family']",en,Cats & Dogs,18.74,['United States of America'],2001-07-04,93375151,87,"['English', 'Français', 'Deutsch', 'ภาษาไทย']",5.0,352
60000000,"['Action', 'Crime']",en,The Italian Job,62.77,"['United Kingdom', 'United States of America']",2003-05-30,176070171,110,"['Український', 'English', 'Italiano']",6.6,1919
60000000,"['Romance', 'Comedy']",en,Two Weeks Notice,24.15,"['Australia', 'United States of America']",2002-12-19,93354918,101,['English'],5.9,487
60000000,"['Adventure', 'Animation', 'Comedy', 'Family']",en,Antz,41.52,['United States of America'],1998-10-02,171757863,83,['English'],6.0,1272
70000000,"['Comedy', 'Romance']",en,Couples Retreat,26.68,['United States of America'],2009-09-19,171844840,113,['English'],5.3,588
60000000,['Adventure'],en,Days of Thunder,16.28,['United States of America'],1990-06-27,157920733,107,['English'],5.9,353
60000000,['Comedy'],en,Cheaper by the Dozen 2,18.83,['United States of America'],2005-12-21,129181830,94,['English'],5.7,526
61000000,['Action'],en,Maze Runner: The Scorch Trials,113.16,['United States of America'],2015-09-09,311256926,132,['English'],6.4,3040
60000000,['Drama'],en,Eat Pray Love,28.8,['United States of America'],2010-08-12,204594016,133,"['Português', 'English', 'Italiano']",5.8,636
58000000,"['Action', 'Adventure', 'Comedy', 'Crime', 'Thriller']",en,RED,41.43,['United States of America'],2010-10-13,71664962,111,"['English', 'Pусский']",6.6,2808
55000000,['Drama'],en,Any Given Sunday,23.13,['United States of America'],1999-12-16,100230832,163,['English'],6.8,422
60000000,"['Drama', 'Romance']",en,The Horse Whisperer,12.87,['United States of America'],1998-05-14,186883563,170,['English'],6.7,292
65000000,"['Drama', 'Crime', 'Thriller']",en,Collateral,44.82,['United States of America'],2004-08-04,217764291,120,"['Español', 'English']",7.0,1451
60000000,"['Action', 'Fantasy', 'Adventure']",en,The Scorpion King,37.54,"['United States of America', 'Germany', 'Belgium']",2002-04-16,165333180,92,"['English', 'ภาษาไทย']",5.3,779
60000000,"['Drama', 'Action', 'Thriller']",en,Ladder 49,11.0,['United States of America'],2004-10-01,74541707,115,['English'],6.2,207
60000000,"['Crime', 'Drama', 'Thriller']",en,Jack Reacher,56.87,['United States of America'],2012-12-20,218340595,130,['English'],6.3,2998
60000000,"['Action', 'Science Fiction', 'Thriller']",en,Deep Blue Sea,22.99,"['Australia', 'United States of America']",1999-07-28,73648228,105,['English'],5.6,604
60000000,"['Drama', 'Thriller', 'Science Fiction']",en,Contagion,38.82,"['United States of America', 'United Arab Emirates']",2011-09-08,137551594,106,"['English', '广州话 / 廣州話', '普通话']",6.2,1325
60000000,"['Animation', 'Family']",en,Coraline,51.15,['United States of America'],2009-02-05,124596398,100,['English'],7.3,1386
60000000,"['Thriller', 'Science Fiction']",en,The Happening,20.5,"['United States of America', 'India', 'France']",2008-06-11,163403799,91,"['English', 'Français']",4.9,950
70000000,"['Action', 'Drama', 'Thriller', 'Crime']",en,Man on Fire,45.3,"['United Kingdom', 'United States of America']",2004-04-23,130293714,146,"['English', 'Español']",7.3,1553
50000000,"['Comedy', 'Family']",en,The Shaggy Dog,4.28,['United States of America'],2006-03-09,61112916,98,['English'],4.5,137
60000000,"['Comedy', 'Crime']",en,Starsky & Hutch,28.85,['United States of America'],2004-03-05,170268750,101,"['English', '한국어/조선말']",5.6,644
60000000,"['Family', 'Comedy']",en,Jingle All the Way,22.5,['United States of America'],1996-11-15,129832389,89,['English'],5.5,575
66000000,"['Fantasy', 'Action', 'Science Fiction']",en,Hellboy,47.48,['United States of America'],2004-04-02,99318987,122,"['Pусский', 'English']",6.5,2225
70000000,['Drama'],en,A Civil Action,10.15,['United States of America'],1998-03-05,56702901,115,['English'],6.1,109
60000000,"['Family', 'Animation', 'Adventure', 'Comedy']",en,ParaNorman,39.54,['United States of America'],2012-08-03,107139399,90,['English'],6.7,789
60000000,"['Action', 'Thriller', 'Adventure', 'Crime']",en,The Jackal,19.75,['United States of America'],1997-11-14,159330280,124,"['English', 'Pусский']",6.1,527
60000000,"['Action', 'Adventure', 'Mystery', 'Science Fiction', 'Thriller']",en,Paycheck,29.02,"['Canada', 'United States of America']",2003-12-25,96269812,119,['English'],5.9,581
60000000,"['Adventure', 'Animation', 'Family']",en,The Tale of Despereaux,16.49,"['United Kingdom', 'United States of America']",2008-12-19,50877145,93,['English'],5.8,258
60000000,"['Action', 'Thriller']",en,Under Siege 2: Dark Territory,13.08,['United States of America'],1995-07-13,104324083,100,['English'],5.6,210
60000000,"['Action', 'Drama', 'Thriller']",en,Jack Ryan: Shadow Recruit,42.54,"['Russia', 'United States of America']",2014-01-15,50549107,105,['English'],5.9,1173
60000000,"['Drama', 'Comedy']",en,Joy,29.88,['United States of America'],2015-12-24,101134059,124,"['Español', 'English']",6.4,1581
60000000,"['Action', 'Crime', 'Thriller']",en,London Has Fallen,61.85,"['Bulgaria', 'United States of America', 'United Kingdom']",2016-03-02,205754447,99,['English'],5.8,1621
70000000,"['Science Fiction', 'Horror', 'Action']",en,Alien: Resurrection,37.45,['United States of America'],1997-11-12,162000000,109,['English'],5.9,1365
61000000,"['Action', 'Drama', 'Mystery', 'Thriller', 'Crime']",en,Shooter,37.38,['United States of America'],2007-03-22,95696996,124,['English'],6.9,1462
60000000,"['Animation', 'Comedy', 'Family', 'Fantasy']",en,The Boxtrolls,30.66,['United States of America'],2014-09-10,108255770,97,['English'],6.6,668
75000000,"['Drama', 'Fantasy', 'Comedy']",en,Practical Magic,15.14,['United States of America'],1998-10-16,46683377,104,['English'],6.3,338
60000000,"['Adventure', 'Animation', 'Comedy', 'Family', 'Fantasy']",en,The Lego Movie,59.55,['United States of America'],2014-02-06,469160692,100,['English'],7.5,3070
60000000,"['Adventure', 'Action', 'Fantasy']",en,Reign of Fire,27.62,"['Ireland', 'United Kingdom', 'United States of America']",2002-07-12,43061982,101,['English'],6.0,669
60000000,"['Crime', 'Drama', 'Action', 'Thriller']",en,Gangster Squad,29.04,['United States of America'],2013-01-10,105200903,113,['English'],6.2,1778
60000000,"['Comedy', 'Adventure']",en,Year One,25.29,['United States of America'],2009-06-18,62357900,97,['English'],4.6,524
60000000,"['Drama', 'History']",en,Invictus,23.85,['United States of America'],2009-12-10,122233971,134,['English'],7.0,1125
60000000,['Action'],en,State of Play,21.69,"['France', 'United Kingdom', 'United States of America']",2009-04-17,87784194,127,"['广州话 / 廣州話', 'English']",6.7,484
78146652,"['Romance', 'Comedy', 'Crime']",en,Duplicity,13.63,"['Germany', 'United States of America']",2009-03-19,60000000,125,"['English', 'Deutsch', 'Pусский', 'Español']",5.7,201
65000000,"['Comedy', 'Drama', 'Family', 'Science Fiction']",en,My Favorite Martian,6.81,['United States of America'],1999-02-11,36850101,94,"['English', 'Italiano']",5.1,80
60000000,"['Action', 'Thriller', 'Crime']",en,The Sentinel,15.35,['United States of America'],2006-04-19,77920346,108,['English'],5.8,225
70000000,"['Science Fiction', 'Animation', 'Family', 'Comedy', 'Adventure']",en,Planet 51,23.66,"['Spain', 'United Kingdom', 'United States of America']",2009-11-19,104945765,91,"['English', 'Español']",5.6,556
60000000,"['Science Fiction', 'Action', 'Adventure', 'Thriller']",en,Star Trek: Nemesis,21.61,['United States of America'],2002-12-13,67312826,117,['English'],6.1,479
60000000,"['Crime', 'Comedy', 'Romance']",en,Intolerable Cruelty,22.62,['United States of America'],2003-09-02,119940815,100,"['Français', 'English']",5.8,391
80000000,"['Crime', 'Drama', 'Mystery', 'Thriller']",en,Edge of Darkness,24.66,"['United Kingdom', 'United States of America']",2010-01-29,74901339,117,['English'],6.2,487
60000000,"['Horror', 'Mystery', 'Thriller']",en,The Relic,12.62,"['Germany', 'Japan', 'New Zealand', 'United Kingdom', 'United States of America']",1997-01-10,33956608,110,['English'],5.8,130
60000000,"['Comedy', 'Crime']",en,Analyze That,21.09,"['Australia', 'United States of America']",2002-12-06,55003135,96,['English'],5.7,380
60000000,"['Action', 'Crime', 'Drama', 'Thriller']",en,Righteous Kill,18.38,['United States of America'],2008-09-11,73174566,101,"['Pусский', 'English', 'Español']",5.9,375
60000000,['Drama'],en,The Soloist,17.3,['United States of America'],2009-04-24,31720158,109,['English'],6.6,234
80000000,"['Fantasy', 'Drama']",en,The Legend of Bagger Vance,16.85,['United States of America'],2000-11-02,39459427,126,['English'],6.3,251
60000000,"['Drama', 'Music']",en,Almost Famous,21.55,['United States of America'],2000-09-15,47383689,122,['English'],7.4,797
60000000,"['Action', 'Adventure', 'Crime', 'Drama', 'Mystery', 'Thriller']",en,xXx: State of the Union,36.69,['United States of America'],2005-04-27,71073932,101,['English'],4.7,549
60000000,"['Action', 'Science Fiction', 'Fantasy', 'Thriller', 'Horror']",en,Priest,28.35,['United States of America'],2011-05-05,78309131,87,"['Português', 'English', 'ภาษาไทย']",5.4,692
60000000,"['Family', 'Animation', 'Adventure']",en,Sinbad: Legend of the Seven Seas,18.82,['United States of America'],2003-07-02,26288320,86,"['广州话 / 廣州話', 'English', 'Italiano']",6.6,372
60000000,"['Horror', 'Science Fiction', 'Mystery']",en,Event Horizon,29.79,"['United Kingdom', 'United States of America']",1997-08-15,26673242,96,"['English', 'Latin']",6.5,742
60000000,['Drama'],en,Dragonfly,8.93,"['Germany', 'United States of America']",2002-02-22,52322400,104,"['English', 'Español']",6.1,204
50000000,['Drama'],en,The Black Dahlia,15.21,"['France', 'Germany', 'United States of America']",2006-09-15,49111202,121,['English'],5.7,287
60000000,"['Action', 'Adventure', 'Drama', 'History', 'Romance', 'War']",en,Flyboys,13.16,"['United Kingdom', 'United States of America']",2006-09-22,17800000,140,"['English', 'Français']",6.3,271
72000000,"['Action', 'Drama', 'Thriller']",en,The Last Castle,15.43,['United States of America'],2001-10-19,27642707,131,['English'],7.0,285
90000000,"['Horror', 'Science Fiction', 'Thriller']",en,Supernova,5.76,"['Switzerland', 'United States of America']",2000-01-14,14828081,91,['English'],4.9,109
60000000,"['Drama', 'Fantasy', 'Mystery', 'Romance']",en,Winter's Tale,22.74,['United States of America'],2014-02-13,30800231,118,['English'],6.0,487
60000000,"['Action', 'Adventure', 'Drama', 'Mystery', 'Romance', 'Fantasy']",en,The Mortal Instruments: City of Bones,45.51,['United States of America'],2013-08-21,90565421,130,['English'],6.2,1602
60000000,"['Comedy', 'Science Fiction', 'Adventure', 'Family']",en,Meet Dave,18.68,['United States of America'],2008-07-08,50650079,90,['English'],5.0,371
30000000,"['Drama', 'Horror', 'Thriller']",en,Dark Water,14.38,['United States of America'],2005-06-27,25473093,105,['English'],5.3,274
60000000,"['Adventure', 'Family', 'Fantasy']",en,Inkheart,27.02,"['Germany', 'United Kingdom', 'United States of America']",2008-12-11,57490374,106,['English'],6.0,592
60000000,"['Action', 'Comedy', 'Thriller', 'Crime', 'Science Fiction']",en,The Spirit,14.85,['United States of America'],2008-12-25,39031337,103,"['English', 'Français', 'Pусский']",4.7,320
60000000,"['Comedy', 'Adventure']",en,Mortdecai,52.42,['United States of America'],2015-01-21,30418560,106,['English'],5.4,1055
68490000,"['Action', 'Adventure', 'Fantasy']",zh,西游记之孙悟空三打白骨精,4.73,"['Hong Kong', 'China']",2016-01-22,193677158,120,['普通话'],6.0,24
80000000,"['Action', 'History', 'War']",en,The Great Raid,8.92,['United States of America'],2005-08-12,10166502,132,"['English', '日本語']",6.8,91
58000000,"['Action', 'Adventure', 'Comedy']",en,Deadpool,514.57,['United States of America'],2016-02-09,783112979,108,['English'],7.4,10995
58800000,"['War', 'Action']",en,American Sniper,87.53,['United States of America'],2014-12-11,542307423,133,['English'],7.4,4469
58000000,"['Adventure', 'Horror', 'Comedy']",en,Goosebumps,45.35,"['Australia', 'United States of America']",2015-08-05,158162788,103,['English'],6.2,995
58000000,"['Comedy', 'Fantasy', 'Romance']",en,Just Like Heaven,13.44,['United States of America'],2005-09-16,102854431,95,"['English', '普通话', 'Español']",6.5,579
83000000,"['Science Fiction', 'Comedy', 'Family', 'Romance']",en,The Flintstones in Viva Rock Vegas,6.25,['United States of America'],2000-04-28,59468275,90,['English'],4.4,134
63000000,"['Action', 'Adventure', 'Thriller', 'War']",en,Rambo III,31.29,['United States of America'],1988-05-24,189015611,102,"['English', 'Pусский']",5.7,690
58000000,"['Comedy', 'Romance', 'Drama']",en,Leatherheads,7.74,"['Germany', 'United States of America']",2008-03-24,41299492,114,"['English', 'Deutsch']",5.7,130
58000000,['Comedy'],en,Did You Hear About the Morgans?,14.4,['United States of America'],2009-12-17,85280250,103,"['English', 'Italiano', 'Pусский', 'Español', 'Український']",5.1,276
58000000,['Comedy'],en,The Internship,1.55,['United States of America'],2013-06-07,44000000,119,['English'],6.1,1658
60000000,"['Action', 'Adventure', 'Horror', 'Science Fiction']",en,Resident Evil: Afterlife,2.14,"['Germany', 'United States of America', 'France', 'Canada']",2010-09-09,300228084,97,"['English', 'Español', '日本語']",5.8,1363
58000000,"['Drama', 'Action', 'Adventure', 'History', 'War']",en,Red Tails,12.3,['United States of America'],2012-01-19,50365377,125,"['English', 'Français', 'Deutsch']",5.9,178
57000000,"['Drama', 'Horror', 'Mystery', 'Thriller']",en,The Devil's Advocate,33.85,"['Germany', 'United States of America']",1997-10-17,152944660,144,"['English', 'Français', 'Deutsch', 'Italiano', '普通话', 'Español']",7.2,1374
70000000,['Comedy'],en,That's My Boy,21.72,['United States of America'],2012-06-14,58058367,116,['English'],5.5,453
57000000,['Fantasy'],en,DragonHeart,31.79,['United States of America'],1996-05-31,115267375,103,['English'],6.4,535
60000000,"['Action', 'Comedy', 'Crime', 'Drama']",en,After the Sunset,14.11,['United States of America'],2004-11-12,61347797,97,['English'],6.0,226
57000000,"['Action', 'Fantasy', 'Thriller']",en,Ghost Rider: Spirit of Vengeance,48.62,"['United Arab Emirates', 'United States of America']",2011-12-10,149217355,95,['English'],4.7,1135
57000000,"['Drama', 'History', 'Romance']",en,Captain Corelli's Mandolin,9.06,"['United Kingdom', 'United States of America', 'France']",2001-08-17,62112895,131,"['English', 'Deutsch', 'ελληνικά', 'Italiano']",5.5,145
56000000,"['Action', 'Comedy', 'Drama', 'Family', 'Thriller']",en,The Pacifier,35.48,"['Canada', 'United States of America']",2005-03-04,113006880,95,"['English', '한국어/조선말']",5.8,842
56000000,"['Adventure', 'Drama', 'Action', 'Thriller']",en,Walking Tall,23.44,['United States of America'],2004-04-02,57223890,86,['English'],6.0,381
55000000,"['Comedy', 'Drama', 'Romance']",en,Forrest Gump,138.13,['United States of America'],1994-07-06,677945399,142,['English'],8.2,7927
60000000,"['Comedy', 'Music', 'Family', 'Fantasy', 'Animation']",en,Alvin and the Chipmunks,47.34,['United States of America'],2007-12-13,361366633,92,"['English', 'Español', 'Français', '日本語']",5.5,1177
55000000,"['Comedy', 'Romance']",en,Meet the Parents,29.97,['United States of America'],2000-10-06,330444045,108,['English'],6.6,1698
55000000,"['Adventure', 'Animation', 'Drama', 'Family']",en,Pocahontas,47.85,['United States of America'],1995-06-14,346079773,81,['English'],6.7,1457
55000000,"['Action', 'Adventure', 'Fantasy', 'Science Fiction']",en,Superman,48.51,"['United Kingdom', 'United States of America']",1978-12-13,300218018,143,['English'],6.9,1022
54000000,"['Fantasy', 'Comedy', 'Romance', 'Science Fiction']",en,The Nutty Professor,20.28,['United States of America'],1996-06-26,128769345,95,['English'],5.4,702
70000000,"['Comedy', 'Drama', 'Romance']",en,Hitch,34.58,['United States of America'],2005-02-10,368100420,118,['English'],6.4,1665
55000000,"['Comedy', 'Romance']",en,American Wedding,36.19,['United States of America'],2003-08-01,231449203,103,['English'],6.0,1129
55000000,"['Action', 'Drama', 'Thriller']",en,Captain Phillips,52.79,['United States of America'],2013-10-10,95000000,134,"['English', 'Somali']",7.6,2454
55000000,['Comedy'],en,Date Night,38.06,['United States of America'],2010-04-08,152263880,97,"['עִבְרִית', 'English']",5.9,1122
50000000,"['Fantasy', 'Comedy', 'Family']",en,Casper,19.83,['United States of America'],1995-05-26,287928194,100,['English'],6.0,1019
55000000,"['Thriller', 'Action', 'Crime']",en,The Equalizer,79.92,['United States of America'],2014-09-24,192330738,132,['English'],7.1,2954
55000000,"['Comedy', 'Drama', 'Romance']",en,Maid in Manhattan,19.74,['United States of America'],2002-12-13,154906693,105,"['English', 'Français']",5.6,485
53000000,"['Action', 'Thriller', 'Drama']",en,Crimson Tide,20.33,['United States of America'],1995-05-12,157387195,116,['English'],7.0,498
55000000,['Drama'],en,The Pursuit of Happyness,80.58,['United States of America'],2006-12-14,307077295,117,"['English', '广州话 / 廣州話']",7.7,2525
55000000,"['Thriller', 'Drama', 'Mystery']",en,Flightplan,32.05,['United States of America'],2005-09-22,223387299,98,"['العربية', 'Deutsch', 'English', 'Français', 'Italiano', '日本語']",6.1,772
55000000,"['Drama', 'Thriller', 'Crime', 'Mystery', 'Romance']",en,Disclosure,15.06,['United States of America'],1994-12-09,214015089,123,['English'],5.9,210
55000000,"['Drama', 'Fantasy', 'Romance']",en,City of Angels,21.27,"['United States of America', 'Germany']",1998-04-10,198685114,114,"['English', 'Polski']",6.4,529
30000000,"['Action', 'Crime']",en,Kill Bill: Vol. 1,79.75,['United States of America'],2003-10-10,180949000,111,"['English', '日本語', 'Français']",7.7,4949
30000000,"['Action', 'Crime', 'Thriller']",en,Kill Bill: Vol. 2,50.62,['United States of America'],2004-04-16,152159461,136,"['English', '普通话', 'Español', '广州话 / 廣州話']",7.6,3948
55000000,"['Action', 'Adventure', 'Comedy']",en,Tango & Cash,22.79,['United States of America'],1989-12-22,63408614,104,['English'],6.1,458
55000000,"['Fantasy', 'Comedy']",en,Death Becomes Her,29.5,['United States of America'],1992-07-30,149022650,104,['English'],6.3,636
55000000,"['Adventure', 'Action', 'Comedy', 'Western']",en,Shanghai Noon,25.4,"['Hong Kong', 'United States of America']",2000-05-26,56932305,110,"['English', '普通话', 'Español']",6.2,735
55000000,"['Action', 'Adventure', 'Drama', 'Thriller']",en,Executive Decision,17.23,['United States of America'],1996-03-15,121969216,133,['English'],5.8,256
55000000,"['Comedy', 'Family']",en,Mr. Popper's Penguins,32.84,['United States of America'],2011-06-17,187361754,94,['English'],5.7,751
55000000,"['Action', 'Adventure', 'Fantasy']",en,The Forbidden Kingdom,17.1,"['China', 'United States of America']",2008-04-18,127906624,104,"['English', '普通话']",6.3,461
55000000,"['Animation', 'Comedy', 'Family']",en,Free Birds,14.41,['United States of America'],2013-10-30,110000000,91,['English'],5.7,254
50000000,"['Science Fiction', 'Action', 'Horror']",en,Alien³,45.86,"['United Kingdom', 'United States of America']",1992-05-22,159773545,114,['English'],6.2,1633
55000000,"['History', 'Drama', 'Music']",en,Evita,7.03,"['United States of America', 'Hungary']",1996-12-14,141047179,134,"['English', 'Español']",5.9,120
55000000,"['Action', 'Thriller', 'Crime', 'Adventure']",en,Ronin,32.66,"['France', 'United Kingdom', 'United States of America']",1998-09-25,41610884,122,"['English', 'Français', 'Pусский']",6.7,658
50000000,['Adventure'],en,The Ghost and the Darkness,12.47,"['Germany', 'United States of America']",1996-10-11,75000000,109,['English'],6.4,236
55000000,"['Family', 'Comedy']",en,Paddington,39.88,['United Kingdom'],2014-11-27,259207227,95,['English'],7.0,883
68000000,['Comedy'],en,The Watch,39.4,['United States of America'],2012-07-26,68267862,98,['English'],5.3,881
55000000,"['Drama', 'Action', 'Thriller', 'Crime']",en,The Hunted,8.63,['United States of America'],2003-03-11,34234008,94,['English'],6.0,189
55000000,['Comedy'],en,Stuck on You,8.8,['United States of America'],2003-12-10,33828318,118,['English'],5.1,188
60000000,"['Animation', 'Adventure', 'Family', 'Comedy']",en,The Pirates! In an Adventure with Scientists!,23.7,['United Kingdom'],2012-03-12,118338361,88,['English'],6.4,374
55000000,"['Crime', 'Drama', 'Mystery']",en,Changeling,27.51,['United States of America'],2008-01-30,113020255,141,['English'],7.3,1131
50000000,"['Action', 'Drama', 'Science Fiction', 'Thriller']",en,Chain Reaction,20.59,['United States of America'],1996-08-02,60209334,107,['English'],5.3,284
55000000,"['Drama', 'Mystery', 'Thriller']",en,The Fan,4.37,['United States of America'],1996-08-15,18626419,116,['English'],5.7,194
70000000,"['Thriller', 'Drama', 'Romance']",en,The Phantom of the Opera,18.93,"['United Kingdom', 'United States of America']",2004-12-08,154648887,143,"['Italiano', 'English']",7.0,438
55000000,"['Drama', 'History', 'Romance']",en,Elizabeth: The Golden Age,15.27,['United Kingdom'],2007-09-09,74237563,114,"['svenska', 'English', 'Español']",6.6,303
62000000,"['Action', 'Science Fiction']",en,Æon Flux,29.95,['United States of America'],2005-11-30,52304001,93,['English'],5.4,703
56000000,"['Drama', 'History', 'War']",en,Gods and Generals,4.36,['United States of America'],2003-02-21,12923936,214,['English'],6.1,48
55000000,"['Action', 'Thriller', 'Crime']",en,Turbulence,4.7,['United States of America'],1997-01-09,11466088,100,['English'],5.2,62
50000000,"['Comedy', 'Adventure', 'Crime', 'Family']",en,Muppets Most Wanted,14.81,['United States of America'],2014-03-20,80383290,112,"['Deutsch', 'English']",6.2,316
57000000,"['Action', 'Adventure', 'Comedy', 'Family', 'Fantasy', 'Science Fiction']",en,Thunderbirds,9.28,"['United Kingdom', 'France']",2004-07-23,28283637,95,['English'],4.2,91
55000000,"['Drama', 'Romance']",en,Burlesque,22.86,['United States of America'],2010-11-23,89519773,119,['English'],6.9,573
2000000,"['Drama', 'Romance']",en,Lolita,23.96,"['United Kingdom', 'United States of America']",1962-06-13,9250000,153,['English'],7.3,395
55000000,"['Action', 'Thriller']",en,D-Tox,12.67,['United States of America'],2002-01-04,6416302,96,['English'],5.3,123
54000000,"['Fantasy', 'Horror', 'Action', 'Thriller']",en,Blade II,67.17,"['Germany', 'United States of America']",2002-03-22,155010032,117,"['Český', 'Română', 'English']",6.2,1528
55000000,['Drama'],en,Seven Pounds,41.47,['United States of America'],2008-12-18,168167691,123,"['English', 'Español']",7.5,2039
55000000,"['Action', 'Crime', 'Thriller']",en,Bullet to the Head,22.5,"['Switzerland', 'United States of America']",2013-01-31,9489829,92,['English'],5.2,481
54000000,"['Crime', 'Drama', 'Thriller']",en,The Godfather: Part III,59.19,"['Italy', 'United States of America']",1990-12-24,136766062,162,"['English', 'Italiano', 'Deutsch', 'Latin']",7.1,1546
57000000,"['Comedy', 'Drama', 'Romance']",en,Elizabethtown,22.89,['United States of America'],2005-10-06,52034889,123,['English'],6.1,327
54000000,"['Comedy', 'Romance']",en,"You, Me and Dupree",18.6,['United States of America'],2006-07-14,130431368,108,['English'],5.4,407
54000000,"['Action', 'Adventure', 'Fantasy', 'Science Fiction']",en,Superman II,30.52,"['United Kingdom', 'United States of America']",1980-12-04,190458706,127,['English'],6.5,629
54000000,['Drama'],en,Gigli,9.05,['United States of America'],2003-08-01,7266209,121,['English'],3.5,104
55000000,"['Drama', 'Thriller']",en,All the King's Men,7.77,['United States of America'],2006-09-10,9450897,125,['English'],5.7,95
46000000,"['Action', 'Adventure', 'Crime', 'Thriller']",en,Shaft,19.64,"['Germany', 'United States of America']",2000-06-15,107196498,99,"['English', 'Español', 'Deutsch']",5.5,308
53000000,"['Animation', 'Family']",en,Anastasia,45.57,['United States of America'],1997-11-20,139804348,94,"['English', 'Pусский', 'Français']",7.4,1432
52500000,"['Drama', 'Music', 'Romance']",en,Moulin Rouge!,57.37,"['Australia', 'United States of America']",2001-03-09,179213434,127,"['Français', 'Español', 'English']",7.4,1300
75000000,"['Mystery', 'Thriller', 'Crime']",en,Domestic Disturbance,8.42,['United States of America'],2001-10-30,54249294,89,['English'],5.4,113
53000000,"['Crime', 'Drama']",en,Black Mass,46.05,"['United Kingdom', 'United States of America']",2015-09-04,98837872,122,['English'],6.3,1242
90000000,"['War', 'Drama', 'History']",en,Flags of Our Fathers,23.94,['United States of America'],2006-10-18,65900249,132,['English'],6.7,526
53000000,"['Drama', 'Crime', 'Thriller']",en,Law Abiding Citizen,49.59,['United States of America'],2009-10-15,126690726,109,['English'],7.2,1486
67000000,"['Thriller', 'Action', 'Horror']",en,Grindhouse,16.64,['United States of America'],2007-04-06,25037897,191,"['Español', 'English']",6.8,459
52000000,"['Drama', 'Crime']",en,Catch Me If You Can,73.94,['United States of America'],2002-12-25,352114312,141,"['English', 'Français']",7.7,3795
40000000,"['Thriller', 'Drama', 'History']",en,Zero Dark Thirty,38.31,['United States of America'],2012-12-19,132820716,157,"['English', 'العربية']",6.7,1702
52000000,"['Romance', 'Comedy']",en,The Break-Up,26.25,['United States of America'],2006-06-01,204999686,106,['English'],5.6,832
52000000,"['Comedy', 'Romance']",en,Mamma Mia!,30.78,"['Germany', 'United Kingdom', 'United States of America']",2008-07-03,609841637,108,"['English', 'ελληνικά']",6.4,1386
52000000,"['Comedy', 'Romance']",en,Valentine's Day,25.42,['United States of America'],2010-02-10,216485654,125,['English'],5.7,1013
50000000,"['Action', 'Adventure', 'Comedy']",en,The Dukes of Hazzard,15.98,['United States of America'],2005-08-05,110803676,104,['English'],5.1,316
52000000,"['Drama', 'History', 'War']",en,The Thin Red Line,40.07,"['Canada', 'United States of America']",1998-12-25,98126565,170,"['English', 'Pусский']",7.2,771
52000000,['Comedy'],en,The Change-Up,32.02,['United States of America'],2011-08-05,75450437,112,['English'],5.9,736
82000000,"['Comedy', 'Drama', 'Romance']",en,Man on the Moon,24.44,['United States of America'],1999-12-22,47434430,118,['English'],6.9,435
52000000,"['Drama', 'Crime']",en,Casino,40.07,"['France', 'United States of America']",1995-11-22,116112375,178,['English'],7.8,1307
52000000,"['Action', 'Crime', 'Thriller']",en,From Paris with Love,27.92,"['United Kingdom', 'France']",2010-02-05,52826594,92,"['Deutsch', 'English', 'Français', '普通话']",6.1,675
51000000,['Comedy'],en,"Me, Myself & Irene",39.0,['United States of America'],2000-06-22,149270999,116,"['English', 'Deutsch']",6.1,927
51000000,"['Animation', 'Comedy', 'Family']",en,Barnyard,10.43,"['Germany', 'United States of America']",2006-08-04,72779000,90,['English'],5.3,225
50000000,"['Adventure', 'Fantasy', 'Drama', 'Romance']",en,The Twilight Saga: New Moon,94.82,['United States of America'],2009-03-15,709827462,130,"['English', 'Italiano']",5.6,2436
60000000,"['Adventure', 'Animation', 'Comedy', 'Family', 'Fantasy']",en,Shrek,67.3,['United States of America'],2001-05-16,484409218,90,['English'],7.3,4056
50200000,"['Science Fiction', 'Thriller', 'Romance']",en,The Adjustment Bureau,26.61,['United States of America'],2011-03-03,127869379,106,['English'],6.5,1652
48000000,['Adventure'],en,Robin Hood: Prince of Thieves,28.8,['United States of America'],1991-06-14,390493908,143,['English'],6.6,909
50000000,"['Comedy', 'Drama', 'Romance']",en,Jerry Maguire,27.04,['United States of America'],1996-12-06,273552592,139,"['English', 'Polski']",6.7,913
50000000,"['Comedy', 'Fantasy']",en,Ted,68.88,['United States of America'],2012-06-29,549368315,106,['English'],6.3,4697
50000000,"['Comedy', 'Romance']",en,As Good as It Gets,37.89,['United States of America'],1997-12-19,314178011,139,['English'],7.2,915
50000000,"['Comedy', 'Drama']",en,Patch Adams,35.54,['United States of America'],1998-12-25,202292902,115,['English'],7.0,832
50000000,['Comedy'],en,Anchorman 2: The Legend Continues,38.13,['United States of America'],2013-12-18,173649015,119,['English'],6.0,923
50000000,"['Comedy', 'Romance']",en,Mr. Deeds,18.12,['United States of America'],2002-06-28,171269535,96,['English'],5.6,644
50000000,"['Thriller', 'Science Fiction', 'Mystery']",en,Super 8,37.07,['United States of America'],2011-06-08,260095987,112,['English'],6.6,2435
52000000,['Drama'],en,Erin Brockovich,30.35,['United States of America'],2000-03-17,256271286,131,"['English', 'Français']",7.1,716
50000000,"['Comedy', 'Romance']",en,How to Lose a Guy in 10 Days,23.85,"['Germany', 'United States of America']",2003-02-07,177371441,116,['English'],6.3,850
50000000,"['Crime', 'Comedy', 'Action']",en,22 Jump Street,52.38,['United States of America'],2014-06-05,188441614,112,['English'],7.0,3319
60000000,"['Horror', 'Romance']",en,Interview with the Vampire,50.16,['United States of America'],1994-11-11,223664608,123,"['English', 'Français']",7.2,1516
70000000,['Comedy'],en,Yes Man,43.85,['United States of America'],2008-12-09,225990978,104,"['Eesti', 'English', '한국어/조선말']",6.4,1813
50000000,"['Action', 'Comedy']",en,Central Intelligence,45.32,['United States of America'],2016-06-15,216972543,107,['English'],6.2,1650
50000000,['Comedy'],en,Daddy's Home,38.62,['United States of America'],2015-12-25,242786137,96,['English'],5.8,854
50000000,"['Fantasy', 'Comedy', 'Music']",en,Into the Woods,65.9,['United States of America'],2014-12-25,212902372,125,['English'],5.6,1652
45000000,"['Crime', 'Drama', 'Thriller']",en,Inside Man,45.22,['United States of America'],2006-03-23,184376254,129,"['English', 'shqip']",7.3,1630
90000000,"['Drama', 'Action', 'Thriller', 'Crime']",en,Payback,17.46,['United States of America'],1999-02-05,161626121,100,['English'],6.7,548
50000000,"['Action', 'Adventure', 'Drama', 'Mystery', 'Science Fiction', 'Thriller']",en,Congo,10.76,['United States of America'],1995-06-09,152022101,109,"['English', 'Français']",5.0,213
50000000,"['Drama', 'Comedy', 'Family']",en,We Bought a Zoo,38.63,['United States of America'],2011-12-22,120081841,124,['English'],6.5,909
50000000,"['Action', 'Adventure', 'Drama', 'Mystery', 'Science Fiction', 'Thriller']",en,Knowing,32.69,"['United Kingdom', 'United States of America', 'Australia']",2009-03-19,155446362,121,['English'],5.9,1486
50000000,['Comedy'],en,Failure to Launch,18.81,['United States of America'],2006-03-10,88715192,97,['English'],5.5,399
50000000,"['Drama', 'Horror', 'Thriller']",en,The Ring Two,32.23,['United States of America'],2005-03-17,161451538,110,['English'],5.4,632
50000000,"['Comedy', 'Drama', 'Romance']",en,"Crazy, Stupid, Love.",37.99,['United States of America'],2011-07-29,142851197,118,['English'],7.0,2443
50000000,"['Animation', 'Comedy', 'Family']",en,Garfield,17.67,['United States of America'],2004-06-10,200804534,80,['English'],5.2,820
50000000,['Drama'],en,Moneyball,46.18,['United States of America'],2011-09-22,110206216,133,['English'],7.0,1381
50000000,"['Action', 'Drama', 'Science Fiction', 'Thriller']",en,Outbreak,30.4,['United States of America'],1995-03-10,189859560,127,"['English', '한국어/조선말', 'Français']",6.3,513
50000000,"['Action', 'Thriller', 'Mystery']",en,Non-Stop,83.3,"['France', 'United Kingdom', 'United States of America']",2014-01-26,222809600,106,"['English', 'Deutsch']",6.8,2268
50000000,"['Adventure', 'Family', 'Fantasy', 'Science Fiction', 'Thriller', 'Action']",en,Race to Witch Mountain,23.94,['United States of America'],2009-03-12,106303988,98,['English'],5.5,509
54000000,"['Action', 'Thriller', 'Fantasy']",en,V for Vendetta,84.63,"['Germany', 'United Kingdom', 'United States of America']",2006-03-15,132511035,132,['English'],7.7,4442
50000000,"['Action', 'Adventure', 'Comedy', 'Western']",en,Shanghai Knights,16.25,"['Hong Kong', 'United States of America']",2003-02-06,88323487,115,"['English', '普通话']",6.0,692
50000000,"['Adventure', 'Animation', 'Comedy', 'Family']",en,Curious George,9.89,['United States of America'],2006-02-10,69834815,86,['English'],6.2,106
50000000,"['Comedy', 'Family', 'Adventure', 'Fantasy', 'Romance']",en,Herbie Fully Loaded,12.05,['United States of America'],2005-06-22,66002004,101,['English'],5.1,542
50000000,['Thriller'],en,Don't Say a Word,11.6,"['Australia', 'United States of America']",2001-09-28,100020092,113,"['English', 'Français', 'Italiano', 'Español']",6.0,220
50000000,"['Fantasy', 'Horror', 'Action']",en,Hansel & Gretel: Witch Hunters,53.03,"['United States of America', 'Germany']",2013-01-17,224803475,88,['English'],5.7,3239
50000000,"['Thriller', 'Drama']",en,Unfaithful,14.38,['United States of America'],2002-05-10,119137784,124,"['English', 'Français']",6.3,276
50000000,"['Action', 'Thriller', 'Science Fiction', 'Adventure']",en,I Am Number Four,43.45,['United States of America'],2011-02-18,144492830,109,"['Français', 'English']",5.9,1567
50000000,"['Drama', 'Thriller']",en,Syriana,16.87,['United States of America'],2005-11-23,94000000,128,"['العربية', 'English', 'فارسی', 'اردو', 'Français', '普通话']",6.3,451
50000000,"['Action', 'Drama', 'History', 'Thriller', 'War']",en,13 Hours: The Secret Soldiers of Benghazi,42.53,"['Malta', 'Morocco', 'United States of America']",2016-01-13,69411370,144,"['العربية', 'English']",7.0,938
50000000,"['Romance', 'Animation', 'Adventure', 'Comedy', 'Family', 'Fantasy']",en,The Book of Life,34.89,"['Mexico', 'United States of America']",2014-10-01,97437106,95,['English'],7.3,755
45000000,['Thriller'],en,Firewall,18.19,"['United States of America', 'Australia']",2006-02-10,82800000,105,['English'],5.6,267
50000000,"['Crime', 'Drama', 'Thriller']",en,Absolute Power,13.58,['United States of America'],1997-02-14,50068310,121,"['English', 'Español']",6.4,223
50000000,"['Action', 'Drama']",en,G.I. Jane,19.43,['United States of America'],1997-08-22,48169156,125,['English'],6.0,395
50000000,"['Drama', 'Thriller', 'Mystery']",en,The Game,62.93,['United States of America'],1997-09-12,109423648,129,"['广州话 / 廣州話', 'Deutsch', 'English']",7.5,1506
50000000,"['Horror', 'Mystery']",en,Silent Hill,32.93,"['Canada', 'France', 'Japan', 'United States of America']",2006-04-21,97607453,125,['English'],6.3,1067
50000000,['Comedy'],en,American Reunion,39.92,['United States of America'],2012-04-04,234989584,113,['English'],6.1,1611
50000000,"['Action', 'Adventure', 'Crime', 'Drama', 'Mystery', 'Thriller']",en,The Negotiator,28.73,"['Germany', 'United States of America']",1998-07-29,44547681,140,['English'],6.8,582
50000000,"['Action', 'Thriller']",en,Into the Storm,20.57,['United States of America'],2014-08-06,160602194,89,['English'],5.8,817
50000000,"['Action', 'Comedy', 'Crime']",en,Beverly Hills Cop III,20.33,['United States of America'],1994-05-24,119208989,104,['English'],5.5,434
50000000,"['Comedy', 'Horror', 'Fantasy']",en,Gremlins 2: The New Batch,33.99,['United States of America'],1990-06-15,41482207,106,['English'],6.2,652
50000000,['Drama'],en,The Judge,42.47,['United States of America'],2014-10-08,83719388,141,['English'],7.2,1417
45000000,"['Horror', 'Action', 'Science Fiction']",en,Resident Evil: Apocalypse,29.88,"['United Kingdom', 'United States of America', 'Germany', 'France', 'Canada']",2004-09-10,129394835,94,['English'],6.1,1267
50000000,"['Comedy', 'Romance']",en,Bridget Jones: The Edge of Reason,28.8,"['France', 'Germany', 'Ireland', 'United Kingdom', 'United States of America']",2004-11-10,40203020,108,"['Deutsch', 'ภาษาไทย', 'English']",6.1,750
50000000,"['Thriller', 'Crime', 'Drama']",en,Out of Time,14.99,['United States of America'],2003-10-03,55495563,105,['English'],6.1,298
50000000,"['Action', 'Thriller']",en,On Deadly Ground,9.11,['United States of America'],1994-02-18,49000000,102,"['Český', 'English']",4.5,104
50000000,"['Adventure', 'Family', 'Science Fiction']",en,The Adventures of Sharkboy and Lavagirl,12.31,['United States of America'],2005-06-10,69425966,92,['English'],4.4,269
40000000,"['Drama', 'Adventure', 'Romance', 'Thriller']",en,The Beach,41.36,"['United Kingdom', 'United States of America']",2000-02-11,144056873,119,"['English', 'Français', 'Hrvatski', 'svenska', 'ภาษาไทย']",6.3,1233
50000000,"['Drama', 'Comedy', 'Romance']",en,Raising Helen,13.3,['United States of America'],2004-05-27,49718611,119,['English'],5.9,189
40000000,"['Action', 'Crime', 'Thriller']",en,Ninja Assassin,19.09,"['Germany', 'United States of America']",2009-09-29,60462347,99,['English'],6.2,371
50000000,"['Drama', 'Thriller', 'Crime']",en,Striptease,11.11,['United States of America'],1996-06-28,113309743,115,['English'],4.4,205
50000000,"['Family', 'Comedy']",en,Marmaduke,12.26,['United States of America'],2010-06-04,83761844,87,['English'],5.0,149
50000000,"['Drama', 'Fantasy']",en,Hereafter,13.37,['United States of America'],2010-10-15,105197635,129,"['English', 'Français']",5.8,510
50000000,"['Crime', 'Drama', 'Thriller']",en,Murder by Numbers,16.17,['United States of America'],2002-04-19,56714147,120,['English'],6.0,268
50000000,"['Action', 'Adventure', 'Crime', 'Thriller']",en,Assassins,23.07,"['France', 'United States of America']",1995-10-06,30303072,132,"['English', 'Español', 'Nederlands']",6.0,387
50000000,"['Crime', 'Drama', 'Thriller']",en,Hannibal Rising,6.57,"['United Kingdom', 'Czech Republic', 'France', 'Italy']",2007-02-06,82169884,121,"['English', 'Deutsch', 'Pусский']",6.0,654
50000000,"['Comedy', 'Drama', 'Romance']",en,The Story of Us,6.23,['United States of America'],1999-10-13,58900031,95,"['Italiano', 'English']",5.9,75
44000000,"['Action', 'Adventure', 'Romance', 'Science Fiction', 'Thriller']",en,The Host,42.93,['United States of America'],2013-03-22,63327201,125,['English'],6.0,1817
50000000,"['Action', 'Drama', 'Mystery', 'Thriller', 'Crime']",en,Basic,19.23,['United States of America'],2003-04-18,42792561,98,['English'],6.2,286
50000000,"['Crime', 'Drama', 'Mystery', 'Thriller']",en,Blood Work,10.09,['United States of America'],2002-08-04,26199517,110,"['English', 'Español']",6.1,206
50000000,"['Drama', 'Thriller', 'Crime']",en,The International,13.39,"['Germany', 'United Kingdom', 'United States of America']",2009-02-03,60161391,118,"['English', 'Français', 'Deutsch', 'Italiano', 'Pусский']",6.0,368
50000000,"['Action', 'Adventure', 'Science Fiction', 'Thriller']",en,Escape from L.A.,21.64,['United States of America'],1996-08-09,42277365,97,['English'],5.6,373
70000000,"['Adventure', 'Animation', 'Family', 'Fantasy', 'Science Fiction']",en,The Iron Giant,61.25,['United States of America'],1999-08-06,23159305,86,['English'],7.6,1436
50000000,"['Adventure', 'Comedy', 'Drama']",en,The Life Aquatic with Steve Zissou,25.24,['United States of America'],2004-12-10,34808403,119,"['English', 'Íslenska', 'Português', 'Français', '', 'Deutsch', 'Italiano']",7.1,775
50000000,"['War', 'Action', 'Drama', 'History', 'Thriller']",en,Free State of Jones,21.59,['United States of America'],2016-06-24,25035950,139,"['English', 'Deutsch']",6.6,428
50000000,"['Drama', 'Thriller', 'Crime']",en,The Life of David Gale,22.44,"['Germany', 'United Kingdom', 'United States of America']",2003-02-21,38955598,130,"['English', 'Español']",7.3,480
50000000,"['Action', 'Crime', 'Drama', 'Mystery', 'Thriller']",en,Run All Night,74.65,['United States of America'],2015-03-11,71561644,114,['English'],6.3,1148
51500000,"['Thriller', 'Crime', 'Mystery']",en,Eastern Promises,35.48,"['United Kingdom', 'United States of America', 'Canada']",2007-09-14,55112356,100,"['English', 'Pусский', 'Türkçe', 'Український', 'اردو']",7.2,848
50000000,"['Action', 'Thriller', 'Adventure', 'Crime']",en,Into the Blue,14.72,['United States of America'],2005-09-30,44434439,110,['English'],5.8,458
60000000,"['Adventure', 'Drama', 'Action', 'History', 'War']",fr,Joan of Arc,21.08,['France'],1999-10-18,66976317,148,"['English', 'Latin']",6.2,367
49900000,['Comedy'],en,Your Highness,21.41,['United States of America'],2011-04-08,26121638,102,['English'],5.2,501
50000000,"['Drama', 'Thriller', 'Mystery']",en,Dream House,19.27,"['Canada', 'United States of America']",2011-09-30,38502340,84,['English'],5.8,391
50000000,"['Action', 'Drama', 'Thriller']",en,Mad City,3.31,['United States of America'],1997-11-07,10541523,114,['English'],5.9,81
50000000,"['Action', 'Adventure', 'Comedy', 'Family']",en,Baby's Day Out,21.31,['United States of America'],1994-07-01,16671505,99,"['English', 'Français', 'Deutsch']",5.8,274
50000000,"['Drama', 'History', 'Romance']",en,The Scarlet Letter,7.44,['United States of America'],1995-10-13,10382407,135,['English'],5.5,108
22000000,"['Drama', 'Thriller']",en,Fair Game,12.55,"['United States of America', 'United Arab Emirates']",2010-05-20,24188922,108,['English'],6.5,235
50000000,"['Action', 'Crime']",en,Domino,18.39,"['France', 'United Kingdom', 'United States of America']",2005-09-22,22944502,127,"['English', 'Polski']",6.0,444
50000000,"['Action', 'Thriller', 'Mystery', 'Romance']",en,Jade,8.19,['United States of America'],1995-10-13,9851610,95,['English'],5.2,44
50000000,"['Action', 'Thriller', 'Science Fiction']",en,Gamer,27.63,['United States of America'],2009-09-03,40828540,95,['English'],5.6,760
60000000,"['Fantasy', 'Drama', 'Romance']",en,Beautiful Creatures,40.72,['United States of America'],2013-02-13,60052138,124,['English'],5.6,984
50000000,['Comedy'],en,Zoolander 2,37.25,['United States of America'],2016-02-06,55969000,100,['English'],4.7,797
50000000,"['Comedy', 'Crime']",en,The Big Bounce,6.4,['United States of America'],2004-01-30,6808550,88,['English'],5.0,76
50000000,"['Fantasy', 'Thriller', 'Action', 'Crime']",en,Drive Angry,30.39,['United States of America'],2011-02-24,28931401,105,['English'],5.3,600
50000000,"['Action', 'Adventure', 'Science Fiction', 'Thriller']",en,Street Fighter: The Legend of Chun-Li,8.14,"['Canada', 'India', 'Japan', 'United States of America']",2009-02-27,12764201,97,['English'],3.9,112
49000000,"['Action', 'Science Fiction', 'Thriller']",en,The One,21.75,['United States of America'],2001-11-02,72700000,87,['English'],5.7,437
49000000,"['Action', 'Comedy', 'Thriller', 'Crime', 'Mystery']",en,The Adventures of Ford Fairlane,2.81,['United States of America'],1990-07-11,20423389,104,['English'],6.2,71
50000000,"['Drama', 'Comedy']",en,The Boat That Rocked,31.02,"['Germany', 'United Kingdom', 'France']",2009-04-01,36348784,116,['English'],7.2,666
48000000,"['Thriller', 'Drama', 'Crime']",en,Traffic,25.17,"['Germany', 'United States of America']",2000-12-27,207515725,147,"['Español', 'English']",6.9,562
48000000,"['Adventure', 'Action']",en,Indiana Jones and the Last Crusade,80.97,['United States of America'],1989-05-24,474171806,127,"['Deutsch', 'ελληνικά', 'English']",7.6,3152
49000000,"['Crime', 'Action', 'Science Fiction']",en,Chappie,116.7,"['Mexico', 'South Africa', 'United States of America']",2015-03-04,104399548,120,['English'],6.6,3062
73000000,"['Drama', 'Mystery', 'Thriller', 'Crime']",en,The Bone Collector,33.88,['United States of America'],1999-11-04,151493655,118,['English'],6.5,826
48000000,"['Crime', 'Drama', 'Thriller']",en,Panic Room,53.04,['United States of America'],2002-03-29,196397415,111,['English'],6.5,1267
75000000,"['Action', 'Adventure', 'Comedy']",en,Three Kings,34.97,['United States of America'],1999-09-27,108000000,114,"['English', 'العربية']",6.6,692
50000000,"['Crime', 'Thriller']",en,Child 44,40.37,"['United Kingdom', 'United States of America', 'Czech Republic', 'Romania']",2015-03-15,3324330,137,['English'],6.1,547
48000000,"['Adventure', 'Comedy']",en,Rat Race,18.6,"['Canada', 'United States of America']",2001-07-30,85498534,112,['English'],6.0,518
48000000,"['Drama', 'Science Fiction']",en,K-PAX,30.92,"['Germany', 'United Kingdom', 'United States of America']",2001-10-22,50315140,120,['English'],7.1,695
48000000,"['Fantasy', 'Comedy', 'Romance']",en,Bedazzled,19.35,['United States of America'],2000-10-19,90383208,93,"['English', 'Pусский', 'Español']",5.6,512
58000000,"['Music', 'Drama', 'Crime', 'Romance']",en,The Cotton Club,8.59,['United States of America'],1984-12-14,25928721,127,"['English', 'Italiano']",6.6,68
55000000,['Western'],en,3:10 to Yuma,48.8,['United States of America'],2007-09-06,70016220,122,['English'],6.9,1188
48000000,"['Thriller', 'Action']",en,Taken 3,88.84,"['France', 'United States of America']",2014-12-16,325771424,109,['English'],6.1,2200
48000000,"['Romance', 'Comedy', 'Crime']",en,Out of Sight,16.0,['United States of America'],1998-06-26,77745568,123,['English'],6.5,333
47000000,"['Comedy', 'Drama', 'Thriller']",en,The Cable Guy,19.53,['United States of America'],1996-06-10,102825796,96,['English'],5.7,594
47000000,"['Adventure', 'Action', 'Comedy', 'Thriller', 'Crime']",en,Dick Tracy,7.86,['United States of America'],1990-06-15,103738726,103,['English'],5.9,251
48000000,"['Drama', 'Crime', 'Romance']",en,The Thomas Crown Affair,18.1,['United States of America'],1999-08-06,124305181,113,['English'],6.6,339
48000000,"['Comedy', 'Drama', 'Romance']",en,Riding in Cars with Boys,7.23,['United States of America'],2001-10-19,35743308,132,['English'],6.5,103
15000000,"['Action', 'Adventure', 'Thriller', 'War']",en,First Blood,63.07,['United States of America'],1982-10-22,125212904,93,['English'],7.2,1488
47000000,"['Animation', 'Comedy', 'Family', 'Fantasy', 'Science Fiction']",en,Happily N'Ever After,10.41,"['Germany', 'United States of America']",2006-09-14,38085778,75,['English'],4.6,104
47000000,"['Drama', 'Horror', 'Thriller', 'Romance']",en,Mary Reilly,6.07,['United States of America'],1996-02-23,12379402,104,['English'],5.7,74
38000000,"['Comedy', 'Romance']",en,My Best Friend's Wedding,15.4,['United States of America'],1997-06-19,299288605,105,"['English', 'Français', 'Italiano']",6.3,584
46000000,"['Crime', 'Mystery', 'Thriller']",en,Insomnia,41.32,['United States of America'],2002-05-24,113714830,118,['English'],6.8,1148
46000000,"['Science Fiction', 'Action', 'Adventure', 'Thriller']",en,Star Trek: First Contact,25.67,['United States of America'],1996-11-21,150000000,111,['English'],7.0,661
47000000,"['Action', 'Western', 'Drama', 'Fantasy', 'Thriller']",en,Jonah Hex,22.58,['United States of America'],2010-06-18,10539000,80,['English'],4.4,420
46000000,"['Drama', 'Thriller', 'Mystery', 'War']",en,Courage Under Fire,12.97,['United States of America'],1996-07-04,100860818,117,['English'],6.2,232
45000000,['Comedy'],en,Liar Liar,26.72,['United States of America'],1997-03-21,181000000,86,['English'],6.4,1424
25000000,"['Crime', 'Drama', 'Thriller']",en,The Infiltrator,24.67,['United Kingdom'],2016-07-13,15436808,127,"['English', 'Español']",6.6,573
46000000,"['Drama', 'History', 'War']",en,Inchon,0.15,"['South Korea', 'United States of America']",1981-05-04,5200000,140,['English'],6.5,2
46000000,"['Fantasy', 'Comedy', 'Family']",en,The Flintstones,28.96,['United States of America'],1994-05-26,341631208,91,['English'],5.0,543
45000000,"['Action', 'Crime', 'Thriller']",en,Taken 2,49.35,['France'],2012-09-27,376141306,91,"['English', 'Türkçe', 'العربية']",6.1,2757
48000000,['Comedy'],en,Scary Movie 3,36.59,['United States of America'],2003-10-24,220673217,84,['English'],5.8,912
45000000,"['Comedy', 'Crime', 'Action']",en,Miss Congeniality,32.62,['United States of America'],2000-12-14,212000000,111,"['English', 'Español', 'Français', 'Pусский']",6.1,961
45000000,"['Action', 'Science Fiction', 'Adventure', 'Comedy', 'Family']",en,Journey to the Center of the Earth,53.09,['United States of America'],2008-07-10,101702060,93,"['English', 'Íslenska', 'Italiano']",5.8,1309
40000000,"['Comedy', 'Drama', 'Family', 'Romance']",en,The Princess Diaries 2: Royal Engagement,30.0,['United States of America'],2004-08-06,95149435,113,['English'],6.0,697
45000000,"['Drama', 'Mystery', 'Thriller', 'Crime']",en,The Pelican Brief,17.92,['United States of America'],1993-12-16,195268056,141,['English'],6.3,371
45000000,"['Drama', 'Thriller', 'Crime', 'Mystery']",en,The Client,17.75,['United States of America'],1994-07-20,117615211,119,['English'],6.4,278
45000000,"['Drama', 'Comedy']",en,The Bucket List,31.31,['United States of America'],2007-12-25,175372502,97,['English'],7.0,1111
45000000,"['Drama', 'Action', 'Thriller', 'Crime']",en,Patriot Games,19.64,['United States of America'],1992-06-04,178051587,117,['English'],6.3,433
43000000,"['Romance', 'Comedy']",en,Monster-in-Law,10.41,"['United States of America', 'Germany']",2005-05-13,154749918,101,"['Český', 'English', 'Português']",5.6,406
46000000,"['Drama', 'Thriller', 'Crime']",en,Prisoners,88.5,['United States of America'],2013-09-18,122126687,153,['English'],7.9,3085
45000000,"['Action', 'Crime', 'Drama', 'Thriller']",en,Training Day,52.08,"['Australia', 'United States of America']",2001-10-05,104876233,122,"['English', 'Pусский', 'Español', '한국어/조선말']",7.3,1634
45000000,"['Comedy', 'Family', 'Science Fiction']",en,Galaxy Quest,30.82,['United States of America'],1999-12-23,90683916,102,['English'],6.9,710
45000000,['Comedy'],en,Scary Movie 2,35.38,"['Canada', 'United States of America']",2001-07-04,141220678,83,['English'],5.4,982
45000000,"['Comedy', 'Family', 'Music']",en,The Muppets,17.05,['United States of America'],2011-11-22,165184237,103,['English'],6.5,501
45000000,"['Horror', 'Action']",en,Blade,43.82,['United States of America'],1998-08-21,131183530,120,"['Pусский', 'English']",6.5,1905
30000000,['Drama'],en,Coach Carter,23.23,"['Germany', 'United States of America']",2005-01-14,76669806,136,['English'],7.3,496
45000000,"['Action', 'Adventure', 'Crime', 'Thriller']",en,Changing Lanes,17.27,['United States of America'],2002-04-07,94935764,89,['English'],5.9,299
45000000,"['Adventure', 'Horror', 'Thriller']",en,Anaconda,27.68,"['Brazil', 'Peru', 'United States of America']",1997-04-11,136885767,89,['English'],4.7,610
45000000,['Comedy'],en,Coyote Ugly,26.8,['United States of America'],2000-07-30,113916474,100,['English'],5.8,575
40000000,"['Comedy', 'Romance', 'Drama']",en,Love Actually,37.07,"['United Kingdom', 'United States of America']",2003-09-07,244931766,135,"['English', 'Français', 'Português']",7.0,1869
120000000,"['Adventure', 'Animation', 'Comedy', 'Family']",en,A Bug's Life,87.35,['United States of America'],1998-11-25,363258859,95,['English'],6.8,2303
35000000,"['Horror', 'Mystery', 'Thriller']",en,From Hell,26.13,"['Czech Republic', 'United Kingdom']",2001-10-19,74558115,122,"['English', 'Magyar', 'Pусский']",6.6,741
45000000,"['Action', 'Thriller']",en,The Specialist,16.58,"['Peru', 'United States of America']",1994-10-07,170362582,110,['English'],5.5,313
45000000,"['Comedy', 'Drama', 'Romance']",en,Tin Cup,10.73,['United States of America'],1996-08-16,53854588,135,['English'],5.9,150
45000000,"['Romance', 'Comedy', 'Family']",en,Kicking & Screaming,8.99,['United States of America'],2005-05-13,56070433,95,"['English', 'Italiano']",5.6,176
50000000,"['Adventure', 'Comedy', 'Family', 'Science Fiction']",en,The Hitchhiker's Guide to the Galaxy,51.74,['United States of America'],2005-01-15,104478416,109,['English'],6.6,1315
45000000,"['Horror', 'Action', 'Science Fiction']",en,Resident Evil: Extinction,12.07,"['Australia', 'France', 'Germany', 'United Kingdom', 'United States of America']",2007-09-20,148412065,94,['English'],6.1,1292
40000000,['Comedy'],en,Blended,44.12,['United States of America'],2014-05-21,123494610,117,['English'],6.6,1006
45000000,"['Adventure', 'Comedy', 'Drama']",en,Last Holiday,6.16,['United States of America'],2006-01-13,38399961,112,"['English', 'Français']",6.4,119
45000000,"['Crime', 'Drama', 'Thriller']",en,Savages,31.86,['United States of America'],2012-07-06,82966152,131,['English'],6.2,766
25000000,"['Action', 'Adventure', 'Crime', 'Thriller']",en,Cellular,24.46,"['Germany', 'United States of America']",2004-09-06,56422687,94,['English'],6.1,537
40000000,"['Adventure', 'Action', 'Comedy']",en,Johnny English,28.03,"['France', 'United Kingdom']",2003-04-06,160583018,88,"['日本語', 'English', 'Français']",6.0,852
50000000,"['Fantasy', 'Adventure', 'Animation', 'Comedy', 'Family']",en,The Ant Bully,20.24,['United States of America'],2006-07-27,55181129,88,['English'],5.5,366
40000000,"['Action', 'Science Fiction', 'Adventure']",en,Dune,25.88,['United States of America'],1984-12-14,30925690,137,"['English', 'Italiano']",6.5,562
35000000,"['Drama', 'Romance']",en,Revolutionary Road,20.36,"['United Kingdom', 'United States of America']",2008-12-19,75225693,119,['English'],6.7,796
55000000,"['Action', 'Adventure', 'Crime', 'Thriller']",en,16 Blocks,32.31,"['United States of America', 'Germany']",2006-03-01,65664721,105,['English'],6.2,661
70000000,"['Action', 'Adventure', 'Science Fiction', 'Thriller']",en,Babylon A.D.,27.57,"['France', 'United Kingdom']",2008-08-20,72108608,101,"['English', 'Pусский']",5.4,676
45000000,"['Adventure', 'Comedy', 'Family', 'Fantasy', 'Science Fiction']",en,Aliens in the Attic,13.71,"['Canada', 'United States of America']",2009-07-31,57881056,86,['English'],5.3,244
35000000,"['Crime', 'Drama', 'Mystery', 'Thriller']",en,The Pledge,12.5,['United States of America'],2001-01-09,29400000,123,['English'],6.5,215
45000000,"['Comedy', 'Music']",en,The Producers,6.8,['United States of America'],2005-12-25,38058335,134,['English'],6.1,151
45000000,"['Adventure', 'Action']",en,The Phantom,9.03,"['Australia', 'United States of America']",1996-06-06,17300889,100,['English'],4.7,136
44000000,"['History', 'Drama']",en,Nixon,3.77,['United States of America'],1995-12-22,13681765,192,['English'],7.1,71
45000000,"['Thriller', 'Mystery']",en,The Ghost Writer,21.12,"['Germany', 'United Kingdom', 'United States of America']",2010-02-12,60222298,128,['English'],6.7,670
45000000,"['Adventure', 'Action', 'Horror', 'Science Fiction']",en,Deep Rising,6.51,"['Canada', 'United States of America']",1998-01-30,11203026,106,"['한국어/조선말', 'English']",6.0,154
45000000,"['Drama', 'War']",en,Miracle at St. Anna,11.39,"['Italy', 'United States of America']",2008-09-15,9323833,160,"['Deutsch', 'Italiano', 'English']",6.3,90
45000000,"['Action', 'Crime', 'Thriller']",en,Bangkok Dangerous,14.81,['United States of America'],2008-08-21,42487390,99,"['ภาษาไทย', 'English']",5.0,332
40000000,"['Action', 'Comedy', 'Thriller']",en,Big Trouble,5.2,['United States of America'],2002-04-05,8493890,85,['English'],6.3,80
45000000,"['Drama', 'Romance']",en,Love in the Time of Cholera,5.36,['United States of America'],2007-10-04,4607608,139,['English'],6.4,81
45000000,"['Action', 'Thriller']",en,Shadow Conspiracy,3.85,['United States of America'],1997-01-31,2154540,103,"['English', 'Magyar']",4.0,11
45000000,"['Crime', 'Adventure', 'Action', 'Comedy', 'Thriller']",en,Johnny English Reborn,35.66,"['United Kingdom', 'Hong Kong', 'China']",2011-09-15,160078586,101,"['Deutsch', '广州话 / 廣州話', 'English', '普通话', 'Pусский']",6.0,1007
65000000,"['Animation', 'Action', 'Comedy', 'Family']",en,Foodfight!,5.26,['United States of America'],2012-06-15,73706,87,['English'],2.3,28
44500000,"['Drama', 'Thriller']",en,Argo,62.01,['United States of America'],2012-10-11,232324128,120,"['English', 'فارسی']",7.1,3423
44000000,"['Adventure', 'Action', 'Thriller', 'Crime', 'Mystery']",en,The Fugitive,54.88,['United States of America'],1993-08-06,368875760,130,['English'],7.2,1220
40000000,['Action'],en,The Bounty Hunter,33.75,['United States of America'],2010-03-16,136000000,110,['English'],5.5,858
44000000,"['Crime', 'Drama', 'Thriller']",en,Sleepers,16.25,['United States of America'],1996-10-18,165615285,147,['English'],7.3,715
44000000,"['Action', 'Adventure', 'Thriller', 'War']",en,Rambo: First Blood Part II,38.65,['United States of America'],1985-05-21,300400432,96,"['English', 'Tiếng Việt']",6.3,864
2600000,"['Animation', 'Family']",en,Pinocchio,46.01,['United States of America'],1940-02-23,84300000,88,['English'],6.9,1355
44000000,"['Action', 'Drama', 'History', 'Western']",en,Heaven's Gate,5.38,['United States of America'],1980-11-19,3484331,219,"['English', 'Français', 'Deutsch', 'Polski', 'Pусский']",6.4,55
50000000,"['Fantasy', 'Action', 'Science Fiction', 'Thriller']",en,Underworld: Evolution,49.02,['United States of America'],2006-01-12,111340801,106,"['English', 'Français', 'Magyar']",6.4,1528
40000000,"['Drama', 'Science Fiction', 'Thriller']",en,Victor Frankenstein,24.82,"['United Kingdom', 'United States of America']",2015-11-10,34227298,109,['English'],5.6,685
43000000,['Drama'],en,Finding Forrester,19.04,['United States of America'],2000-12-21,80049764,136,['English'],7.0,302
45000000,"['Action', 'Crime']",en,Unleashed,26.0,"['France', 'United Kingdom', 'United States of America']",2005-02-02,50871113,103,"['English', 'Deutsch', 'Español']",6.6,518
43000000,"['Romance', 'Comedy']",en,The Sweetest Thing,18.66,['United States of America'],2002-04-12,68696770,84,['English'],5.3,280
42000000,"['Drama', 'Mystery', 'Thriller']",en,The Firm,23.74,['United States of America'],1993-06-30,270248367,154,['English'],6.6,501
44000000,['Drama'],en,Charlie St. Cloud,21.75,['United States of America'],2010-05-01,48190704,99,['English'],6.8,566
40000000,"['Action', 'Thriller', 'Crime']",en,The Mechanic,44.09,['United States of America'],2011-01-13,51070807,93,['English'],6.3,1045
42000000,"['Action', 'Comedy', 'Crime']",en,21 Jump Street,62.71,['United States of America'],2012-03-12,201585328,109,['English'],6.7,4074
42000000,"['Romance', 'Comedy', 'Drama']",en,Notting Hill,28.97,"['United Kingdom', 'United States of America']",1999-05-13,363889678,124,"['English', 'Español']",7.0,1262
45000000,"['Animation', 'Comedy', 'Family']",en,Chicken Run,31.79,['United Kingdom'],2000-06-21,224834564,84,['English'],6.5,1150
42000000,"['Comedy', 'Romance']",en,Along Came Polly,33.24,['United States of America'],2004-01-16,171963386,90,['English'],5.8,773
40000000,"['Comedy', 'Romance']",en,Boomerang,6.42,['United States of America'],1992-06-30,70100000,117,"['Français', 'English']",5.4,134
43000000,"['Action', 'Comedy', 'Crime']",en,The Heat,37.65,['United States of America'],2013-06-27,158674180,117,"['English', 'Español', 'български език']",6.5,1575
31115000,"['Drama', 'History', 'Romance']",en,Cleopatra,13.24,"['United Kingdom', 'United States of America', 'Switzerland']",1963-06-12,71000000,248,"['English', 'Português']",6.7,146
42000000,"['Drama', 'Mystery', 'Thriller', 'Crime']",en,High Crimes,14.05,['United States of America'],2002-04-03,63781810,115,"['English', 'Español']",6.1,184
32000000,"['Drama', 'Horror', 'Mystery']",en,The Mothman Prophecies,14.73,['United States of America'],2002-01-25,55157539,119,['English'],6.1,305
32000000,"['Adventure', 'Action', 'Thriller']",en,Licence to Kill,28.22,"['United Kingdom', 'United States of America']",1989-07-07,156167015,133,"['English', 'Español']",5.9,541
42000000,"['Fantasy', 'Thriller', 'Horror']",en,Red Riding Hood,45.15,"['Canada', 'United States of America']",2011-03-11,89162162,100,['English'],5.6,922
60000000,"['Action', 'Crime', 'Thriller']",en,15 Minutes,15.21,"['Germany', 'United States of America']",2001-03-01,56359980,120,"['Český', 'English', 'ελληνικά', 'Pусский']",5.7,191
48000000,"['Adventure', 'Comedy', 'Family', 'Fantasy']",en,Super Mario Bros.,14.59,"['United Kingdom', 'United States of America']",1993-05-28,20915465,104,['English'],4.0,232
42000000,"['Crime', 'Drama', 'Thriller']",en,Lord of War,34.83,"['France', 'United States of America', 'Germany']",2005-09-16,24127895,122,"['العربية', 'Deutsch', 'English', 'Français', 'Pусский', 'Español', 'Український', 'Türkçe']",7.0,1335
31000000,"['Drama', 'Adventure', 'Action', 'History']",zh,英雄,23.61,['China'],2002-12-19,177394432,99,['普通话'],7.2,635
40000000,"['Action', 'Comedy', 'Crime']",en,One for the Money,19.44,['United States of America'],2012-01-26,36893721,91,['English'],5.3,388
44000000,"['Action', 'Comedy']",en,The Interview,74.17,['United States of America'],2014-12-25,12342632,112,"['한국어/조선말', 'English']",6.1,2304
42000000,"['Adventure', 'Fantasy', 'Action', 'Western', 'Thriller']",en,The Warrior's Way,7.35,"['New Zealand', 'South Korea']",2010-12-02,11087569,100,"['English', 'ภาษาไทย']",6.3,136
33000000,"['Action', 'Comedy', 'Crime']",fr,Micmacs à tire-larigot,7.66,['France'],2009-10-28,14000000,100,['Français'],6.8,148
41000000,['Drama'],en,8 Mile,32.8,['United States of America'],2002-11-08,215000000,110,['English'],6.8,1626
65000000,"['Adventure', 'Drama', 'Romance', 'Action']",en,A Knight's Tale,36.67,['United States of America'],2001-05-11,117487473,132,['English'],6.6,907
40000000,"['Mystery', 'Thriller', 'Drama']",en,The Sixth Sense,73.09,['United States of America'],1999-08-06,672806292,107,"['Latin', 'Español', 'English']",7.7,3147
42000000,"['Action', 'Thriller', 'Crime']",en,Man on a Ledge,34.04,['United States of America'],2012-01-13,46221189,102,['English'],6.2,925
41000000,['Comedy'],en,The Big Year,9.42,['United States of America'],2011-10-13,7448385,100,['English'],5.6,248
8000000,['Drama'],en,The Karate Kid,28.46,['United States of America'],1984-06-22,90815558,126,['English'],6.9,891
40000000,"['Drama', 'Crime']",en,American Hustle,49.66,['United States of America'],2013-12-12,251171807,138,['English'],6.8,2807
40000000,"['Comedy', 'Romance', 'Drama']",en,The Proposal,36.24,['United States of America'],2009-06-01,317375031,108,['English'],6.7,1804
70000000,"['Crime', 'Drama', 'Mystery', 'Thriller']",en,Double Jeopardy,19.44,"['Canada', 'United States of America']",1999-09-24,177841558,105,['English'],6.2,278
40000000,"['Adventure', 'Comedy', 'Family', 'Science Fiction']",en,Back to the Future Part II,43.35,['United States of America'],1989-11-20,332000000,108,['English'],7.4,3829
40000000,"['Action', 'Science Fiction']",en,Lucy,115.24,"['France', 'United States of America']",2014-07-14,126546825,89,"['普通话', 'English', 'Français', 'Español', '한국어/조선말']",6.3,5878
40000000,"['Drama', 'Romance', 'Thriller']",en,Fifty Shades of Grey,98.76,['United States of America'],2015-02-11,571006128,125,['English'],5.2,3254
38000000,"['Action', 'Adventure', 'Comedy', 'Family', 'Science Fiction']",en,Spy Kids 3-D: Game Over,22.0,['United States of America'],2003-07-25,197011982,84,['English'],4.7,511
40000000,"['Crime', 'Drama', 'Thriller']",en,A Time to Kill,25.22,['United States of America'],1996-07-24,152266007,149,['English'],7.0,509
40000000,['Comedy'],en,Cheaper by the Dozen,26.52,['United States of America'],2003-12-24,190212113,98,['English'],6.0,699
40000000,"['Action', 'Drama', 'Thriller', 'War']",en,Lone Survivor,37.08,['United States of America'],2013-12-24,149295601,121,['English'],7.4,1526
40000000,['Comedy'],en,A League of Their Own,21.66,['United States of America'],1992-07-01,107458785,128,['English'],6.7,354
40000000,['Horror'],en,The Conjuring 2,68.79,"['Canada', 'United States of America']",2016-05-13,320170008,134,['English'],7.0,1949
40000000,['Drama'],en,The Social Network,69.28,['United States of America'],2010-09-30,224920315,120,['English'],7.1,3391
40000000,"['Comedy', 'Romance', 'Drama']",en,He's Just Not That Into You,26.25,"['Netherlands', 'United States of America', 'Germany']",2009-02-06,177259441,129,['English'],6.2,959
45000000,['Comedy'],en,Scary Movie 4,32.55,['United States of America'],2006-04-13,178262620,83,['English'],5.3,750
40000000,"['Horror', 'Mystery']",en,Scream 3,24.99,['United States of America'],2000-02-03,161834276,116,['English'],5.7,736
40000000,"['Adventure', 'Comedy', 'Family', 'Science Fiction']",en,Back to the Future Part III,45.77,['United States of America'],1990-05-25,244527583,118,['English'],7.1,2900
40000000,['Comedy'],en,Get Hard,36.3,['United States of America'],2015-03-26,111811453,100,['English'],5.9,944
40000000,"['Romance', 'Horror']",en,Dracula,45.02,['United States of America'],1992-11-13,215862692,128,"['Latin', 'Română', 'български език', 'ελληνικά', 'English']",7.1,1056
40000000,"['Romance', 'Drama']",en,Julie & Julia,22.85,['United States of America'],2009-08-06,129540499,123,"['English', 'Français']",6.6,560
40000000,"['Thriller', 'Crime', 'Drama']",en,The Talented Mr. Ripley,31.39,['United States of America'],1999-12-25,128798265,139,"['English', 'Italiano']",7.0,767
40000000,['Comedy'],en,Dumb and Dumber To,67.77,['United States of America'],2014-11-12,169837010,110,['English'],5.4,1127
40000000,"['Adventure', 'Drama', 'Family']",en,Eight Below,24.29,['United States of America'],2006-02-17,120455994,120,['English'],6.7,542
35000000,['Comedy'],en,The Intern,53.11,['United States of America'],2015-09-24,194564672,121,['English'],7.1,1881
40000000,"['Action', 'Comedy']",en,Ride Along 2,25.14,['United States of America'],2016-01-14,124827316,102,['English'],6.1,555
40000000,"['Action', 'Adventure', 'Drama', 'History', 'Romance', 'War']",en,The Last of the Mohicans,37.78,['United States of America'],1992-09-25,75505856,112,"['English', 'Français']",7.1,732
40000000,"['Drama', 'Music']",en,Ray,21.74,['United States of America'],2004-10-29,124731534,152,['English'],7.2,467
40000000,"['Action', 'Thriller', 'Crime']",en,Sin City,66.0,['United States of America'],2005-04-01,158733820,124,['English'],7.2,2691
40000000,"['Drama', 'Action', 'Thriller', 'Crime']",en,Vantage Point,24.86,['United States of America'],2008-02-01,151161491,90,"['Español', 'English']",6.2,716
41000000,['Comedy'],en,"I Love You, Man",25.39,['United States of America'],2009-03-20,91636986,105,['English'],6.5,515
40000000,"['Comedy', 'Romance']",en,Shallow Hal,29.85,['United States of America'],2001-11-01,141069860,114,['English'],5.7,731
40000000,"['Drama', 'Thriller', 'History']",en,JFK,26.82,['United States of America'],1991-12-20,205405498,189,"['English', 'Español']",7.5,502
40000000,"['Comedy', 'Crime']",en,Big Momma's House 2,17.61,['United States of America'],2006-01-26,138259062,99,['English'],5.4,371
57000000,"['Action', 'Comedy', 'Crime', 'Romance']",en,The Mexican,21.02,"['Mexico', 'United States of America']",2001-03-01,147845033,123,"['English', 'Español']",5.8,441
20000000,['Comedy'],en,17 Again,52.57,['United States of America'],2009-03-11,136267476,102,['English'],6.1,1350
40000000,"['Comedy', 'Romance']",en,The Other Woman,34.52,['United States of America'],2014-04-16,196781193,109,['English'],6.2,1437
40000000,"['Horror', 'Mystery']",en,The Final Destination,32.48,['United States of America'],2009-08-26,186167139,82,['English'],5.4,831
40000000,"['Thriller', 'Drama']",en,Bridge of Spies,48.45,"['India', 'United States of America', 'Germany']",2015-10-15,165478348,141,"['Pусский', 'English', 'Deutsch']",7.2,2583
40000000,"['Action', 'Drama', 'Thriller', 'War']",en,Behind Enemy Lines,24.01,['United States of America'],2001-11-17,91753202,106,"['Český', 'English', 'Español', '']",6.0,457
40000000,['Comedy'],en,Get Him to the Greek,17.87,['United States of America'],2010-06-04,90029656,109,['English'],5.9,612
50000000,"['Drama', 'Romance', 'Comedy']",en,Shall We Dance?,14.23,['United States of America'],2004-10-15,170128460,107,['English'],5.9,297
40000000,"['Comedy', 'Adventure', 'Fantasy', 'Science Fiction', 'Action']",en,Small Soldiers,23.09,['United States of America'],1998-07-10,54682547,110,"['English', 'Français', 'Magyar', 'Español']",6.2,511
40000000,"['Action', 'Adventure', 'Fantasy', 'Horror', 'Science Fiction', 'Thriller']",en,Spawn,19.83,['United States of America'],1997-07-31,87840042,96,['English'],5.0,336
35000000,"['Action', 'Adventure', 'Drama', 'Thriller']",en,The Count of Monte Cristo,26.6,['United States of America'],2002-01-23,75395048,131,['English'],7.3,453
40000000,"['Crime', 'Drama', 'Thriller']",en,The Lincoln Lawyer,26.07,['United States of America'],2011-03-17,85412898,119,['English'],7.0,902
30000000,"['Action', 'Mystery', 'Thriller']",en,Unknown,38.64,"['France', 'Germany', 'United Kingdom']",2011-02-16,130786397,113,"['English', 'Deutsch', 'Türkçe', 'العربية']",6.5,1265
40000000,"['Drama', 'Mystery', 'Thriller']",en,The Prestige,74.44,['United States of America'],2006-10-19,109676311,130,['English'],8.0,4391
42000000,['Comedy'],en,Horrible Bosses 2,82.19,['United States of America'],2014-11-26,107670357,108,['English'],6.1,1536
40000000,"['Animation', 'Comedy', 'Adventure', 'Family', 'Science Fiction']",en,Escape from Planet Earth,18.14,"['Canada', 'United States of America']",2013-02-14,74597643,89,['English'],5.7,332
40000000,"['Action', 'Adventure', 'Drama', 'Thriller']",en,Apocalypto,41.57,['United States of America'],2006-12-07,120175290,139,['English'],7.3,1221
40000000,"['Action', 'Adventure', 'Thriller']",en,The Living Daylights,23.33,"['United Kingdom', 'United States of America']",1987-06-29,191185897,130,"['English', 'العربية', 'Français', 'Deutsch', 'Pусский', 'Český', 'Slovenčina']",6.2,440
40000000,"['Action', 'Science Fiction', 'Adventure', 'Thriller']",en,Predators,47.65,['United States of America'],2010-07-03,126248813,107,"['English', 'Español', 'Pусский']",6.0,1206
40000000,"['Thriller', 'Mystery']",en,Secret Window,32.91,['United States of America'],2004-03-12,92913171,96,['English'],6.4,972
40000000,"['Romance', 'Drama', 'Mystery']",en,The Lake House,29.89,['United States of America'],2006-06-16,114830111,99,['English'],6.5,670
43000000,"['Drama', 'Horror', 'Mystery', 'Thriller']",en,The Skeleton Key,29.11,"['Germany', 'United States of America']",2005-07-29,91974818,104,['English'],6.4,573
40000000,"['Comedy', 'Romance']",en,Made of Honor,19.57,"['United Kingdom', 'United States of America']",2008-05-02,84601681,101,"['English', 'Français', 'Pусский']",6.0,394
40000000,"['Music', 'Drama']",en,Jersey Boys,14.2,['United States of America'],2014-06-05,67347013,134,['English'],6.8,255
40000000,"['Drama', 'Crime', 'Thriller']",en,The Rainmaker,12.23,['United States of America'],1997-11-18,45916769,135,['English'],6.7,235
40000000,"['Horror', 'Thriller']",en,Gothika,27.3,['United States of America'],2003-11-21,141591324,98,['English'],5.8,629
36000000,"['Drama', 'History', 'Mystery']",en,Amistad,3.7,['United States of America'],1997-12-03,74000000,155,"['English', 'Español']",6.8,316
40000000,"['Fantasy', 'Action', 'Science Fiction', 'Thriller', 'Horror']",en,Aliens vs Predator: Requiem,39.38,['United States of America'],2007-12-25,41797066,94,['English'],4.9,740
40000000,"['Comedy', 'Music', 'Romance']",en,Music and Lyrics,17.66,['United States of America'],2007-02-09,145896422,96,['English'],6.2,554
40000000,"['Adventure', 'Comedy', 'Science Fiction']",en,Paul,43.15,"['United States of America', 'United Kingdom']",2011-02-14,97552050,104,['English'],6.5,1789
40000000,['Comedy'],en,The Guilt Trip,15.28,['United States of America'],2012-12-19,41863726,95,['English'],5.4,284
40000000,"['Horror', 'Mystery']",en,Scream 4,35.22,['United States of America'],2011-04-11,97138686,111,['English'],6.1,902
40000000,"['Thriller', 'Crime', 'Mystery']",en,8MM,25.58,['United States of America'],1999-02-26,96618699,123,['English'],6.1,474
38000000,"['Drama', 'Music']",en,The Doors,10.79,['United States of America'],1991-03-01,34416893,140,['English'],6.7,275
40000000,['Comedy'],en,Sex Tape,72.64,['United States of America'],2014-07-17,126069509,97,['English'],5.3,1695
40000000,"['Comedy', 'Drama']",en,Hanging Up,3.42,"['Germany', 'United States of America']",2000-02-16,36037909,94,['Pусский'],5.0,40
47000000,"['Horror', 'Mystery']",en,Final Destination 5,38.56,['United States of America'],2011-08-12,157887643,92,"['English', '广州话 / 廣州話']",5.9,866
40000000,"['Drama', 'Romance']",en,Pay It Forward,24.31,['United States of America'],2000-10-12,55707411,122,['English'],7.0,432
30000000,"['Comedy', 'Drama', 'Romance']",en,Fever Pitch,9.97,"['Germany', 'United States of America']",2005-04-06,50451307,103,"['English', 'Polski', 'Português']",5.9,182
25000000,"['Adventure', 'Fantasy', 'Action', 'Thriller', 'Science Fiction']",en,The Shadow,8.18,['United States of America'],1994-07-01,48063435,108,['English'],5.4,138
40000000,['Drama'],en,Extremely Loud & Incredibly Close,31.07,['United States of America'],2011-12-24,55247881,129,['English'],6.9,708
40000000,"['Comedy', 'Drama', 'Romance']",en,Morning Glory,22.49,['United States of America'],2010-01-12,58785180,102,"['English', 'Український']",6.1,412
40000000,['Drama'],en,Get Rich or Die Tryin',12.89,['United States of America'],2005-11-09,46442528,117,['English'],6.3,186
40000000,"['Crime', 'Action', 'Adventure']",en,The Art of War,7.83,"['Canada', 'United States of America']",2000-08-23,30199105,117,['English'],5.6,135
40000000,"['Drama', 'Romance']",en,Rent,10.43,['United States of America'],2005-11-23,31670620,135,['English'],6.7,155
75000000,['Comedy'],en,The Out-of-Towners,4.84,['United States of America'],1999-04-02,29000000,90,['English'],5.0,45
40000000,"['Fantasy', 'Horror', 'Science Fiction']",en,The Island of Dr. Moreau,13.21,['United States of America'],1996-08-23,49627779,96,['English'],4.6,147
40000000,"['Action', 'Adventure', 'Drama']",en,The Musketeer,3.3,"['United Kingdom', 'United States of America', 'Germany', 'Luxembourg']",2001-09-07,27053815,104,"['English', 'Magyar']",5.2,56
40000000,"['Drama', 'Romance']",en,Sweet November,19.37,['United States of America'],2001-02-16,65754228,119,['English'],6.4,278
40000000,['Horror'],en,The Reaping,13.45,['United States of America'],2007-04-05,62771059,99,"['Español', 'English']",5.4,205
500000,"['Drama', 'Crime']",en,Mean Streets,17.0,['United States of America'],1973-10-02,3000000,110,"['English', 'Italiano']",7.2,345
40000000,"['Comedy', 'War']",en,Renaissance Man,4.52,"['Canada', 'United States of America']",1994-06-03,24332324,128,"['English', 'Español']",5.9,81
40000000,"['Action', 'Thriller', 'Crime', 'Drama']",en,Colombiana,33.79,['France'],2011-07-27,60965854,108,"['English', 'Español']",6.5,824
40000000,"['Fantasy', 'Animation', 'Drama', 'Romance', 'Family']",en,Quest for Camelot,16.06,['United States of America'],1998-05-15,38172500,86,['English'],6.9,190
40000000,"['Crime', 'Drama', 'Mystery']",en,City By The Sea,3.48,['United States of America'],2002-09-06,22433915,108,['English'],5.7,92
40000000,['Action'],en,Torque,7.36,"['Australia', 'United States of America']",2004-01-16,46546197,84,['English'],4.7,119
45000000,['Drama'],en,Showgirls,14.51,"['France', 'United States of America']",1995-09-22,20350754,128,['English'],4.9,256
40000000,"['Drama', 'History']",en,Marie Antoinette,22.36,"['France', 'United States of America', 'Japan']",2006-05-24,60474340,123,"['English', 'Français', 'Latin']",6.5,642
63600000,"['Action', 'Drama', 'Thriller', 'Crime']",en,Get Carter,4.49,['United States of America'],2000-10-06,19412993,102,['English'],4.8,145
42000000,"['Thriller', 'Drama']",en,Lo imposible,47.56,"['United States of America', 'Spain']",2012-09-09,180274123,113,"['English', 'Español', 'svenska', 'ภาษาไทย']",7.0,2025
55000000,"['Action', 'Adventure', 'Comedy']",en,Ishtar,2.41,['United States of America'],1987-05-15,14375181,107,['English'],4.2,28
40000000,"['Adventure', 'Animation', 'Comedy', 'Family']",en,Fantastic Mr. Fox,41.26,['United States of America'],2009-10-23,46471023,87,['English'],7.5,1176
40000000,"['Comedy', 'Drama', 'Romance']",en,Life or Something Like It,8.98,"['Canada', 'United States of America']",2002-04-26,16872671,103,['English'],5.7,124
40000000,"['Comedy', 'Fantasy', 'Science Fiction']",en,Memoirs of an Invisible Man,7.22,"['France', 'United States of America']",1992-02-28,14358033,99,['English'],5.7,125
10000000,"['Comedy', 'Romance']",fr,Le fabuleux destin d'Amélie Poulain,73.72,"['France', 'Germany']",2001-04-25,173921954,122,"['Français', 'Pусский']",7.8,3310
60000000,['Comedy'],en,Alfie,15.22,"['United Kingdom', 'United States of America']",2004-10-22,13395939,103,['English'],5.6,248
40000000,"['Adventure', 'Drama', 'Romance']",en,Big Miracle,8.3,"['United Kingdom', 'United States of America']",2012-02-02,24719215,107,['English'],6.6,152
38000000,"['Drama', 'Mystery']",en,The Deep End of the Ocean,4.75,['United States of America'],1999-03-12,28121100,106,['English'],5.9,54
40000000,"['Horror', 'Thriller']",en,FearDotCom,6.76,"['Germany', 'Luxembourg', 'United Kingdom', 'United States of America']",2002-08-09,18902015,101,"['English', 'Pусский']",3.2,105
40000000,"['Adventure', 'Fantasy', 'Action', 'Thriller']",en,Cirque du Freak: The Vampire's Assistant,16.42,['United States of America'],2009-10-23,28169671,109,['English'],5.5,348
40000000,"['Action', 'Comedy', 'Thriller']",en,Duplex,15.59,"['Germany', 'United States of America']",2003-09-26,19322135,89,['English'],5.9,482
45000000,"['Action', 'Science Fiction']",en,Universal Soldier: The Return,14.57,['United States of America'],1999-08-05,10667893,82,['English'],4.2,135
33000000,"['Action', 'Horror', 'Mystery', 'Science Fiction', 'Thriller']",en,Pandorum,28.35,"['Germany', 'United Kingdom']",2009-09-08,20645327,108,"['English', 'Tiếng Việt', 'Deutsch']",6.5,774
40000000,"['Action', 'Adventure', 'Drama', 'Thriller']",en,Extreme Ops,2.91,['United States of America'],2002-11-27,10959475,93,['English'],5.0,28
50000000,"['Science Fiction', 'Thriller']",en,Sunshine,51.5,"['United Kingdom', 'United States of America']",2007-04-05,32017803,107,['English'],7.0,1182
40000000,"['Drama', 'Comedy']",en,A Thousand Words,13.12,['United States of America'],2012-03-07,22044277,91,['English'],6.0,373
40000000,"['Action', 'Drama', 'Crime']",en,The Gunman,26.94,"['France', 'Spain', 'United Kingdom', 'United States of America']",2015-02-16,13644292,115,"['Español', 'English']",5.5,392
40000000,"['Adventure', 'Action', 'Family']",en,Stormbreaker,16.28,"['Germany', 'United Kingdom', 'United States of America']",2006-07-21,23937870,93,['English'],5.1,213
20000000,"['Thriller', 'Drama', 'Mystery']",en,Disturbia,31.69,['United States of America'],2007-04-12,117760134,105,"['English', 'Español']",6.6,1006
20000000,"['Action', 'Crime', 'Thriller', 'Drama']",en,Hackers,17.84,['United States of America'],1995-09-14,7563728,107,"['English', 'Italiano', '日本語', 'Pусский']",6.2,398
39200000,"['Action', 'Science Fiction', 'Drama']",ko,Snowpiercer,64.24,"['South Korea', 'France', 'Czech Republic', 'United States of America']",2013-08-01,86758912,126,"['English', 'Français', '日本語', '한국어/조선말']",6.7,2854
15000000,"['Fantasy', 'Action', 'Thriller']",en,The Crow,44.69,['United States of America'],1994-05-11,94000000,102,['English'],7.3,953
40000000,"['Action', 'Adventure', 'War', 'History']",te,Baahubali: The Beginning,16.25,['India'],2015-07-10,100000000,159,"['', 'తెలుగు', 'हिन्दी', 'தமிழ்']",7.5,135
39000000,"['Drama', 'Romance', 'Fantasy']",en,The Time Traveler's Wife,37.49,['United States of America'],2009-08-14,101229792,107,['English'],6.7,798
39000000,"['Animation', 'Comedy', 'Family']",en,Frankenweenie,27.91,['United States of America'],2012-10-04,35287788,87,['English'],6.6,932
39000000,"['Science Fiction', 'Action', 'Adventure', 'Thriller']",en,Serenity,45.39,['United States of America'],2005-08-25,38869464,119,"['English', '普通话']",7.4,1264
39000000,"['Romance', 'Drama']",en,Against the Ropes,2.82,"['Germany', 'United States of America']",2004-02-20,6614280,106,['English'],4.5,32
39000000,"['Comedy', 'Action', 'Adventure', 'Fantasy', 'Science Fiction']",en,Superman III,22.16,"['United Kingdom', 'United States of America']",1983-06-17,75850624,125,"['English', 'Italiano', 'Español', 'ภาษาไทย']",5.3,490
40000000,['Comedy'],en,Grudge Match,21.36,['United States of America'],2013-12-25,44907260,113,['English'],6.0,433
80341000,"['Adventure', 'Drama', 'Action']",zh,Chi bi,14.84,['China'],2008-07-10,127814609,150,"['普通话', 'ภาษาไทย']",7.1,205
30000000,"['Comedy', 'Romance']",en,Sweet Home Alabama,18.26,['United States of America'],2002-09-26,180622424,108,['English'],6.0,394
38000000,"['Comedy', 'Romance']",en,The Ugly Truth,22.33,['United States of America'],2009-07-24,205298907,96,['English'],6.4,972
38000000,"['Action', 'Adventure', 'Family']",en,Spy Kids 2: The Island of Lost Dreams,24.09,['United States of America'],2002-08-07,119723358,100,['English'],5.3,521
38000000,"['Science Fiction', 'Action', 'Adventure', 'Thriller']",en,Star Trek: Generations,14.78,['United States of America'],1994-11-17,120000000,118,['English'],6.4,452
3860000,"['Action', 'Drama', 'History']",zh,一代宗師,19.95,"['China', 'Hong Kong']",2013-01-08,64076736,130,"['广州话 / 廣州話', '日本語', '普通话']",6.3,273
38000000,"['Drama', 'Romance']",en,Water for Elephants,16.8,['United States of America'],2011-03-15,114156230,120,"['English', 'Polski']",6.7,850
50000000,['Drama'],en,The Hurricane,20.83,['United States of America'],1999-09-17,73956241,146,['English'],7.2,396
38000000,"['Drama', 'Thriller']",en,Enough,11.5,['United States of America'],2002-05-24,51801187,114,['English'],6.2,264
38000000,"['Action', 'Comedy', 'Family']",en,Paul Blart: Mall Cop 2,41.26,['United States of America'],2015-04-16,107597242,94,['English'],5.0,567
53000000,"['Drama', 'Romance', 'Thriller']",en,Angel Eyes,6.45,['United States of America'],2001-05-15,29700000,102,['English'],5.6,88
38000000,"['Horror', 'Mystery', 'Thriller']",en,The Ninth Gate,30.36,"['France', 'Portugal', 'Spain']",1999-08-24,58401898,133,"['English', 'Français', 'Latin', 'Polski', 'Português', 'Español']",6.3,756
38000000,"['Drama', 'Thriller']",en,Extreme Measures,3.43,['United States of America'],1996-09-27,17380126,118,['English'],5.7,80
57000000,"['Music', 'Drama', 'Comedy']",en,Rock Star,11.61,['United States of America'],2001-09-04,16991902,105,['English'],6.0,190
10000000,['Drama'],en,Precious,18.66,['United States of America'],2009-11-06,47536959,110,"['English', 'Italiano']",6.9,417
38000000,"['Action', 'Drama']",en,White Squall,10.05,['United States of America'],1996-02-02,10300000,129,"['Dansk', 'English', 'Français', 'Deutsch']",6.3,86
15000000,"['Horror', 'Mystery', 'Science Fiction']",en,The Thing,52.73,['United States of America'],1982-06-25,19629760,109,"['English', 'Norsk']",7.8,1588
38000000,"['Science Fiction', 'Action', 'Thriller']",en,Riddick,46.63,['United States of America'],2013-09-02,98337295,119,['English'],6.2,2035
37000000,"['Action', 'Adventure', 'Mystery', 'Thriller']",en,Switchback,4.13,['United States of America'],1997-10-31,6482195,118,['English'],5.8,52
55000000,"['Adventure', 'Family', 'Fantasy']",en,City of Ember,23.47,['United States of America'],2008-10-07,17869048,90,['English'],6.2,605
32000000,['Drama'],en,The Master,25.68,['United States of America'],2012-09-07,28258060,137,['English'],7.0,701
38000000,"['Adventure', 'Action', 'Comedy', 'Romance']",en,Virgin Territory,6.76,"['Luxembourg', 'Italy', 'France', 'United Kingdom']",2007-12-17,5410749,93,"['English', 'Pусский']",4.3,75
40000000,['Drama'],en,The Express,3.88,"['Germany', 'United States of America']",2008-10-10,9793496,130,['English'],7.1,71
38000000,"['Adventure', 'Science Fiction']",en,The 5th Wave,57.89,['United States of America'],2016-01-14,109906372,112,['English'],5.6,1945
37000000,['Drama'],en,Creed,57.77,['United States of America'],2015-11-25,173567581,133,['English'],7.3,1915
37000000,"['Crime', 'Drama', 'Thriller']",en,The Town,24.22,['United States of America'],2010-09-15,154026136,125,['English'],7.0,1468
40000000,"['Romance', 'Comedy', 'Drama']",en,What to Expect When You're Expecting,27.01,['United States of America'],2012-05-17,79700000,110,['English'],5.8,594
37000000,"['Comedy', 'Drama']",en,Burn After Reading,31.94,"['United States of America', 'United Kingdom', 'France']",2008-09-05,163720069,96,['English'],6.5,1222
37000000,"['Adventure', 'Comedy', 'Family', 'Fantasy']",en,Nim's Island,14.35,['United States of America'],2008-04-03,100076342,96,['English'],5.6,330
38000000,"['Drama', 'Action']",en,Rush,33.0,"['Germany', 'United Kingdom']",2013-09-02,90247624,123,"['English', 'Deutsch', 'Italiano', 'Français']",7.7,2277
37000000,['Drama'],en,Magnolia,30.99,['United States of America'],1999-12-08,48451803,188,"['English', 'Français', 'Deutsch']",7.5,825
30000000,"['Action', 'Comedy', 'Crime']",en,Cop Out,25.83,['United States of America'],2010-02-26,55583804,107,"['English', 'Español']",5.3,511
38000000,"['Comedy', 'Romance']",en,How to Be Single,46.08,['United States of America'],2016-01-21,112343513,110,['English'],5.9,1201
37000000,"['Drama', 'Family']",en,Dolphin Tale,6.64,['United States of America'],2011-09-23,95404397,113,['English'],6.7,163
37000000,"['Adventure', 'Fantasy', 'Drama', 'Romance']",en,Twilight,127.08,['United States of America'],2008-11-20,392616625,122,['English'],5.8,3561
36000000,"['Drama', 'Thriller', 'Crime']",en,John Q,27.47,['United States of America'],2002-02-15,102244770,116,"['English', 'Español']",7.0,594
65000000,"['Action', 'Comedy', 'Crime']",en,Blue Streak,16.87,"['Germany', 'United States of America']",1999-09-17,117758500,93,['English'],6.1,352
37000000,"['Comedy', 'Crime']",en,We're the Millers,100.35,['United States of America'],2013-08-07,269994119,110,['English'],6.8,2972
36500000,"['Action', 'Fantasy', 'Science Fiction', 'Thriller']",ru,Obitaemyy Ostrov,2.79,['Russia'],2008-12-18,21834845,115,['Pусский'],5.3,23
36000000,"['Drama', 'Action', 'Thriller']",en,Breakdown,9.18,['United States of America'],1997-05-02,50159144,95,['English'],6.6,198
36000000,"['Adventure', 'Action', 'Thriller']",en,Never Say Never Again,23.38,"['Germany', 'United Kingdom', 'United States of America']",1983-10-07,160000000,134,"['English', 'Français', 'العربية', 'Español']",5.8,338
36000000,"['Science Fiction', 'Comedy', 'Adventure']",en,Hot Tub Time Machine,33.93,['United States of America'],2010-03-26,64572262,101,"['Pусский', 'English']",6.0,894
36000000,"['Family', 'Drama']",en,Dolphin Tale 2,6.97,['United States of America'],2014-09-12,52424533,107,['English'],6.7,96
42000000,['Thriller'],en,Reindeer Games,11.47,['United States of America'],2000-02-25,32168970,124,['English'],5.4,173
36000000,"['Action', 'Drama']",en,A Man Apart,19.85,"['Germany', 'United States of America']",2003-04-04,44350926,109,"['English', 'Español']",5.8,258
37000000,"['Drama', 'Comedy', 'Romance']",en,Aloha,29.65,['United States of America'],2015-05-27,26250020,105,"['Pусский', 'English']",5.2,692
37000000,"['Drama', 'Thriller', 'Horror']",en,The Rite,11.49,"['United States of America', 'Hungary', 'Italy']",2011-01-28,96047633,114,"['English', 'Italiano', 'Magyar', 'Pусский', 'Latin', 'Cymraeg']",5.8,556
36000000,"['Thriller', 'Science Fiction', 'Mystery', 'Romance']",en,Gattaca,70.4,['United States of America'],1997-09-07,12532777,106,"['English', 'Esperanto']",7.5,1808
36000000,"['Drama', 'Comedy']",de,Isn't She Great,1.07,['United States of America'],2000-01-28,3003296,95,['English'],4.6,14
37000000,"['Animation', 'Family']",en,Space Chimps,6.29,['United States of America'],2008-07-17,63800345,81,['English'],5.2,99
35000000,['Comedy'],en,The Hangover,82.21,"['Germany', 'United States of America']",2009-06-05,459270619,100,['English'],7.2,6173
36000000,"['Action', 'Drama', 'History']",cn,葉問3,19.17,['Hong Kong'],2015-12-19,156844753,105,"['广州话 / 廣州話', 'English', '普通话', 'ภาษาไทย']",6.5,379
33000000,"['Adventure', 'Comedy', 'Crime', 'Science Fiction']",en,Austin Powers: The Spy Who Shagged Me,18.32,['United States of America'],1999-06-08,310940086,95,"['Deutsch', 'English']",6.2,1011
35000000,"['Fantasy', 'Action']",en,Batman,44.1,"['United Kingdom', 'United States of America']",1989-06-23,411348924,126,"['English', 'Français']",7.0,2096
35000000,"['Adventure', 'Action', 'Comedy', 'Thriller', 'Crime']",en,Lethal Weapon 3,36.17,['United States of America'],1992-05-15,321731527,118,['English'],6.4,811
29000000,['Drama'],en,The Blind Side,25.77,['United States of America'],2009-11-20,309208309,129,['English'],7.2,1597
35000000,"['Action', 'Comedy', 'Family', 'Adventure']",en,Spy Kids,21.54,['United States of America'],2001-03-18,147934180,88,"['Español', 'English']",5.5,867
35000000,"['Comedy', 'Crime']",en,Horrible Bosses,50.31,['United States of America'],2011-07-08,117000000,98,['English'],6.5,2277
38000000,"['Drama', 'Adventure', 'Western']",en,True Grit,49.29,['United States of America'],2010-12-22,252276927,110,['English'],7.2,1668
35000000,"['Comedy', 'Drama', 'Romance']",en,The Devil Wears Prada,83.89,['United States of America'],2006-06-30,326551094,109,"['English', 'Français']",7.0,3088
35000000,"['Science Fiction', 'Adventure', 'Mystery']",en,Star Trek: The Motion Picture,24.62,['United States of America'],1979-12-06,139000000,132,['English'],6.2,530
35000000,"['Comedy', 'Crime']",en,Identity Thief,34.01,['United States of America'],2013-02-07,173965010,111,['English'],5.6,1645
35000000,"['Crime', 'Thriller']",en,Cape Fear,27.71,['United States of America'],1991-11-15,182300000,128,['English'],7.0,675
35000000,"['Drama', 'Crime']",en,21,45.15,['United States of America'],2008-03-27,69823199,123,['English'],6.5,1375
35000000,['Comedy'],en,Trainwreck,72.77,['United States of America'],2015-07-17,140795793,125,['English'],5.9,1181
35000000,"['Comedy', 'Romance']",en,Guess Who,3.74,['United States of America'],2005-03-25,68915888,105,"['Français', 'English', 'Polski', 'Português']",5.5,225
27000000,"['Drama', 'Romance', 'War']",en,The English Patient,29.38,"['United Kingdom', 'United States of America']",1996-11-14,231976425,162,"['Deutsch', 'Italiano', 'العربية', 'English']",7.0,542
35000000,"['Crime', 'Drama', 'Mystery', 'Thriller']",en,L.A. Confidential,24.86,['United States of America'],1997-09-19,126216940,138,['English'],7.7,1310
35000000,"['Adventure', 'Comedy', 'Family']",en,Sky High,11.04,['United States of America'],2005-07-29,86369815,100,['English'],5.8,550
35000000,"['Science Fiction', 'Horror', 'Action']",en,Species,23.61,['United States of America'],1995-07-07,113374103,108,['English'],5.5,453
1800000,['Horror'],en,A Nightmare on Elm Street,38.2,['United States of America'],1984-11-14,25504513,91,['English'],7.2,1180
33000000,"['Horror', 'Science Fiction', 'Thriller']",en,The Cell,25.41,"['Germany', 'United States of America']",2000-08-17,104155843,107,['English'],6.0,436
35000000,['Drama'],en,Secretariat,9.53,['United States of America'],2010-08-20,60251371,123,['English'],6.8,103
34000000,"['Adventure', 'Animation', 'Comedy', 'Family']",en,TMNT,18.39,['United States of America'],2007-03-23,95608995,90,['English'],6.0,345
32000000,['Drama'],en,Radio,9.25,['United States of America'],2003-10-24,52277485,109,['English'],6.8,141
35000000,"['Romance', 'Comedy']",en,Friends with Benefits,40.53,['United States of America'],2011-07-21,150483765,109,['English'],6.5,2237
35000000,['Comedy'],en,Neighbors 2: Sorority Rising,50.18,['United States of America'],2016-05-04,108758521,91,['English'],5.6,1462
35000000,"['Comedy', 'Drama', 'History']",en,Saving Mr. Banks,31.96,"['Australia', 'United Kingdom', 'United States of America']",2013-11-16,112544580,125,['English'],7.3,1226
34000000,"['Drama', 'History']",en,Malcolm X,19.82,['United States of America'],1992-11-18,48169908,202,"['العربية', 'English']",7.2,370
35000000,['Comedy'],en,This Is 40,38.43,['United States of America'],2012-12-20,88058786,134,['English'],5.6,896
35000000,"['Comedy', 'Family']",en,Old Dogs,13.71,['United States of America'],2009-11-24,92219310,88,"['English', 'Український']",5.2,210
35000000,"['Fantasy', 'Action', 'Adventure', 'Science Fiction', 'Thriller']",en,Underworld: Rise of the Lycans,51.93,['United States of America'],2009-01-22,91353501,92,['English'],6.2,1428
35000000,['Comedy'],en,License to Wed,14.5,"['Australia', 'United States of America']",2007-07-04,69307224,91,['English'],5.2,253
30000000,"['Comedy', 'Romance']",en,Must Love Dogs,11.12,['United States of America'],2005-07-21,58405313,98,"['English', '']",5.8,140
35000000,"['Crime', 'Drama', 'Thriller']",en,Donnie Brasco,40.37,['United States of America'],1997-02-27,41954997,127,"['日本語', 'English', 'Italiano']",7.4,1147
33000000,"['Horror', 'Action', 'Science Fiction']",en,Resident Evil,40.72,"['France', 'Germany', 'United Kingdom', 'United States of America']",2002-03-15,102984862,100,['English'],6.4,2065
10700000,['Horror'],en,Poltergeist,36.23,['United States of America'],1982-06-04,122200000,114,['English'],7.0,794
35000000,['Action'],en,Max Payne,25.9,"['United States of America', 'Canada']",2008-10-15,85416905,100,"['English', 'Pусский', 'Español']",5.2,613
40000000,"['Action', 'Thriller', 'Science Fiction']",en,In Time,60.23,['United States of America'],2011-10-27,173930596,109,['English'],6.7,3417
35000000,"['Comedy', 'Romance']",en,The Back-Up Plan,18.38,['United States of America'],2010-04-23,77477008,106,['English'],5.7,458
35000000,"['Comedy', 'Drama', 'Romance']",en,Something Borrowed,14.03,['United States of America'],2011-05-05,59901913,112,['English'],5.9,296
35000000,"['Comedy', 'Family']",en,The Bad News Bears,6.89,['United States of America'],1976-04-07,35323292,102,"['English', 'Español']",6.9,97
35000000,"['Action', 'Adventure', 'Thriller']",en,Street Fighter,19.29,"['Japan', 'United States of America']",1994-12-22,99423521,102,"['English', '日本語']",4.1,325
35000000,"['Drama', 'War']",en,The Pianist,50.59,"['France', 'Germany', 'Poland', 'United Kingdom']",2002-09-24,120072577,150,"['English', 'Deutsch', 'Pусский']",8.0,1864
40000000,['Horror'],en,House of Wax,17.16,['United States of America'],2005-04-30,68766121,113,"['English', 'Pусский']",5.5,677
27000000,"['Drama', 'Romance']",en,Closer,22.64,['United States of America'],2004-12-01,115505027,104,['English'],6.7,811
35000000,"['Drama', 'Crime', 'History']",en,J. Edgar,28.07,['United States of America'],2011-11-09,84606030,137,['English'],6.0,741
35000000,"['Horror', 'Mystery', 'Thriller']",en,Mirrors,19.77,"['Romania', 'United States of America']",2008-08-15,72436439,110,['English'],6.0,485
35000000,"['Drama', 'Fantasy', 'Horror']",en,Queen of the Damned,11.64,"['Australia', 'United States of America']",2002-02-10,45479110,101,['English'],5.4,239
35000000,"['Science Fiction', 'Action', 'Thriller']",en,Predator 2,27.93,['United States of America'],1990-11-20,57120318,108,['English'],5.9,730
35000000,['Drama'],en,Untraceable,12.68,['United States of America'],2008-01-22,32483410,101,['English'],5.9,238
35000000,"['Comedy', 'Romance']",en,Blast from the Past,8.74,['United States of America'],1999-02-12,40263020,112,"['Latin', 'English', 'Français', 'Deutsch']",6.3,245
35000000,['Science Fiction'],en,Flash Gordon,12.34,['United States of America'],1980-09-01,27107960,111,['English'],6.1,233
35000000,"['Comedy', 'Romance']",en,Jersey Girl,14.7,['United States of America'],2004-03-25,36098382,102,['English'],5.8,325
45000000,"['Action', 'Thriller', 'Crime', 'Mystery']",en,Alex Cross,14.51,['United States of America'],2012-10-18,30353232,101,"['English', 'Deutsch']",5.1,300
35000000,"['Crime', 'Drama', 'Mystery', 'Thriller']",en,Midnight in the Garden of Good and Evil,5.53,['United States of America'],1997-11-21,25105255,155,['English'],6.3,157
8900000,"['Crime', 'Action', 'Thriller']",en,Heist,15.08,['United States of America'],2015-11-13,4100000,93,['English'],5.6,318
35000000,"['Comedy', 'Fantasy']",en,Nanny McPhee and the Big Bang,23.84,"['United States of America', 'United Kingdom', 'France']",2010-03-26,93246388,109,['English'],6.0,436
30000000,"['Drama', 'Mystery', 'Science Fiction', 'Thriller']",en,The X Files: I Want to Believe,25.45,"['Canada', 'United States of America']",2008-07-24,68369434,104,['English'],5.5,523
31000000,"['Family', 'Fantasy', 'Comedy']",en,Ella Enchanted,22.72,"['Ireland', 'United Kingdom']",2004-04-09,27388767,96,['English'],5.9,437
35000000,['Drama'],en,Concussion,35.12,"['Australia', 'United States of America', 'United Kingdom']",2015-11-12,50363790,123,['English'],7.0,823
35000000,"['Thriller', 'Action', 'Mystery']",en,Abduction,19.89,['United States of America'],2011-09-22,82087155,106,['English'],5.6,961
35000000,"['Animation', 'Family', 'Adventure']",en,Valiant,14.05,['United Kingdom'],2005-03-25,19478106,76,['English'],5.2,235
35000000,"['Action', 'Comedy', 'Science Fiction']",en,Superhero Movie,19.09,['United States of America'],2008-03-27,25871834,85,['English'],4.9,379
56000000,"['Thriller', 'Crime', 'Drama']",en,Broken City,29.49,['United States of America'],2013-01-18,19701164,109,['English'],5.7,593
35000000,"['Horror', 'Comedy']",en,Cursed,11.2,"['Germany', 'United States of America']",2005-02-25,19294901,97,['English'],5.1,167
35000000,"['Crime', 'Action', 'Thriller']",en,Premium Rush,17.71,['United States of America'],2012-08-24,31083599,91,"['普通话', 'English']",6.2,832
35000000,"['Action', 'Comedy', 'Crime']",en,Hot Pursuit,18.26,['United States of America'],2015-05-08,51680201,87,"['Español', 'English']",5.4,647
35000000,"['War', 'Adventure', 'Drama', 'Romance']",en,The Four Feathers,10.1,"['United Kingdom', 'United States of America']",2002-09-08,29882645,132,['English'],6.5,159
35000000,"['Action', 'Crime']",en,Parker,28.67,['United States of America'],2013-01-23,46216641,118,['English'],5.7,1455
31000000,"['Comedy', 'Romance']",en,Wimbledon,16.74,"['France', 'United Kingdom']",2004-09-13,41512007,98,['English'],6.0,293
35000000,['Comedy'],en,Furry Vengeance,13.67,"['United Arab Emirates', 'United States of America']",2010-04-02,39340177,92,['English'],4.6,149
27000000,"['Fantasy', 'Action', 'Adventure']",en,Krull,9.9,"['Spain', 'United Kingdom', 'Italy', 'United States of America']",1983-07-29,16519460,117,['English'],5.8,129
35000000,"['Action', 'Adventure', 'Drama', 'History']",en,Lions for Lambs,9.79,['United States of America'],2007-10-22,63215872,92,['English'],6.0,216
35000000,"['Comedy', 'Music']",en,Walk Hard: The Dewey Cox Story,10.74,['United States of America'],2007-12-21,18317151,96,['English'],6.6,212
35000000,"['Action', 'Western']",en,American Outlaws,6.73,['United States of America'],2001-08-17,13678913,94,['English'],5.7,55
35000000,"['Drama', 'History', 'Romance']",en,The Young Victoria,16.34,"['United Kingdom', 'United States of America']",2009-03-04,27409889,105,"['English', 'Magyar']",7.0,322
40000000,"['Action', 'Crime', 'Mystery', 'Thriller']",en,Whiteout,14.82,"['Canada', 'France', 'United States of America']",2009-09-09,12206028,101,"['English', 'Pусский']",5.3,220
32000000,"['Drama', 'Fantasy']",en,The Tree of Life,43.86,['United States of America'],2011-05-18,54674226,139,['English'],6.5,987
35000000,"['Action', 'Drama', 'Thriller', 'Crime']",en,Sabotage,27.9,['United States of America'],2014-03-28,17508518,110,['English'],5.5,555
35000000,"['Drama', 'Fantasy', 'Horror', 'Mystery', 'Romance', 'Thriller']",en,The Order,3.75,"['Germany', 'United States of America']",2003-09-05,11560806,102,['English'],4.8,91
20500000,"['Action', 'Crime']",en,Punisher: War Zone,17.11,"['Canada', 'Germany', 'United States of America']",2008-12-05,10089373,102,"['Pусский', 'English']",5.6,294
35000000,"['Family', 'Fantasy', 'Comedy']",en,Zoom,10.3,['United States of America'],2006-08-11,12506188,83,['English'],4.9,135
35000000,"['Adventure', 'Drama', 'Thriller']",en,The Walk,37.34,['United States of America'],2015-09-30,61181942,123,"['Français', 'English']",6.9,1121
35000000,"['Comedy', 'Drama', 'Romance']",en,A Good Year,16.78,['United States of America'],2006-09-09,42064105,118,"['English', 'Français', 'Pусский']",6.5,357
35000000,['Drama'],en,Radio Flyer,3.5,['United States of America'],1992-02-21,4651977,114,['English'],6.6,53
35000000,"['Thriller', 'Crime', 'Romance']",en,Femme Fatale,9.07,"['Switzerland', 'France']",2002-11-06,16838910,114,"['English', 'Français', 'Español']",6.2,142
35000000,"['War', 'Adventure', 'Drama', 'Romance']",en,Le Hussard sur le toit,2.88,['France'],1995-09-20,15000000,135,"['Français', 'Italiano']",6.7,25
38000000,"['Drama', 'War', 'Romance', 'Western']",en,Ride with the Devil,5.52,['United States of America'],1999-11-24,635096,138,['English'],6.6,49
35000000,"['Action', 'Comedy', 'Western', 'Crime']",es,Bandidas,20.28,"['United States of America', 'France', 'Mexico']",2006-01-18,10496317,93,"['English', 'Español']",5.8,307
34000000,"['Action', 'Mystery', 'Science Fiction', 'Thriller']",en,The Maze Runner,131.82,['United States of America'],2014-09-10,348319861,113,['English'],7.0,5371
35000000,['Comedy'],en,Unfinished Business,16.83,['United States of America'],2015-03-05,14431253,91,['English'],5.0,320
34000000,"['Drama', 'Romance']",en,The Age of Innocence,9.13,['United States of America'],1993-09-17,32255440,139,"['English', 'Italiano']",7.0,169
35000000,"['Drama', 'Adventure', 'Science Fiction', 'Romance']",en,The Fountain,24.61,['United States of America'],2006-09-06,15304890,96,['English'],6.8,827
70000000,"['Action', 'Comedy', 'Thriller']",en,Chill Factor,3.28,['United States of America'],1999-09-01,11263966,101,['English'],5.3,29
35000000,"['Action', 'Crime', 'Drama', 'Thriller']",en,Stolen,16.83,['United States of America'],2012-05-17,2106557,96,"['svenska', 'English']",5.1,344
41677699,"['Animation', 'Family']",ja,崖の上のポニョ,39.59,['Japan'],2008-07-19,187479518,100,['日本語'],7.5,926
34000000,"['Drama', 'Romance']",en,The Longest Ride,41.95,['United States of America'],2015-04-09,63013281,128,['English'],7.3,1064
75000000,"['Drama', 'Science Fiction', 'Thriller']",en,The Astronaut's Wife,20.7,['United States of America'],1999-08-26,19598588,109,['English'],5.4,254
35000000,"['Drama', 'History']",en,Mandela: Long Walk to Freedom,15.51,"['United Kingdom', 'South Africa']",2013-12-06,27330000,141,"['English', 'Afrikaans', '']",6.5,224
32000000,"['Drama', 'History']",en,Reds,4.6,['United States of America'],1981-12-25,40382659,195,"['Deutsch', 'suomi', 'Français', 'Pусский', 'English']",7.1,67
40000000,['Drama'],en,A Few Good Men,40.38,['United States of America'],1992-12-11,243240178,138,['English'],7.1,877
50000000,"['Action', 'Crime', 'Thriller']",en,Exit Wounds,12.6,"['Canada', 'United States of America']",2001-03-13,79958599,101,['Italiano'],5.3,110
30000000,"['Crime', 'Comedy']",en,Big Momma's House,24.39,"['Germany', 'United States of America']",2000-05-31,173959438,98,['English'],5.6,506
30000000,"['Horror', 'Action', 'Thriller', 'Science Fiction']",en,The Darkest Hour,23.33,"['United States of America', 'Russia']",2011-12-22,64626786,89,['English'],4.8,469
33000000,"['Music', 'Drama', 'Romance']",en,Step Up Revolution,29.78,['United States of America'],2012-07-26,140470746,99,['English'],6.7,663
33000000,"['Action', 'Crime', 'Horror', 'Thriller']",en,Snakes on a Plane,19.64,['United States of America'],2006-08-06,62022014,105,"['English', 'ภาษาไทย']",5.1,497
33000000,"['Action', 'Crime', 'Drama']",en,The Punisher,35.1,"['Germany', 'United States of America']",2004-04-15,54700105,124,['English'],6.1,766
30000000,['Drama'],en,Goal!: The Dream Begins,16.54,"['United Kingdom', 'United States of America']",2005-06-06,27610873,118,"['English', 'Español']",6.6,238
30000000,"['Action', 'Crime', 'Thriller']",en,Safe,31.93,['United States of America'],2012-04-16,40346186,94,"['English', '普通话', 'Pусский']",6.3,799
32350000,"['Adventure', 'Action', 'Science Fiction']",en,Return of the Jedi,46.51,['United States of America'],1983-05-23,572700000,135,['English'],7.9,4665
30000000,"['Action', 'Thriller', 'Science Fiction']",en,Doomsday,21.54,"['Germany', 'United Kingdom', 'United States of America', 'South Africa']",2008-03-14,22211426,108,['English'],5.8,363
32000000,"['Drama', 'Romance']",en,The Reader,33.92,"['Germany', 'United States of America']",2008-12-10,113019290,124,"['English', 'Deutsch', 'ελληνικά', 'Latin']",7.2,813
35000000,['Comedy'],en,Wanderlust,20.91,['United States of America'],2012-02-23,24159934,98,['English'],5.3,394
32000000,"['Comedy', 'Family', 'Fantasy']",en,Elf,16.9,"['United States of America', 'Germany']",2003-10-09,173398518,97,['English'],6.4,987
32000000,"['Drama', 'Fantasy', 'Romance', 'Science Fiction']",en,Phenomenon,15.04,['United States of America'],1996-07-05,152036382,123,['English'],6.2,323
32000000,"['Comedy', 'Family']",en,Nacho Libre,14.64,['United States of America'],2006-06-16,80197993,92,"['Español', 'English']",5.6,359
32500000,"['Comedy', 'Romance']",en,Bridesmaids,17.11,['United States of America'],2011-04-28,288383523,125,['English'],6.5,1661
32000000,"['Action', 'Comedy']",en,This Is the End,38.22,['United States of America'],2013-06-12,126041322,107,['English'],6.3,2359
29000000,['Horror'],en,Stigmata,14.99,['United States of America'],1999-09-10,50041732,103,"['English', 'Italiano', 'Português']",6.0,242
32000000,['Drama'],en,Men of Honor,24.15,['United States of America'],2000-09-13,48814909,129,['English'],7.0,544
32000000,"['Action', 'Crime', 'Drama', 'Thriller']",en,Takers,18.47,['United States of America'],2010-08-26,69055695,107,['English'],6.0,394
35000000,['Comedy'],en,The Big Wedding,18.84,['United States of America'],2013-04-25,21819348,90,"['English', 'Español', 'Latin']",5.7,414
32000000,"['Crime', 'Comedy', 'Action']",en,"Big Mommas: Like Father, Like Son",15.9,['United States of America'],2011-02-16,83615414,107,['English'],5.3,313
32000000,"['Thriller', 'Science Fiction', 'Mystery']",en,Source Code,59.2,"['Canada', 'United States of America']",2011-03-30,147332697,93,['English'],7.1,2699
32000000,"['Action', 'Adventure', 'Drama', 'Thriller']",en,Alive,14.49,['United States of America'],1993-01-15,36733909,120,"['English', 'Português']",6.7,374
30000000,"['Thriller', 'Drama', 'Mystery']",en,The Number 23,23.2,"['Germany', 'United States of America']",2007-02-23,77566815,101,['English'],6.3,1018
33000000,"['Adventure', 'Drama', 'Family']",en,The Young and Prodigious T.S. Spivet,10.65,"['Canada', 'France']",2013-10-16,9494789,105,['English'],6.7,232
35000000,"['Action', 'Comedy']",en,1941,10.03,['United States of America'],1979-12-13,31755742,113,"['English', 'Deutsch', '日本語']",5.6,143
32000000,"['Drama', 'Thriller', 'Crime']",en,A History of Violence,34.63,"['United States of America', 'Canada', 'Germany']",2005-09-23,60740827,96,['English'],6.9,832
32000000,"['Action', 'Thriller', 'Crime']",en,Transporter 2,47.56,"['France', 'United States of America']",2005-08-02,85167639,87,"['English', 'Français', 'Italiano']",6.2,1061
32000000,"['Action', 'Western']",en,The Quick and the Dead,16.47,"['Japan', 'United States of America']",1995-02-09,18552460,107,['English'],6.3,427
28000000,"['Action', 'Comedy', 'Romance', 'Thriller']",en,Laws of Attraction,6.2,"['Germany', 'Ireland', 'United Kingdom']",2004-04-04,30016165,90,['English'],5.6,104
32000000,"['Action', 'Science Fiction', 'Thriller', 'Crime']",en,Repo Men,25.8,"['Canada', 'United States of America']",2010-03-18,18409891,111,['English'],6.2,620
70000000,"['Fantasy', 'Drama', 'Horror', 'Action', 'Thriller', 'Science Fiction']",ko,디워,4.82,['South Korea'],2007-02-08,53587404,90,"['English', '한국어/조선말']",4.0,104
30000000,['Comedy'],en,The Incredible Burt Wonderstone,26.94,['United States of America'],2013-03-14,27437881,100,['English'],5.3,724
32000000,"['Animation', 'Comedy', 'Family', 'Music']",en,Cats Don't Dance,4.1,['United States of America'],1997-03-26,3566637,75,"['English', 'Deutsch']",7.1,24
32000000,"['War', 'Crime', 'Drama', 'Mystery', 'Romance', 'Thriller']",en,The Good German,5.35,['United States of America'],2006-12-08,5914908,108,"['English', 'Deutsch', '普通话', 'Pусский']",5.9,86
31500000,"['Drama', 'War']",en,Apocalypse Now,49.97,['United States of America'],1979-08-15,89460381,153,"['', 'English', 'Français', 'Tiếng Việt']",8.0,2055
32000000,"['Comedy', 'Drama', 'Romance']",en,Going the Distance,13.61,['United States of America'],2010-09-01,42045846,102,['English'],6.0,262
31500000,['Action'],en,Criminal,27.89,"['United Kingdom', 'United States of America']",2016-04-14,14708696,113,['English'],5.7,557
31000000,['Drama'],en,Out of Africa,13.86,['United States of America'],1985-12-20,128499205,161,"['English', 'Kiswahili']",7.0,279
31000000,['Drama'],en,Flight,42.21,['United States of America'],2012-11-02,161772375,138,['English'],6.5,2415
34000000,"['Action', 'Adventure', 'Thriller', 'Science Fiction']",en,Moonraker,29.89,"['France', 'United Kingdom', 'United States of America']",1979-06-26,210308099,126,"['English', 'Italiano']",5.9,541
30000000,"['Comedy', 'Drama']",en,The Grand Budapest Hotel,74.42,"['United Kingdom', 'United States of America', 'Germany']",2014-02-26,174600318,99,"['English', 'Français']",8.0,4519
31000000,"['Drama', 'Mystery']",en,Hearts in Atlantis,7.07,"['Australia', 'United States of America']",2001-09-07,24185781,101,['English'],6.4,131
31000000,"['Comedy', 'Horror']",en,Arachnophobia,15.9,['United States of America'],1990-08-09,53208180,103,"['English', 'Español']",6.2,433
31000000,"['Crime', 'Drama', 'Science Fiction', 'Thriller']",en,Frequency,19.26,['United States of America'],2000-04-28,68106245,118,['English'],7.0,462
31000000,['Comedy'],en,Vacation,47.75,['United States of America'],2015-07-28,104384188,99,['English'],6.2,1195
30250000,"['Comedy', 'Thriller', 'Crime']",en,Get Shorty,15.59,['United States of America'],1995-10-20,115101622,105,['English'],6.4,302
45000000,"['Action', 'Comedy', 'Crime', 'Drama', 'Music']",en,Chicago,32.22,['United States of America'],2002-12-26,306776732,113,"['Magyar', 'English']",6.9,677
34200000,"['Comedy', 'Drama']",en,Big Daddy,34.87,['United States of America'],1999-06-25,234801895,93,"['English', 'Italiano']",6.1,875
30000000,"['Comedy', 'Romance']",en,American Pie 2,36.43,['United States of America'],2001-08-10,287553595,108,['English'],6.0,1344
30000000,"['Animation', 'Comedy', 'Family']",en,Toy Story,73.64,['United States of America'],1995-10-30,373554033,81,['English'],7.7,5269
30000000,"['Action', 'Adventure', 'Crime']",en,Speed,49.53,['United States of America'],1994-06-09,350448145,116,['English'],6.8,1783
30000000,"['Drama', 'Romance']",en,The Vow,26.78,['United States of America'],2012-02-05,196114570,104,['English'],7.0,1293
31000000,['Drama'],en,Extraordinary Measures,6.49,['United States of America'],2010-01-21,15134293,105,['English'],6.0,89
30000000,['Drama'],en,Remember the Titans,26.0,['United States of America'],2000-09-29,136706683,113,['English'],7.4,821
30000000,"['Action', 'Adventure', 'Thriller']",en,The Hunt for Red October,46.21,['United States of America'],1990-03-02,199200000,134,"['English', 'Pусский']",7.2,957
25000000,['Drama'],en,The Butler,32.11,['United States of America'],2013-08-16,115922175,132,['English'],7.2,1101
20000000,['Comedy'],en,DodgeBall: A True Underdog Story,41.16,"['Germany', 'United States of America']",2004-06-18,167722310,92,"['English', 'Deutsch']",6.2,981
30000000,"['Horror', 'Comedy', 'Fantasy']",en,The Addams Family,37.18,['United States of America'],1991-11-22,191502426,99,['English'],6.7,848
30000000,"['Crime', 'Comedy', 'Adventure']",en,Ace Ventura: When Nature Calls,34.39,['United States of America'],1995-11-10,212385533,90,['English'],6.1,1099
37000000,"['Comedy', 'Family', 'Romance']",en,The Princess Diaries,40.18,['United States of America'],2001-08-03,165335153,115,['English'],6.5,1023
26000000,['Comedy'],en,The First Wives Club,10.7,['United States of America'],1996-09-20,116400000,102,['English'],6.5,166
33000000,"['Crime', 'Mystery', 'Thriller']",en,Se7en,79.58,['United States of America'],1995-09-22,327311859,127,['English'],8.1,5765
30000000,['Science Fiction'],en,District 9,63.14,"['United States of America', 'New Zealand', 'Canada', 'South Africa']",2009-08-05,210819611,112,"['Afrikaans', '', '', '', 'isiZulu', 'English']",7.3,3382
30000000,"['Animation', 'Comedy', 'Family']",en,The SpongeBob SquarePants Movie,27.87,['United States of America'],2004-11-14,140161792,87,['English'],6.7,574
25000000,"['Thriller', 'Crime', 'Drama', 'Mystery']",en,Mystic River,31.24,['United States of America'],2003-10-07,156822020,138,['English'],7.6,1422
30000000,['Drama'],en,Million Dollar Baby,70.46,['United States of America'],2004-12-15,216763646,132,"['English', 'Gaeilge']",7.7,2439
80000000,"['Comedy', 'Crime']",en,Analyze This,29.42,"['Australia', 'United States of America']",1999-03-05,176885658,103,['English'],6.4,503
29000000,"['Romance', 'Drama']",en,The Notebook,55.11,['United States of America'],2004-06-25,115603229,123,['English'],7.7,3067
30000000,"['Comedy', 'Romance']",en,27 Dresses,30.7,['United States of America'],2008-01-10,160259319,111,['English'],6.1,978
35000000,"['Comedy', 'Drama', 'Family', 'Music', 'Romance']",en,Hannah Montana: The Movie,13.79,['United States of America'],2009-04-10,155545279,102,['English'],6.0,449
30,"['Adventure', 'Animation', 'Comedy', 'Family']",it,Rugrats in Paris: The Movie,4.59,"['Germany', 'United States of America']",2000-09-14,103,78,['English'],6.0,100
30000000,"['Drama', 'Romance']",en,The Prince of Tides,3.85,['United States of America'],1991-12-25,74787599,132,['English'],5.9,56
30000000,"['Adventure', 'Drama', 'Romance', 'War']",en,Legends of the Fall,26.95,['United States of America'],1994-12-16,160638883,133,"['', 'English']",7.2,619
25000000,"['Drama', 'Romance']",en,Up in the Air,33.7,['United States of America'],2009-09-05,163670000,109,['English'],6.7,1205
30000000,"['Drama', 'Comedy']",en,About Schmidt,19.93,['United States of America'],2002-12-13,105834556,125,['English'],6.7,362
35000000,"['Horror', 'Comedy', 'Romance']",en,Warm Bodies,43.74,['Canada'],2013-01-31,116980662,97,['English'],6.4,2652
30000000,"['Action', 'Thriller', 'Science Fiction']",en,Looper,46.38,"['China', 'United States of America']",2012-09-26,47042000,118,['English'],6.6,4697
30000000,"['Fantasy', 'Drama', 'Comedy', 'Family']",en,Babe,34.37,"['Australia', 'United States of America']",1995-07-18,254134910,89,['English'],6.0,733
30000000,"['Drama', 'Comedy', 'Romance']",en,Hope Springs,12.97,['United States of America'],2012-08-07,114281051,100,['English'],5.8,284
30000000,"['Comedy', 'Romance', 'Drama']",en,Forgetting Sarah Marshall,50.67,['United States of America'],2008-04-17,105173115,111,"['English', '日本語', 'Deutsch']",6.4,1172
45000000,"['Action', 'Crime']",en,Four Brothers,24.69,['United States of America'],2005-08-11,92374674,109,"['Español', 'English']",6.7,607
30000000,['Comedy'],en,Baby Mama,11.41,['United States of America'],2008-04-23,63833449,99,['English'],5.8,205
30000000,['Comedy'],en,Bride Wars,33.39,['United States of America'],2009-01-09,114663461,89,['English'],5.9,856
19000000,"['Action', 'Adventure', 'Comedy', 'Thriller']",en,Without a Paddle,8.58,['United States of America'],2004-08-20,69631118,95,['English'],5.3,214
37000000,"['Comedy', 'Fantasy', 'Romance']",en,13 Going on 30,41.57,['United States of America'],2004-04-13,96455697,98,"['English', 'Français', 'Português']",6.3,1204
30000000,"['Fantasy', 'Comedy', 'Romance']",en,Midnight in Paris,43.75,"['Spain', 'United States of America']",2011-05-11,151119219,94,"['English', 'Français', 'Deutsch', 'Español']",7.4,1990
53000000,"['Crime', 'Drama']",en,Blow,28.35,['United States of America'],2001-04-04,83282296,124,['English'],7.4,1317
80000000,"['Romance', 'Drama']",en,Message in a Bottle,10.81,['United States of America'],1999-02-22,118880016,131,['English'],5.8,196
30000000,"['Science Fiction', 'Action', 'Adventure', 'Thriller']",en,Star Trek V: The Final Frontier,19.58,['United States of America'],1989-06-09,70200000,107,['English'],5.6,376
30000000,"['Comedy', 'Crime']",en,The Naked Gun 33⅓: The Final Insult,28.62,['United States of America'],1994-03-18,51132598,83,['English'],6.3,521
30000000,"['Adventure', 'Action', 'Thriller']",en,A View to a Kill,27.23,"['France', 'Iceland', 'United Kingdom', 'United States of America']",1985-05-24,152427960,131,['English'],6.0,506
30000000,"['Adventure', 'Animation', 'Comedy', 'Family']",en,The Curse of the Were-Rabbit,30.38,"['United Kingdom', 'United States of America']",2005-09-04,192452832,85,['English'],6.8,643
30000000,"['Drama', 'Romance']",en,P.S. I Love You,29.49,['United States of America'],2007-11-15,156835339,126,['English'],6.9,977
30000000,['Comedy'],en,Racing Stripes,8.06,"['United States of America', 'South Africa']",2005-01-06,93772522,102,['English'],5.1,123
30000000,"['Drama', 'Romance']",en,Atonement,33.37,"['United Kingdom', 'France', 'United States of America']",2007-08-29,129266061,123,"['English', 'Français']",7.4,1049
30000000,"['Action', 'Thriller', 'Crime']",en,Black Rain,11.2,['United States of America'],1989-09-22,45892212,125,"['English', '日本語']",6.2,243
30000000,['Comedy'],en,The Three Stooges,14.59,['United States of America'],2012-04-13,54819301,92,['English'],4.9,140
40000000,"['Romance', 'Fantasy', 'Animation', 'Music']",en,Corpse Bride,43.57,['United States of America'],2005-09-09,117195061,77,['English'],7.2,1894
30000000,"['Action', 'Crime', 'Drama', 'Mystery', 'Thriller']",en,Sicario,55.42,['United States of America'],2015-09-17,84025816,121,"['Español', 'English']",7.2,2416
30000000,"['Action', 'Drama']",en,Southpaw,65.36,['United States of America'],2015-06-15,91709827,123,['English'],7.3,2067
30000000,"['Horror', 'Thriller']",en,Drag Me to Hell,45.08,['United States of America'],2009-03-15,90810892,99,"['English', 'Español', 'Magyar', 'Český']",6.2,966
25000000,"['Fantasy', 'Drama', 'Romance']",en,The Age of Adaline,82.05,['United States of America'],2015-04-16,65663276,112,['English'],7.4,1990
30000000,"['Drama', 'Romance']",en,Step Up 3D,25.06,['United States of America'],2010-08-04,159291809,107,['English'],6.6,582
25000000,['Adventure'],en,Blue Crush,11.43,"['Germany', 'United States of America']",2002-08-08,51842679,104,['English'],5.6,159
30000000,"['Comedy', 'Drama', 'Fantasy', 'Romance']",en,Stranger Than Fiction,32.27,['United States of America'],2006-09-09,53653224,113,['English'],7.1,721
30000000,"['Horror', 'Thriller']",en,30 Days of Night,33.39,"['New Zealand', 'United States of America']",2007-10-17,75505973,113,['English'],6.2,767
30000000,"['Horror', 'Thriller']",en,The Cabin in the Woods,73.99,['United States of America'],2012-04-12,66486080,95,"['English', '日本語']",6.5,2263
30000000,['Comedy'],en,Meet the Spartans,10.61,['United States of America'],2008-01-24,84646831,84,['English'],3.7,359
30000000,"['Adventure', 'Comedy', 'Crime']",en,Midnight Run,12.82,['United States of America'],1988-07-20,38413606,126,"['Český', 'English']",7.2,238
27000000,"['Action', 'Science Fiction']",en,The Running Man,30.13,['United States of America'],1987-11-13,38122105,101,['English'],6.4,703
25000000,"['Horror', 'Comedy', 'Music']",en,Little Shop of Horrors,12.11,['United States of America'],1986-12-19,38748395,94,['English'],6.6,384
30000000,"['Action', 'Thriller', 'Adventure']",en,Hanna,31.19,"['Germany', 'United Kingdom', 'United States of America']",2011-04-07,63782078,111,"['English', 'Français', 'Deutsch', 'Italiano', 'العربية', 'Español']",6.5,1263
30000000,"['Action', 'Fantasy', 'Science Fiction']",en,Mortal Kombat: Annihilation,11.92,['United States of America'],1997-11-21,51376861,95,['English'],3.8,221
30000000,"['Comedy', 'Romance', 'Drama']",en,Larry Crowne,20.36,['United States of America'],2011-06-30,36160375,98,['English'],5.7,359
30000000,"['Drama', 'Horror']",en,Carrie,63.85,['United States of America'],2013-10-16,82394288,100,['English'],5.8,1463
30000000,['Music'],en,Take the Lead,9.0,['United States of America'],2006-03-17,34742066,108,['English'],6.6,162
30000000,"['Action', 'Adventure', 'Crime', 'Drama']",en,Gridiron Gang,9.28,['United States of America'],2006-09-15,41480851,125,['English'],6.5,206
30000000,"['Action', 'Adventure', 'Animation', 'Science Fiction', 'Thriller']",en,9,55.81,['United States of America'],2009-08-19,48428063,79,['English'],6.6,1262
30000000,"['Thriller', 'Crime', 'Drama']",en,Side Effects,48.24,['United States of America'],2013-02-07,63372757,106,"['English', 'Français']",6.4,1323
30000000,"['Animation', 'Family']",en,Winnie the Pooh,19.14,['United States of America'],2011-04-13,14460000,63,['English'],6.8,258
19000000,['Comedy'],en,Dumb and Dumberer: When Harry Met Lloyd,15.68,['United States of America'],2003-06-13,39267515,85,['English'],4.1,210
30000000,"['Comedy', 'Drama']",en,Bulworth,4.52,['United States of America'],1998-05-15,29202884,108,['English'],6.3,66
30000000,"['Action', 'Crime', 'Science Fiction', 'Thriller']",en,Virtuosity,5.3,['United States of America'],1995-08-04,24048000,106,['English'],5.4,163
30000000,"['Action', 'Thriller']",en,Sanctum,20.06,"['United States of America', 'Australia']",2011-02-03,108609310,108,['English'],5.8,339
35000000,"['Comedy', 'Romance', 'Drama']",en,Little Black Book,6.25,['United States of America'],2004-08-06,22034832,111,['English'],5.2,112
30000000,['Comedy'],en,The Five-Year Engagement,27.71,['United States of America'],2012-04-27,53909751,124,['English'],5.7,457
30000000,"['Comedy', 'Drama']",en,Mr. 3000,2.85,['United States of America'],2004-06-15,21800302,104,['English'],5.0,66
30000000,"['Romance', 'Drama', 'Thriller', 'Crime']",en,The Next Three Days,34.42,"['United States of America', 'France']",2010-11-18,51148651,133,['English'],6.9,905
30000000,"['Science Fiction', 'Action', 'Thriller']",en,Ultraviolet,15.9,['United States of America'],2006-03-03,31070211,87,"['English', 'Tiếng Việt']",4.8,458
30000000,['Thriller'],en,Assault on Precinct 13,18.71,"['United States of America', 'France']",2005-01-19,35294470,109,"['English', 'Srpski', 'Español']",6.0,311
30000000,"['Action', 'Drama', 'Crime', 'Thriller']",en,The Replacement Killers,9.61,['United States of America'],1998-02-06,19204929,87,"['广州话 / 廣州話', 'Český', 'English']",6.0,127
25000000,"['Action', 'Comedy', 'Thriller']",en,Fled,2.77,['United States of America'],1996-07-19,17193231,98,['English'],5.2,47
30000000,"['Drama', 'Comedy', 'Romance']",en,Love & Other Drugs,20.24,['United States of America'],2010-11-22,102820008,112,['English'],6.6,1233
30000000,"['Crime', 'Mystery', 'Thriller']",en,88 Minutes,16.88,['United States of America'],2007-02-14,16930884,108,['English'],5.7,313
35000000,['Drama'],en,North Country,12.78,['United States of America'],2005-02-12,25224242,126,['English'],6.8,125
40000000,"['Comedy', 'Thriller', 'Crime']",en,The Whole Ten Yards,14.73,['United States of America'],2004-04-07,26155781,98,"['English', 'עִבְרִית', 'Magyar']",5.5,278
37000000,"['Comedy', 'Fantasy', 'Science Fiction']",en,Howard the Duck,11.37,['United States of America'],1986-08-01,37962774,110,"['Português', 'English']",5.1,221
30000000,"['Thriller', 'Crime', 'Drama']",en,Pride and Glory,10.7,"['United States of America', 'Germany']",2008-09-09,31148328,130,['English'],6.3,240
30000000,"['Action', 'Adventure', 'Horror', 'Thriller']",en,The Cave,10.76,"['Germany', 'United States of America']",2005-08-25,15007991,97,"['Český', 'English']",5.1,202
30000000,"['Comedy', 'Romance']",en,Alex & Emma,4.35,['United States of America'],2003-06-16,15368897,96,"['English', 'Français']",5.0,68
30000000,"['Drama', 'Mystery', 'Romance', 'Thriller']",en,Wicker Park,9.3,['United States of America'],2004-09-03,13001257,114,['English'],6.7,157
17000000,"['Horror', 'Comedy']",en,Fright Night,18.27,"['United Kingdom', 'United States of America']",2011-08-18,24922237,106,['English'],6.0,603
30000000,"['Drama', 'History', 'Romance']",en,The New World,19.11,['United States of America'],2005-12-25,30536013,135,['English'],6.4,330
25000000,"['Drama', 'Horror', 'Science Fiction', 'Thriller']",en,Godsend,12.1,"['Canada', 'United States of America']",2004-04-30,30114487,102,['English'],4.7,114
23000000,"['Comedy', 'Romance']",en,Chasing Liberty,3.36,"['United Kingdom', 'United States of America']",2004-01-09,12,111,"['English', 'Français', 'עִבְרִית', 'Italiano', 'Español', 'Deutsch']",6.1,152
30000000,"['Comedy', 'Animation', 'Family']",en,Hoodwinked Too! Hood VS. Evil,10.69,['United States of America'],2011-04-29,13521829,86,['English'],4.8,131
30000000,['Drama'],en,An Unfinished Life,6.35,"['United States of America', 'Germany']",2005-09-09,18618284,108,"['English', 'Français']",6.7,161
30000000,"['Adventure', 'Fantasy', 'Mystery']",en,The Imaginarium of Doctor Parnassus,37.18,"['Canada', 'France', 'United Kingdom']",2009-10-01,64352607,123,"['English', 'Pусский', 'Français']",6.3,869
30000000,"['Comedy', 'Drama']",en,Barney's Version,4.95,"['Canada', 'Italy']",2010-10-26,8454301,134,['English'],7.2,129
30000000,"['Crime', 'Thriller', 'Drama']",en,Runner Runner,22.98,['United States of America'],2013-09-24,62616646,91,['English'],5.5,543
30000000,"['Action', 'Crime', 'Drama']",en,Antitrust,8.36,"['Canada', 'United States of America']",2001-01-12,18195610,108,['English'],5.8,153
18000000,['War'],en,Glory,16.1,['United States of America'],1989-12-15,26828365,122,['English'],7.4,383
30000000,"['Drama', 'Family', 'Romance']",en,Miss Potter,8.39,"['United Kingdom', 'United States of America']",2006-12-03,35078241,92,['English'],6.3,141
21000000,"['Adventure', 'Action', 'Thriller']",en,DOA: Dead or Alive,12.79,"['Germany', 'United Kingdom', 'United States of America']",2006-09-07,480314,87,['English'],5.0,205
30000000,"['Action', 'Drama', 'Western']",en,The Assassination of Jesse James by the Coward Robert Ford,35.53,"['Canada', 'United Kingdom', 'United States of America']",2007-09-02,14711793,160,['English'],7.0,776
30000000,"['Adventure', 'Drama', 'Action', 'History', 'War']",zh,辛亥革命,4.07,"['China', 'Hong Kong']",2011-07-03,108348,125,"['Français', '普通话', 'English']",5.0,41
30000000,"['Action', 'Thriller', 'Crime']",en,Machine Gun Preacher,13.27,['United States of America'],2011-09-23,2527904,129,"['العربية', 'English']",6.4,286
19000000,"['Adventure', 'Animation', 'Comedy', 'Fantasy']",en,Sausage Party,66.24,"['Canada', 'United States of America']",2016-07-11,140752617,83,['English'],5.6,2238
29000000,"['Comedy', 'Music']",en,Pitch Perfect 2,71.5,['United States of America'],2015-05-07,287506194,115,['English'],6.8,1940
28000000,"['Drama', 'Music', 'Romance']",en,Walk the Line,35.58,"['Germany', 'United States of America']",2005-09-13,186438883,136,"['English', 'Pусский']",7.3,718
30000000,['Comedy'],en,Keeping the Faith,8.09,['United States of America'],2000-04-14,37036004,127,"['עִבְרִית', 'English', 'Español']",5.9,159
30000000,"['Comedy', 'Crime', 'Drama', 'Romance', 'Thriller']",en,Confessions of a Dangerous Mind,18.17,['United States of America'],2002-12-30,33013805,113,['English'],6.6,275
29000000,"['Comedy', 'Romance']",en,Serving Sara,8.94,"['Germany', 'United States of America']",2002-08-20,16930185,100,"['Español', 'English']",5.0,85
29000000,['Comedy'],en,The Boss,20.56,['United States of America'],2016-04-07,78636257,91,['English'],5.5,431
12000000,"['Drama', 'Horror', 'Comedy']",en,Seed of Chucky,12.65,"['Romania', 'United States of America']",2004-11-11,24829644,87,['English'],4.9,287
29000000,"['Drama', 'Mystery', 'Thriller', 'Fantasy']",en,The Jacket,24.24,"['Germany', 'United States of America']",2005-03-04,21126225,103,['English'],6.8,455
28000000,"['Animation', 'Family', 'Comedy', 'Adventure', 'Fantasy', 'Romance']",en,Aladdin,92.98,['United States of America'],1992-11-25,504050219,90,['English'],7.4,3416
28000000,"['Drama', 'Music']",en,Straight Outta Compton,61.76,['United States of America'],2015-08-13,201634991,147,['English'],7.7,1355
28000000,"['Adventure', 'Action']",en,Indiana Jones and the Temple of Doom,66.98,['United States of America'],1984-05-23,333000000,118,"['English', '']",7.1,2781
30000000,"['Animation', 'Family']",en,The Rugrats Movie,7.98,['United States of America'],1998-11-20,100491683,79,['English'],5.7,147
60000000,"['Crime', 'Mystery', 'Thriller', 'Action']",en,Along Came a Spider,21.25,"['Canada', 'Germany', 'United States of America']",2001-04-06,105178561,104,"['English', 'Pусский']",6.1,400
29000000,"['Comedy', 'Drama']",en,Florence Foster Jenkins,19.24,"['United Kingdom', 'United States of America']",2016-05-06,48902953,110,['English'],6.6,392
29000000,['Action'],en,Once Upon a Time in Mexico,27.56,['United States of America'],2003-09-11,98185582,102,"['English', 'Español']",6.2,594
28000000,"['Action', 'Thriller']",en,Die Hard,66.17,['United States of America'],1988-07-15,140767956,131,"['English', 'Deutsch', 'Italiano']",7.5,3948
28000000,['Comedy'],en,Role Models,24.92,['United States of America'],2008-02-03,92380927,99,['English'],6.4,564
28000000,"['Comedy', 'Drama']",en,The Big Short,57.52,['United States of America'],2015-12-11,133346506,130,['English'],7.3,2607
28000000,"['Drama', 'History']",en,Miracle,7.53,['United States of America'],2004-02-06,64445708,135,['English'],7.0,159
28000000,"['Fantasy', 'Horror', 'Action']",en,Dawn of the Dead,44.53,['United States of America'],2004-03-19,102356381,101,"['English', 'Italiano']",6.8,1016
35000000,['Comedy'],en,The Wedding Planner,14.95,['United States of America'],2001-01-26,94728529,103,['English'],5.5,427
30000000,"['Animation', 'Science Fiction']",ja,キャプテンハーロック,14.73,['Japan'],2013-09-07,17137302,115,['日本語'],6.5,356
21000000,"['Comedy', 'Drama']",en,The Royal Tenenbaums,24.13,['United States of America'],2001-10-05,71441250,110,"['English', 'Italiano']",7.4,1286
30000000,"['Mystery', 'Thriller']",en,Identity,45.92,['United States of America'],2003-04-25,90259536,90,['English'],7.1,1061
28000000,['Comedy'],en,Last Vegas,28.04,['United States of America'],2013-10-31,134402450,105,['English'],6.4,799
28000000,"['Adventure', 'Action', 'Thriller']",en,For Your Eyes Only,26.09,"['United Kingdom', 'United States of America']",1981-06-23,195312802,127,"['ελληνικά', 'English', 'Italiano']",6.3,490
28000000,"['Comedy', 'Romance']",en,Serendipity,14.53,['United States of America'],2001-10-05,77516304,90,['English'],6.6,521
27000000,"['Thriller', 'Science Fiction', 'Action', 'Crime']",en,Timecop,13.31,"['Japan', 'United States of America']",1994-09-15,101646581,99,['English'],5.5,282
28000000,['Comedy'],en,Zoolander,38.1,"['Germany', 'United States of America']",2001-09-28,60780981,89,['English'],6.1,1337
28000000,['Romance'],en,Safe Haven,37.73,['United States of America'],2013-02-07,97594140,115,"['English', 'Português']",6.9,823
28000000,"['Comedy', 'Family', 'Fantasy']",en,Hocus Pocus,18.65,['United States of America'],1993-07-16,39514713,96,['English'],6.4,471
28000000,['Comedy'],en,No Reservations,15.79,"['Australia', 'United States of America']",2007-07-25,92601050,104,['English'],6.1,327
28000000,"['Action', 'Crime']",en,Kick-Ass,45.05,"['United Kingdom', 'United States of America']",2010-03-22,96188903,117,['English'],7.1,4645
28000000,"['Action', 'Adventure', 'Comedy']",en,30 Minutes or Less,25.04,"['United States of America', 'Germany', 'Canada']",2011-08-11,40547440,83,"['English', 'Deutsch', 'Español']",5.6,531
28000000,"['Thriller', 'Horror']",en,Dracula 2000,6.76,['United States of America'],2000-12-22,33000337,99,['English'],4.6,148
28000000,"['Family', 'Comedy']",en,"Alexander and the Terrible, Horrible, No Good, Very Bad Day",22.15,['United States of America'],2014-10-08,100654149,81,['English'],6.1,493
28000000,"['Drama', 'Romance']",en,Pride & Prejudice,36.58,"['France', 'United Kingdom', 'United States of America']",2005-09-16,121147947,135,['English'],7.7,1358
28000000,"['Science Fiction', 'Drama', 'Thriller']",en,Blade Runner,94.06,"['United States of America', 'Hong Kong', 'United Kingdom']",1982-06-25,33139618,117,"['English', 'Deutsch', '广州话 / 廣州話', '日本語', 'Magyar']",7.9,3509
28000000,['Adventure'],en,Rob Roy,10.7,"['United Kingdom', 'United States of America']",1995-04-13,31596911,139,['English'],6.5,148
28000000,"['Action', 'Drama', 'Thriller', 'Crime']",en,3 Days to Kill,41.64,"['France', 'United States of America']",2014-02-14,52597999,113,['English'],6.0,883
21000000,"['Drama', 'Crime', 'Thriller']",en,We Own the Night,14.52,['United States of America'],2007-05-25,54926886,117,"['English', 'Pусский']",6.5,323
35866397,['Documentary'],fr,Le peuple migrateur,3.75,"['Switzerland', 'Germany', 'Spain', 'France', 'Italy']",2001-12-12,20217080,98,"['English', 'Français']",7.0,49
28000000,"['Comedy', 'Drama', 'Family', 'Fantasy', 'Romance']",en,Just My Luck,22.07,['United States of America'],2006-05-12,38159905,103,['English'],5.8,491
28000000,"['Drama', 'Comedy']",en,"Mystery, Alaska",4.44,"['Canada', 'United States of America']",1999-10-01,8888143,119,['English'],6.0,69
28000000,"['Action', 'Comedy', 'Family']",en,The Spy Next Door,14.64,['United States of America'],2010-01-15,45236543,94,['English'],5.5,345
28000000,"['Adventure', 'Comedy', 'Family', 'Fantasy']",en,A Simple Wish,1.77,['United States of America'],1997-07-11,8345056,86,['English'],5.5,46
28000000,"['Action', 'Horror', 'Science Fiction']",en,Ghosts of Mars,13.15,['United States of America'],2001-08-24,14010832,98,['English'],4.8,296
28000000,"['Comedy', 'Drama']",en,Our Brand Is Crisis,12.92,['United States of America'],2015-09-11,7002261,108,['English'],5.8,195
28000000,"['Romance', 'Horror', 'Comedy', 'Thriller']",en,Pride and Prejudice and Zombies,28.4,['United States of America'],2016-02-04,16374328,108,['English'],5.5,640
28000000,['Drama'],en,Kundun,7.04,['United States of America'],1997-12-25,5684789,134,"['English', '普通话', '']",6.8,91
27000000,"['Comedy', 'Romance', 'Drama']",en,How to Lose Friends & Alienate People,16.79,['United Kingdom'],2008-10-02,17286299,110,['English'],6.2,244
28000000,"['Action', 'Adventure', 'Crime']",en,Kick-Ass 2,40.29,"['United States of America', 'United Kingdom']",2013-07-17,60700000,103,['English'],6.3,2224
24000000,['Action'],es,Alatriste,6.01,['Spain'],2006-09-01,23321954,145,['Español'],5.6,61
28000000,"['Action', 'Crime', 'Drama']",en,Brick Mansions,25.52,"['Canada', 'France']",2014-04-22,68896829,90,['English'],5.7,615
27500000,"['Adventure', 'Action', 'Thriller']",en,Octopussy,25.63,"['United Kingdom', 'United States of America']",1983-06-05,187500000,131,"['Deutsch', 'English', 'Pусский', 'Español']",6.2,527
30000000,"['Comedy', 'Romance', 'Drama']",en,Knocked Up,22.53,['United States of America'],2007-06-01,219076518,129,['English'],6.2,1214
30000000,['Drama'],en,My Sister's Keeper,24.09,['United States of America'],2009-06-26,95714875,109,"['Hrvatski', 'English']",7.1,598
35000000,"['Comedy', 'Drama']",en,Welcome Home Roscoe Jenkins,6.25,['United States of America'],2008-02-08,43650785,114,['English'],5.7,57
8000000,"['Drama', 'Adventure', 'History']",en,A Passage to India,9.55,"['United Kingdom', 'United States of America']",1984-12-14,27187653,163,"['English', 'हिन्दी']",6.9,67
15000000,"['Drama', 'Romance']",en,Notes on a Scandal,12.58,['United Kingdom'],2006-12-25,49469904,92,"['English', 'Français']",6.9,235
27500000,"['Drama', 'Thriller']",en,Rendition,12.74,['United States of America'],2007-09-07,24748670,120,"['العربية', 'English']",6.2,205
27000000,"['Science Fiction', 'Action', 'Adventure', 'Thriller']",en,Star Trek VI: The Undiscovered Country,16.19,['United States of America'],1991-12-05,96900000,113,['English'],6.7,413
27000000,"['Drama', 'Mystery', 'Thriller', 'Crime']",en,Kiss the Girls,18.91,['United States of America'],1997-10-03,60527873,115,"['English', '普通话']",6.2,345
27000000,"['Music', 'Comedy', 'Action', 'Crime']",en,The Blues Brothers,44.71,['United States of America'],1980-06-17,115229890,133,['English'],7.5,1065
27000000,"['Adventure', 'Comedy', 'Drama', 'Family']",en,The Sisterhood of the Traveling Pants 2,11.87,['United States of America'],2008-08-06,44352417,117,['English'],6.0,238
27000000,"['Drama', 'Comedy', 'Romance']",en,About a Boy,28.23,"['United Kingdom', 'United States of America']",2002-04-26,129000000,101,['English'],6.6,607
27000000,"['Horror', 'Comedy', 'Action', 'Science Fiction', 'Thriller']",en,Lake Placid,11.68,['United States of America'],1999-07-15,56870414,82,['English'],5.5,247
27000000,"['Drama', 'Thriller', 'Crime', 'Mystery']",en,Lucky Number Slevin,36.92,"['Germany', 'United States of America']",2006-02-24,56308881,110,['English'],7.4,1323
27000000,"['Drama', 'History']",en,The Right Stuff,17.57,['United States of America'],1983-10-20,21500000,193,"['English', 'Pусский']",7.3,235
30000000,"['Drama', 'History', 'Thriller']",en,Anonymous,16.7,"['United Kingdom', 'Germany']",2011-10-21,15395087,130,['English'],6.3,288
27000000,"['Drama', 'Family', 'Fantasy', 'Adventure']",en,The Neverending Story,47.86,"['Germany', 'United States of America']",1984-04-05,20158808,102,['English'],7.0,1002
27000000,"['Mystery', 'Science Fiction']",en,Dark City,39.32,"['Australia', 'United States of America']",1998-02-27,27200316,100,['English'],7.2,828
25000000,"['Adventure', 'Family', 'Fantasy']",en,Return to Oz,5.65,"['United Kingdom', 'United States of America']",1985-06-21,11137801,109,['English'],6.7,120
27000000,"['Crime', 'Action', 'Drama']",en,The Newton Boys,3.12,['United States of America'],1998-03-26,76000000,113,['English'],5.9,44
27000000,"['Horror', 'Mystery', 'Thriller']",en,Case 39,23.92,"['Canada', 'United States of America']",2009-08-13,29000000,109,['English'],6.1,563
27000000,"['Crime', 'Thriller']",en,Suspect Zero,8.72,"['Germany', 'United Kingdom', 'United States of America']",2004-08-27,13000000,99,['English'],5.5,98
27000000,"['Family', 'Comedy', 'Action']",en,Spy Kids: All the Time in the World,14.79,['United States of America'],2011-08-18,85564310,89,['English'],4.4,222
27000000,['Thriller'],en,Money Monster,38.28,['United States of America'],2016-05-12,93282604,98,['English'],6.5,1068
28,"['Thriller', 'Action', 'Comedy', 'Crime']",en,The 51st State,9.67,"['Canada', 'United Kingdom']",2001-12-07,14,93,['English'],5.9,173
27000000,"['Mystery', 'Thriller', 'Crime']",en,Mindhunters,17.19,"['Finland', 'Netherlands', 'United Kingdom', 'United States of America']",2004-05-07,21148829,106,['English'],6.3,333
25000000,"['Comedy', 'Drama']",en,What Just Happened,8.32,['United States of America'],2008-10-17,6673422,104,"['Français', 'English', 'עִבְרִית']",5.2,127
26000000,"['Action', 'Adventure', 'Comedy', 'Family']",en,Paul Blart: Mall Cop,31.25,['United States of America'],2009-01-15,183293131,91,['English'],5.2,788
26000000,['Comedy'],en,Freaky Friday,24.35,['United States of America'],2003-08-03,110230332,97,"['普通话', 'English']",6.0,879
26000000,"['Comedy', 'Romance']",en,The 40 Year Old Virgin,38.47,['United States of America'],2005-08-11,109449237,116,"['English', 'Español']",6.2,1983
25000000,"['Romance', 'History']",en,Shakespeare in Love,31.79,['United States of America'],1998-12-11,289317794,122,['English'],6.8,796
28000000,"['Crime', 'Drama', 'Mystery', 'Thriller']",en,A Walk Among the Tombstones,61.31,['United States of America'],2014-09-18,53181600,113,['English'],6.2,1131
15000000,['Comedy'],en,Kindergarten Cop,5.41,['United States of America'],1990-12-21,201957688,111,"['English', 'Español']",5.8,628
27000000,"['Action', 'Comedy']",en,Pineapple Express,41.83,['United States of America'],2008-08-06,101624843,111,['English'],6.6,1148
26000000,"['Drama', 'Romance', 'Comedy']",en,EverAfter,21.99,['United States of America'],1998-07-31,65705772,121,['English'],6.8,399
22000000,['Western'],en,Open Range,19.07,['United States of America'],2003-08-29,68296293,139,['English'],7.0,262
26000000,"['Drama', 'Horror', 'Science Fiction', 'Thriller']",en,Flatliners,24.11,['United States of America'],1990-08-09,61489265,115,"['English', 'Français', 'Español']",6.3,404
22000000,"['Drama', 'History', 'War']",en,A Bridge Too Far,20.26,"['United Kingdom', 'United States of America']",1977-06-15,50750000,175,"['English', 'Nederlands', 'Polski', 'Deutsch', 'Latin']",6.9,207
26000000,"['Horror', 'Thriller']",en,Red Eye,8.8,['United States of America'],2005-08-04,57891803,85,"['English', 'Pусский']",6.2,455
26000000,"['Horror', 'Mystery']",en,Final Destination 2,37.36,['United States of America'],2003-01-31,90426405,90,['English'],5.9,1023
26000000,"['Action', 'Adventure', 'Comedy']",en,"O Brother, Where Art Thou?",39.74,"['France', 'United Kingdom', 'United States of America']",2000-08-30,71868327,106,['English'],7.3,1112
26000000,['Horror'],en,Legion,30.98,['United States of America'],2010-01-21,67918658,100,['English'],5.2,629
25000000,"['Thriller', 'Crime', 'Action']",en,Pain & Gain,31.89,['United States of America'],2013-04-18,86175291,130,['English'],6.1,1573
26000000,"['Adventure', 'Family', 'Science Fiction', 'Thriller']",en,Clockstoppers,5.89,['United States of America'],2002-03-17,38793283,94,"['Český', 'English']",4.9,89
26000000,"['Drama', 'Thriller', 'War']",en,Brothers,22.08,['United States of America'],2009-01-27,43318349,104,"['English', 'Français']",6.8,633
26000000,['Comedy'],en,Agent Cody Banks 2: Destination London,10.93,['United States of America'],2004-12-03,28818995,100,['English'],5.2,144
56000000,"['Comedy', 'Romance']",en,New Year's Eve,21.22,['United States of America'],2011-12-08,142044638,118,['English'],5.7,718
42000000,"['Drama', 'Thriller', 'Mystery', 'Romance']",en,Original Sin,14.83,"['France', 'United States of America']",2001-08-03,35402320,118,"['English', 'Deutsch', '日本語', 'Latin', 'Español']",5.8,198
26000000,"['Crime', 'Thriller', 'Mystery']",en,The Raven,22.52,"['Hungary', 'Serbia', 'Spain', 'United States of America']",2012-03-09,29657751,111,['English'],6.1,426
30000000,['Comedy'],en,Welcome to Mooseport,3.31,"['Germany', 'United States of America']",2004-02-24,14000000,110,['English'],4.8,54
26000000,"['Action', 'Fantasy', 'Science Fiction']",en,Highlander III: The Sorcerer,7.96,"['Canada', 'France', 'United Kingdom']",1994-11-29,36800000,99,['English'],4.5,110
25530000,"['Adventure', 'Family']",en,Flipper,4.48,['United States of America'],1996-05-17,20080020,95,['English'],5.3,84
26000000,"['Science Fiction', 'Mystery', 'Thriller']",en,Self/less,66.1,['United States of America'],2015-07-10,30523226,116,['English'],6.3,1091
25000000,"['Drama', 'Mystery', 'Thriller']",en,The Constant Gardener,20.68,"['China', 'Germany', 'United Kingdom', 'United States of America']",2005-08-31,82466670,129,"['Deutsch', 'English', 'Italiano', 'Kiswahili']",6.8,417
30000000,['Drama'],en,The Passion of the Christ,38.17,['United States of America'],2004-02-25,611899420,127,"['עִבְרִית', 'Latin']",6.9,864
25000000,"['Comedy', 'Drama', 'Family']",en,Mrs. Doubtfire,30.88,['United States of America'],1993-11-24,441286195,125,['English'],7.0,1591
25000000,['Drama'],en,Rain Man,49.51,['United States of America'],1988-12-11,412800000,133,"['Italiano', 'English']",7.6,1709
33000000,['Drama'],en,Gran Torino,50.75,"['United States of America', 'Germany']",2008-12-09,269958228,116,['English'],7.8,3086
25100000,"['Drama', 'History']",en,W.,10.45,['United States of America'],2008-10-17,29506464,131,"['Español', 'English']",6.1,143
25000000,"['Action', 'Thriller']",en,Taken,80.88,"['France', 'United Kingdom', 'United States of America']",2008-02-18,226830568,93,"['English', 'Français', 'العربية', 'shqip']",7.2,4369
26000000,"['Drama', 'Romance']",en,The Best of Me,33.94,['United States of America'],2014-10-16,35926213,117,['English'],7.2,765
25000000,"['Thriller', 'Action', 'Drama', 'Music', 'Romance']",en,The Bodyguard,26.58,['United States of America'],1992-11-25,411006740,129,['English'],6.1,661
22000000,"['Drama', 'History', 'War']",en,Schindler's List,104.47,['United States of America'],1993-11-29,321365567,195,"['Deutsch', 'Polski', 'עִבְרִית', 'English']",8.3,4329
25000000,['Drama'],en,The Help,42.19,"['India', 'United Arab Emirates', 'United States of America']",2011-08-09,124272124,146,['English'],7.8,1910
28000000,"['Drama', 'Thriller']",en,The Fifth Estate,20.27,"['Belgium', 'United States of America']",2013-10-11,8555008,128,['English'],5.7,364
30000000,['Horror'],en,Freddy vs. Jason,26.7,"['Canada', 'Italy', 'United States of America']",2003-08-15,114908830,97,['English'],5.8,594
25000000,"['Action', 'Adventure', 'Animation', 'Comedy', 'Family', 'Fantasy', 'Science Fiction']",en,Jimmy Neutron: Boy Genius,12.74,['United States of America'],2001-12-21,80936232,83,['English'],5.6,231
25000000,"['Action', 'Thriller', 'Science Fiction']",en,Cloverfield,46.94,['United States of America'],2008-01-15,170764026,85,"['Pусский', 'English']",6.4,2251
25000000,"['Science Fiction', 'Adventure', 'Action', 'Comedy', 'Family']",en,Teenage Mutant Ninja Turtles II: The Secret of the Ooze,15.51,"['Hong Kong', 'United States of America']",1991-03-22,78000000,88,['English'],5.8,286
25000000,"['Crime', 'Drama', 'History', 'Thriller']",en,The Untouchables,38.27,['United States of America'],1987-06-02,76270454,119,['English'],7.6,1384
25000000,"['Crime', 'Drama', 'Thriller']",en,No Country for Old Men,53.65,['United States of America'],2007-11-08,171600000,122,"['English', 'Español']",7.7,3003
25000000,"['Action', 'Comedy']",en,Ride Along,28.47,['United States of America'],2014-01-07,153997819,99,['English'],6.1,853
25000000,"['Comedy', 'Romance', 'Drama']",en,Bridget Jones's Diary,35.31,"['France', 'Ireland', 'United Kingdom', 'United States of America']",2001-04-13,281929795,97,['English'],6.5,1356
25000000,"['Comedy', 'Drama', 'Romance']",en,Chocolat,28.73,"['United Kingdom', 'United States of America']",2000-12-14,152500343,121,"['English', 'Français']",6.8,951
45000000,['Comedy'],en,"Legally Blonde 2: Red, White & Blonde",4.34,['United States of America'],2003-07-02,124914842,95,['English'],5.1,377
25000000,['Comedy'],en,Parental Guidance,14.6,['United States of America'],2012-12-25,119772232,104,['English'],5.7,210
25000000,"['Comedy', 'Romance']",en,No Strings Attached,38.69,['United States of America'],2011-01-21,147780440,107,['English'],6.1,1331
25000000,"['Action', 'Adventure', 'Drama', 'History', 'Western']",en,Tombstone,30.54,['United States of America'],1993-12-25,56505065,130,"['English', 'Latin', 'Español']",7.4,626
25000000,"['Action', 'Crime', 'Thriller']",en,Romeo Must Die,19.75,['United States of America'],2000-03-20,91036760,115,"['English', '普通话']",6.0,330
2800000,"['Horror', 'Thriller']",en,The Omen,25.94,"['United Kingdom', 'United States of America']",1976-06-06,60922980,111,"['English', 'Italiano', 'Latin']",7.2,476
25000000,"['Horror', 'Mystery']",en,Final Destination 3,31.64,"['Canada', 'Germany', 'United States of America']",2006-02-10,117719158,93,['English'],5.8,974
25000000,"['Drama', 'Romance']",en,The Lucky One,26.81,['United States of America'],2012-04-19,99357138,101,['English'],6.8,946
60000000,"['Adventure', 'Drama', 'Family']",en,Bridge to Terabithia,40.65,['United States of America'],2007-02-16,137587063,96,['English'],7.0,1113
25000000,['Drama'],en,Finding Neverland,34.16,"['United Kingdom', 'United States of America']",2004-10-17,116766556,106,['English'],7.2,1223
25000000,"['Action', 'Drama', 'Thriller']",en,The Grey,48.55,"['Canada', 'United States of America']",2012-01-26,77278331,117,['English'],6.4,1451
25000000,"['Horror', 'Mystery', 'Thriller']",en,Hide and Seek,18.23,['United States of America'],2005-01-27,122644820,101,['English'],6.1,440
26000000,['Comedy'],en,Anchorman: The Legend of Ron Burgundy,29.34,['United States of America'],2004-07-09,90574188,94,['English'],6.7,1493
25000000,"['Drama', 'Crime']",en,GoodFellas,63.65,['United States of America'],1990-09-12,46836394,145,"['Italiano', 'English']",8.2,3128
28000000,['Action'],en,Agent Cody Banks,11.86,"['Canada', 'United States of America']",2003-03-14,58795814,102,['English'],5.0,284
25000000,"['Fantasy', 'Comedy', 'Family']",en,Nanny McPhee,24.36,"['France', 'United Kingdom', 'United States of America']",2005-10-21,122489822,97,['English'],6.4,711
25000000,"['Action', 'Crime', 'Drama', 'Thriller']",en,Scarface,70.11,['United States of America'],1983-12-08,65884703,170,"['English', 'Español']",8.0,2948
23000000,"['Drama', 'History']",en,The Last Emperor,21.19,"['France', 'China', 'United Kingdom', 'Italy']",1987-10-21,43984230,163,"['Český', 'English', '日本語', '普通话', 'Pусский']",7.4,355
25000000,"['Thriller', 'Action', 'Drama', 'Crime']",en,Contraband,31.36,"['United States of America', 'United Kingdom', 'France']",2012-01-12,63100000,109,['English'],6.1,770
25000000,['Drama'],en,There Will Be Blood,37.82,['United States of America'],2007-12-28,77208711,158,['English'],7.9,1537
25000000,"['Action', 'Comedy']",en,Undercover Brother,6.09,['United States of America'],2002-05-31,41604473,86,['English'],5.5,112
25000000,"['Drama', 'Comedy']",en,The Sisterhood of the Traveling Pants,17.17,['United States of America'],2005-06-01,39053061,119,"['English', 'ελληνικά', 'Español']",6.3,386
25000000,"['Action', 'Crime', 'Thriller']",en,Kiss of the Dragon,16.94,"['France', 'United States of America']",2001-07-06,64437847,98,"['English', 'Français', '普通话']",6.4,298
25000000,"['Romance', 'Comedy']",en,The House Bunny,25.84,['United States of America'],2008-08-22,70442940,97,['English'],5.6,529
25000000,"['Comedy', 'Romance']",en,Beauty Shop,5.63,['United States of America'],2005-06-02,36351350,105,['English'],5.4,115
25000000,['Drama'],en,Million Dollar Arm,17.31,['United States of America'],2014-05-09,38307627,124,"['हिन्दी', 'English']",6.6,259
25000000,"['Drama', 'Science Fiction']",en,The Giver,53.81,['United States of America'],2014-08-11,66980456,94,['English'],6.4,1798
17000000,"['Horror', 'Thriller']",en,Jeepers Creepers 2,19.05,['United States of America'],2003-08-08,63102666,104,['English'],5.5,299
25000000,"['Comedy', 'Drama', 'Romance']",en,Good Luck Chuck,21.73,"['Canada', 'United States of America']",2007-09-21,59192128,101,['English'],5.5,444
25000000,"['Action', 'Crime', 'Drama']",en,Cradle 2 the Grave,12.84,['United States of America'],2003-02-28,56489558,101,"['English', '한국어/조선말', 'Pусский']",5.8,236
25000000,['Drama'],en,The Hours,20.95,['United States of America'],2002-12-27,41597830,114,['English'],7.0,451
20000000,"['Comedy', 'Drama', 'Family', 'Romance']",en,She's the Man,10.81,['United States of America'],2006-03-17,33889159,105,['English'],6.4,671
25000000,"['Family', 'Comedy']",en,Mr. Bean's Holiday,27.68,"['United Kingdom', 'France', 'Germany']",2007-03-22,229736344,90,['English'],6.1,663
20000000,"['Adventure', 'Action', 'Horror', 'Science Fiction', 'Thriller']",en,Anacondas: The Hunt for the Blood Orchid,9.86,['United States of America'],2004-08-26,70992898,97,"['English', 'Pусский']",4.9,199
25500000,"['Thriller', 'Crime', 'Drama']",en,Blood Ties,12.76,"['France', 'United States of America']",2013-08-22,2415472,128,"['Español', 'English', 'Italiano']",6.0,171
25000000,['Drama'],en,August Rush,29.53,['United States of America'],2007-11-21,66122026,114,['English'],7.1,797
30000000,"['Drama', 'History']",en,Elizabeth,14.18,['United States of America'],1998-09-13,82150642,124,"['Français', 'English']",7.1,334
25000000,"['Horror', 'Comedy']",en,Bride of Chucky,14.34,"['Canada', 'United States of America']",1998-10-16,50671850,89,['English'],5.5,350
25485000,"['History', 'Action', 'Drama', 'Adventure', 'War']",en,Tora! Tora! Tora!,9.8,"['Japan', 'United States of America']",1970-01-26,29548291,144,"['English', '日本語']",6.9,147
25000000,"['Adventure', 'Fantasy', 'Drama', 'Comedy', 'Music']",en,Spice World,6.89,['United Kingdom'],1997-12-19,100000000,93,['English'],4.7,123
25000000,['Comedy'],en,The Sitter,19.43,['United States of America'],2011-12-09,34942188,81,['English'],5.4,325
25000000,"['Drama', 'Crime']",en,The Shawshank Redemption,136.75,['United States of America'],1994-09-23,28341469,142,['English'],8.5,8205
21150000,"['Adventure', 'Comedy']",en,Crocodile Dundee in Los Angeles,6.08,"['Australia', 'United States of America']",2001-04-12,39438674,92,['English'],4.7,146
27000000,['Comedy'],en,Kingpin,17.33,['United States of America'],1996-07-04,25023434,113,['English'],6.7,244
25000000,"['Thriller', 'Crime', 'Drama']",en,The Gambler,22.62,['United States of America'],2014-12-25,39171130,111,['English'],5.7,543
25000000,"['Comedy', 'Drama']",en,August: Osage County,20.56,['United States of America'],2013-12-26,74188937,121,['English'],6.9,483
25000000,"['Drama', 'Comedy', 'Family']",en,Ice Princess,13.29,"['United States of America', 'Canada']",2005-03-17,27645491,98,['English'],5.9,185
30000000,['Comedy'],en,A Lot Like Love,19.21,['United States of America'],2005-04-22,42886719,107,['English'],6.5,318
23000000,"['Comedy', 'Drama', 'History']",en,Eddie the Eagle,29.37,"['Germany', 'United Kingdom', 'United States of America']",2016-02-26,46152800,106,"['English', 'Deutsch', 'Norsk']",7.2,661
25000000,['Drama'],en,He Got Game,10.23,['United States of America'],1998-05-01,21567853,136,['English'],6.7,134
25000000,"['Romance', 'Drama', 'Comedy']",en,Don Juan DeMarco,8.87,['United States of America'],1994-10-01,22200000,97,['English'],6.2,183
25000000,"['Drama', 'Romance', 'War']",en,Dear John,19.4,['United States of America'],2010-02-04,114977104,115,['English'],6.6,1262
25000000,"['Action', 'Adventure', 'Crime', 'Mystery', 'Thriller']",en,The Losers,24.9,['United States of America'],2010-04-23,23580000,97,['English'],6.2,515
25000000,"['Fantasy', 'Horror', 'Thriller']",en,Don't Be Afraid of the Dark,14.56,"['United States of America', 'Australia', 'Mexico']",2010-11-06,36993168,99,['English'],5.4,341
25000000,"['Action', 'Thriller', 'Crime']",en,War,18.9,"['United States of America', 'Canada']",2007-08-24,40452643,103,"['广州话 / 廣州話', 'English', '日本語', '普通话']",6.0,414
25000000,"['Comedy', 'Drama', 'Romance']",en,Punch-Drunk Love,15.96,['United States of America'],2002-10-25,17000000,95,['English'],6.9,530
25000000,['Comedy'],en,EuroTrip,25.85,['United States of America'],2004-02-20,20796847,93,"['English', 'Français', 'Italiano', '日本語', 'Deutsch']",6.5,656
25000000,"['Drama', 'Family']",en,The Greatest Game Ever Played,7.54,['United States of America'],2005-09-30,15431177,120,['English'],6.9,110
30000000,"['Thriller', 'Science Fiction']",en,The Box,21.61,['United States of America'],2009-09-17,33333531,115,['English'],5.4,597
25000000,['Comedy'],en,The Next Best Thing,3.71,['United States of America'],2000-03-03,24362772,108,"['Français', 'English']",4.3,29
25000000,"['Drama', 'Horror', 'Mystery', 'Thriller']",en,My Soul to Take,7.0,['United States of America'],2010-10-08,19829957,107,['English'],5.2,147
25000000,['Comedy'],en,The Girl Next Door,39.78,['United States of America'],2004-04-09,30411183,108,['English'],6.3,824
25000000,"['Action', 'Adventure', 'Thriller']",en,Maximum Risk,10.12,['United States of America'],1996-09-13,51702483,100,['English'],5.2,101
25000000,"['Crime', 'Thriller']",en,Legend,32.85,"['United Kingdom', 'United States of America', 'France']",2015-09-09,42972994,131,['English'],6.7,973
28000000,"['Horror', 'Thriller']",en,Shark Night,8.36,['United States of America'],2011-09-02,10126458,91,"['English', 'Português']",4.9,132
25,['Drama'],en,Angela's Ashes,4.89,"['Ireland', 'United States of America']",1999-12-25,13,145,['English'],7.0,59
25000000,['Drama'],en,Draft Day,14.17,['United States of America'],2014-04-11,28831145,109,['English'],6.5,304
25000000,"['Crime', 'Drama', 'History']",en,The Conspirator,9.17,['United States of America'],2010-09-10,15478800,122,['English'],6.2,137
25000000,['Drama'],en,Lords of Dogtown,8.13,"['Germany', 'United States of America']",2005-06-03,13411957,107,"['English', 'Español']",7.0,210
25000000,"['Drama', 'History']",en,The 33,10.7,"['United States of America', 'Chile']",2015-08-06,24902723,120,"['Español', 'English']",6.0,378
25000000,"['Action', 'Adventure', 'Comedy', 'Fantasy']",en,Big Trouble in Little China,29.8,['United States of America'],1986-05-30,11000000,99,"['广州话 / 廣州話', 'English']",7.1,705
25000000,"['Action', 'Drama']",en,Warrior,51.92,['United States of America'],2011-09-09,23057115,140,['English'],7.7,1272
28000000,"['Drama', 'Thriller']",en,Michael Collins,8.31,"['Ireland', 'United Kingdom']",1996-10-25,16900000,132,['English'],6.7,97
25000000,"['Drama', 'War']",en,Stop-Loss,4.0,['United States of America'],2008-03-28,11207130,113,['English'],6.1,82
25000000,"['Drama', 'Mystery', 'Thriller']",en,Abandon,3.89,"['Australia', 'United States of America']",2002-10-14,10719357,99,"['Italiano', 'English']",4.6,45
25000000,"['Drama', 'Thriller']",en,Brokedown Palace,7.3,['United States of America'],1999-08-13,13000000,100,"['English', 'ภาษาไทย']",6.2,111
14000000,"['Horror', 'Thriller']",en,The Possession,21.68,"['United States of America', 'Canada']",2012-08-30,85446075,92,['English'],5.8,498
25000000,"['Comedy', 'Romance', 'Drama']",en,Mrs. Winterbourne,7.95,['United States of America'],1996-04-19,10070000,105,['English'],5.3,25
25000000,"['Drama', 'Thriller']",en,Straw Dogs,7.47,['United States of America'],2011-09-16,10324441,110,['English'],5.5,144
25000000,"['Comedy', 'Drama']",en,The Hoax,5.07,['United States of America'],2006-10-14,11772461,116,['English'],6.4,60
32000000,"['Adventure', 'Drama']",en,The Road,41.08,['United States of America'],2009-11-25,27635305,111,['English'],6.8,1087
25000000,"['Action', 'Comedy', 'Fantasy', 'Science Fiction']",en,Tank Girl,8.19,['United States of America'],1995-03-31,4064495,98,['English'],5.5,138
25000000,"['Drama', 'Mystery', 'Science Fiction', 'Thriller']",en,Blindness,17.6,"['Brazil', 'Canada', 'Japan']",2008-05-14,19844979,121,"['日本語', 'English']",6.4,387
25000000,"['Action', 'Adventure', 'Fantasy', 'Horror']",en,BloodRayne,7.01,['United States of America'],2005-10-22,2405420,95,"['English', 'Português']",3.5,118
25000000,"['Comedy', 'Drama']",en,Carnage,20.01,"['Spain', 'France', 'Germany', 'Poland']",2011-09-16,27603069,80,['English'],7.0,738
25000000,['Drama'],en,Without Limits,3.85,['United States of America'],1998-09-11,777423,117,['English'],6.2,19
25000000,"['Comedy', 'Drama', 'Romance']",en,Me and Orson Welles,3.59,['United States of America'],2009-11-25,2336172,114,['English'],6.6,49
13500000,"['Drama', 'Romance', 'Crime', 'Mystery']",en,La migliore offerta,30.06,['Italy'],2013-01-01,19255873,124,['English'],7.7,704
25000000,"['Drama', 'Crime']",en,The Bad Lieutenant: Port of Call - New Orleans,17.34,['United States of America'],2009-09-11,10589102,122,"['Español', 'English']",6.0,326
25000000,"['Comedy', 'Drama']",fr,Les petits mouchoirs,15.28,['France'],2010-10-20,48531470,154,['Français'],7.1,380
25000000,"['Family', 'Animation']",ru,Белка и Стрелка. Звёздные собаки,5.75,"['United States of America', 'Russia']",2010-03-18,6500000,85,['Pусский'],6.3,10
25000000,"['Thriller', 'Crime', 'Drama']",en,The Counselor,35.02,"['United Kingdom', 'United States of America']",2013-10-25,71009334,117,['English'],5.0,712
25000000,"['History', 'Action', 'Drama']",en,Waterloo,1.89,"['Italy', 'Russia']",1970-10-26,3052000,128,"['English', 'Pусский']",7.0,31
14000000,"['Drama', 'Romance']",en,Dangerous Liaisons,14.48,"['United Kingdom', 'United States of America']",1988-12-16,34670720,119,['English'],7.0,257
25000000,"['Adventure', 'Drama']",en,On the Road,14.61,"['Brazil', 'France', 'United Kingdom', 'United States of America']",2012-05-22,8784318,137,"['English', 'Français']",5.5,301
24000000,"['Science Fiction', 'Adventure']",en,Star Trek IV: The Voyage Home,22.26,['United States of America'],1986-11-25,133000000,119,"['English', 'suomi']",6.9,477
24000000,['Drama'],en,Rocky Balboa,30.45,['United States of America'],2006-12-20,155721132,102,"['English', 'Español']",6.5,835
24000000,"['Horror', 'Mystery']",en,Scream 2,35.24,['United States of America'],1997-12-09,172363301,120,['English'],6.1,840
25000000,"['Action', 'Drama', 'Western']",en,Jane Got a Gun,15.33,['United States of America'],2016-01-01,1397284,98,['English'],5.4,285
24000000,"['Comedy', 'Romance']",en,Think Like a Man Too,15.24,['United States of America'],2014-06-20,70181428,105,['English'],6.4,225
41300000,"['Comedy', 'Crime']",en,The Whole Nine Yards,23.44,"['Canada', 'United States of America']",2000-02-18,106371651,98,"['English', 'Français', 'Español']",6.2,531
8200000,"['Drama', 'Family', 'Music', 'Romance']",en,Footloose,25.03,['United States of America'],1984-02-17,80035402,107,['English'],6.4,505
24000000,['Comedy'],en,Old School,24.7,['United States of America'],2003-02-21,87055349,91,['English'],6.6,541
24000000,"['Comedy', 'Drama']",en,The Fisher King,16.15,['United States of America'],1991-09-09,41895491,137,['English'],7.2,341
65000000,"['Horror', 'Mystery', 'Thriller']",en,I Still Know What You Did Last Summer,20.79,['United States of America'],1998-11-13,40002112,100,['English'],5.1,374
24000000,"['Romance', 'Comedy', 'Drama']",en,Return to Me,5.77,['United States of America'],2000-04-07,36609995,115,"['English', 'Italiano']",6.1,67
24000000,['Comedy'],en,Zack and Miri Make a Porno,27.33,['United States of America'],2008-09-18,42105111,102,['English'],6.1,721
24000000,"['Comedy', 'War']",en,The Men Who Stare at Goats,20.69,"['United Kingdom', 'United States of America']",2009-10-17,68729358,93,['English'],5.9,742
17000000,"['Comedy', 'Romance']",en,Win a Date with Tad Hamilton!,7.7,['United States of America'],2004-01-23,16980098,95,['English'],5.5,160
24000000,"['Fantasy', 'Comedy', 'Science Fiction', 'Family']",en,Muppets from Space,6.59,['United States of America'],1999-07-14,16290976,87,['English'],5.8,92
24000000,"['Adventure', 'Family', 'Fantasy', 'Music']",en,The Wiz,2.75,['United States of America'],1978-10-24,21049053,134,['English'],5.9,58
24000000,"['Action', 'Comedy', 'Drama']",en,Ready to Rumble,3.11,['United States of America'],2000-04-07,12372410,107,['English'],4.7,49
24000000,"['Comedy', 'Drama']",en,Play It to the Bone,5.57,['United States of America'],1999-12-25,8434146,124,"['English', 'Français']",5.7,53
24000000,"['Romance', 'Comedy']",en,I Don't Know How She Does It,8.63,['United States of America'],2011-09-16,30551495,89,['English'],5.0,141
24000000,"['Comedy', 'Horror']",en,Piranha 3D,23.34,['United States of America'],2010-08-20,83188165,88,['English'],5.3,581
28000000,"['Adventure', 'Fantasy', 'Animation', 'Science Fiction', 'Family']",en,The Thief and the Cobbler,2.44,['United Kingdom'],1993-09-23,669276,72,['English'],6.8,26
24000000,"['Crime', 'Drama', 'Action', 'Thriller']",en,Faster,26.32,['United States of America'],2010-11-23,23081726,98,['English'],6.1,568
24000000,"['Fantasy', 'Animation', 'Adventure']",ja,ハウルの動く城,49.55,['Japan'],2004-11-19,234710455,119,['日本語'],8.2,1991
23600000,"['Comedy', 'Horror']",en,Zombieland,57.3,['United States of America'],2009-10-07,102391382,88,['English'],7.2,3550
23000000,['Comedy'],en,The Waterboy,23.84,['United States of America'],1998-11-06,185991646,90,['English'],5.9,512
18000000,"['Adventure', 'Action', 'Science Fiction']",en,The Empire Strikes Back,78.52,['United States of America'],1980-05-17,538400000,124,['English'],8.2,5879
19000000,"['Action', 'Comedy', 'Crime', 'Thriller']",en,Bad Boys,33.87,['United States of America'],1995-04-07,141407024,118,['English'],6.5,1699
23000000,"['Comedy', 'Crime']",en,The Naked Gun 2½: The Smell of Fear,27.33,['United States of America'],1991-06-28,86930411,85,['English'],6.6,546
23000000,['Horror'],en,Final Destination,38.8,['United States of America'],2000-03-16,53302314,98,"['English', 'Français']",6.4,1378
12500000,['Drama'],en,The Ides of March,20.32,['United States of America'],2011-09-24,75993061,101,['English'],6.5,910
23000000,"['Thriller', 'Science Fiction', 'Action']",en,Pitch Black,18.49,['United States of America'],2000-02-18,53187659,108,['English'],6.7,1789
23000000,"['Romance', 'Science Fiction', 'Drama']",en,Her,53.68,"['China', 'United States of America']",2013-12-18,47351251,126,['English'],7.9,4097
23000000,"['Mystery', 'Thriller', 'Drama']",en,Joy Ride,11.18,['United States of America'],2001-10-05,36642838,97,['English'],6.3,325
25000000,"['Fantasy', 'Adventure', 'Family']",en,The Adventurer: The Curse of the Midas Box,8.84,"['Belgium', 'United Kingdom', 'Spain']",2013-12-05,6399,99,['English'],5.1,73
23000000,"['Drama', 'Comedy', 'Romance']",en,Anywhere But Here,8.98,['United States of America'],1999-11-12,18653615,114,['English'],5.9,66
23000000,"['Action', 'Thriller']",en,Haywire,26.26,"['Ireland', 'United States of America']",2011-11-06,33372606,93,"['English', 'Español']",5.6,505
23000000,"['Adventure', 'Thriller']",en,Jaws: The Revenge,12.78,['United States of America'],1987-07-17,51881013,89,['English'],3.5,224
23000000,['Drama'],en,The End of the Affair,6.92,"['United States of America', 'United Kingdom']",1999-12-03,10827816,102,"['English', 'Français']",6.6,55
23000000,"['Action', 'Thriller']",en,Harley Davidson and the Marlboro Man,12.87,['United States of America'],1991-08-23,7434726,98,['English'],6.1,82
23000000,"['History', 'Drama', 'Thriller', 'Crime', 'Mystery']",en,In the Valley of Elah,15.68,['United States of America'],2007-08-31,29541790,124,['English'],6.6,261
23000000,"['Drama', 'Comedy', 'Romance']",en,Chéri,5.49,"['Germany', 'United Kingdom', 'France']",2009-02-10,9366227,86,"['English', 'Français', 'Italiano', 'Latin']",5.9,56
23000000,"['Drama', 'Romance']",en,Vanity Fair,6.62,"['United Kingdom', 'United States of America']",2004-09-01,16123851,141,"['English', 'Français', 'Deutsch']",5.5,73
23000000,"['Drama', 'Action', 'History']",cn,十月圍城,7.88,['China'],2009-12-18,5837674,139,"['普通话', '广州话 / 廣州話', 'English']",6.5,57
25000000,"['Horror', 'Thriller']",en,1408,35.17,['United States of America'],2007-07-12,94679598,104,['English'],6.5,1343
22700000,"['Comedy', 'Science Fiction']",en,Spaceballs,39.89,['United States of America'],1987-06-24,38119483,96,['English'],6.7,902
22500000,"['War', 'Drama']",en,The Water Diviner,22.1,"['Australia', 'United States of America']",2014-12-25,15520023,112,"['Pусский', 'Türkçe', 'ελληνικά', 'English']",6.8,431
22000000,"['Fantasy', 'Drama', 'Thriller', 'Mystery', 'Romance']",en,Ghost,41.97,['United States of America'],1990-07-12,505000000,127,['English'],6.9,1339
23000000,"['Romance', 'Comedy']",en,There's Something About Mary,57.11,['United States of America'],1998-07-15,369884651,119,['English'],6.5,1590
22000000,"['Fantasy', 'Drama', 'Comedy', 'Family']",en,The Santa Clause,16.23,['United States of America'],1994-11-10,189833357,97,['English'],6.3,489
20000000,"['Drama', 'Family']",en,The Rookie,11.26,['United States of America'],2002-03-25,75597042,127,['English'],6.5,110
22000000,"['Comedy', 'Family']",en,The Game Plan,20.7,['United States of America'],2007-09-28,147880543,110,['English'],6.0,428
24000000,"['Drama', 'Romance']",en,The Bridges of Madison County,17.61,['United States of America'],1995-05-28,182016617,135,['English'],7.3,385
22000000,"['Action', 'Comedy']",en,The Animal,13.79,['United States of America'],2001-06-01,84772742,84,['English'],4.6,304
22000000,"['Drama', 'History']",en,Gandhi,35.23,"['India', 'United Kingdom']",1982-11-30,77737889,191,"['English', 'हिन्दी']",7.4,716
22000000,['Drama'],en,The Hundred-Foot Journey,27.9,"['India', 'United States of America', 'United Arab Emirates']",2014-08-06,88880821,122,"['हिन्दी', 'English', 'Français']",7.3,508
22000000,"['Crime', 'Drama', 'Mystery', 'Thriller', 'Action']",en,The Net,23.22,['United States of America'],1995-07-28,110627965,114,"['English', 'Español']",5.6,354
22000000,['Drama'],en,I Am Sam,26.07,['United States of America'],2001-12-28,92542418,132,['English'],7.2,530
22000000,['Drama'],en,Son of God,9.18,['United States of America'],2014-02-28,67800064,138,"['English', 'עִבְרִית']",5.9,83
22000000,"['Fantasy', 'Action', 'Thriller']",en,Underworld,81.83,"['Germany', 'Hungary', 'United Kingdom', 'United States of America']",2003-09-19,95708457,121,['English'],6.6,2512
22000000,"['Drama', 'Thriller']",en,Derailed,17.71,"['United Kingdom', 'United States of America']",2005-11-11,57479076,108,"['English', 'Français']",6.1,319
22000000,"['Drama', 'Comedy', 'Crime']",en,The Informant!,17.77,['United States of America'],2009-09-18,35424826,108,['English'],6.0,301
22000000,['Comedy'],en,Deuce Bigalow: European Gigolo,10.26,['United States of America'],2005-08-06,22400154,83,"['Nederlands', 'English', 'Polski', 'Português']",4.7,225
26000000,['Comedy'],en,Delivery Man,30.11,['United States of America'],2013-10-10,51164106,105,['English'],6.2,551
22000000,"['Comedy', 'Crime', 'Romance']",en,Saving Silverman,12.89,['United States of America'],2001-02-09,19351569,90,"['English', 'Polski', 'Português', 'Español']",5.4,154
22000000,"['Comedy', 'Family']",en,Diary of a Wimpy Kid: Dog Days,13.41,['United States of America'],2012-08-02,77112176,94,['English'],6.0,223
22000000,['Comedy'],en,Jay and Silent Bob Strike Back,21.87,['United States of America'],2001-08-22,33788161,104,['English'],6.4,480
30000000,"['Drama', 'Thriller']",en,The Glass House,9.45,['United States of America'],2001-09-14,23619609,106,"['Español', 'English']",5.4,201
22000000,"['Comedy', 'Drama', 'Mystery']",en,"Hail, Caesar!",39.01,['United States of America'],2016-02-05,63647656,106,['English'],5.7,1309
22000000,"['Action', 'Thriller']",en,Homefront,35.74,['United States of America'],2013-11-27,43058898,100,['English'],6.4,875
22000000,"['Family', 'Horror']",en,The Little Vampire,4.37,"['Germany', 'Netherlands', 'United States of America']",2000-10-27,13555988,95,"['English', 'Deutsch']",6.1,77
22000000,"['Action', 'Adventure', 'Crime', 'Science Fiction', 'Thriller']",en,RoboCop 3,14.73,['United States of America'],1993-04-17,10696210,104,"['English', '日本語']",4.2,305
25000000,"['Thriller', 'Action', 'Crime']",en,The Transporter Refueled,25.0,"['Belgium', 'China', 'France']",2015-09-03,72629670,96,['English'],5.2,559
21000000,"['Drama', 'Thriller', 'War']",nl,Zwartboek,13.91,"['Netherlands', 'Germany', 'United Kingdom']",2006-09-01,26193068,145,"['Nederlands', 'Deutsch', 'English', 'עִבְרִית']",7.2,277
22000000,"['Romance', 'Drama', 'History', 'War', 'Music']",fr,Joyeux Noël,13.96,"['Belgium', 'France', 'Germany', 'Japan', 'Norway', 'Romania', 'United Kingdom', 'United States of America']",2005-11-09,17709155,116,"['English', 'Français', 'Deutsch', 'Latin']",7.2,212
2000000,"['Action', 'Comedy', 'Romance']",en,Hit & Run,16.67,['United States of America'],2012-08-22,14400000,100,"['English', 'Français', 'Polski']",5.5,224
22000000,"['Mystery', 'Thriller']",en,Before I Go to Sleep,48.78,"['France', 'Sweden', 'United Kingdom']",2014-09-03,15447154,92,['English'],6.2,659
22000000,"['Action', 'Thriller', 'Adventure']",en,Sorcerer,9.09,['United States of America'],1977-06-24,12000000,121,"['English', 'Français', 'Deutsch', 'Español']",7.4,98
22000000,['Drama'],en,Stone,12.45,['United States of America'],2010-10-07,9479718,105,['English'],5.2,192
22000000,"['Thriller', 'Drama', 'Crime']",en,Out of the Furnace,29.23,['United States of America'],2013-12-06,15400000,116,['English'],6.5,720
25000000,"['Drama', 'Mystery', 'Crime']",en,Michael Clayton,18.96,['United States of America'],2007-09-28,92991835,119,['English'],6.5,501
22000000,"['Animation', 'Adventure', 'Romance']",es,Metegol,14.87,"['Argentina', 'Spain']",2013-07-18,24000000,106,"['Español', 'English']",6.0,122
17000000,"['Romance', 'Comedy']",en,To Rome with Love,15.01,"['Italy', 'Spain', 'United States of America']",2012-04-20,73244881,111,"['Italiano', 'English']",5.6,546
18000000,"['Science Fiction', 'Action', 'Adventure', 'Thriller']",en,Firefox,8.7,['United States of America'],1982-06-13,70687344,136,"['Pусский', 'English']",5.5,139
9000000,"['Comedy', 'Drama']",en,Death at a Funeral,20.41,['United Kingdom'],2007-02-09,46,90,['English'],6.9,497
21000000,"['Action', 'Adventure', 'Comedy', 'Family', 'Fantasy', 'Science Fiction']",en,Teenage Mutant Ninja Turtles III,10.21,"['Hong Kong', 'United States of America']",1993-03-17,42000000,96,['English'],5.1,184
32000000,"['Comedy', 'Romance']",en,Hardball,5.68,"['Germany', 'United States of America']",2001-09-14,40222729,106,['English'],6.3,123
21000000,"['Drama', 'Comedy', 'Romance']",en,Silver Linings Playbook,63.6,['United States of America'],2012-09-08,205738714,122,['English'],6.9,4742
21000000,"['Crime', 'Drama']",en,Freedom Writers,17.75,"['Germany', 'United States of America']",2007-01-05,41170784,123,"['English', 'Español']",7.5,356
21000000,"['Action', 'Crime', 'Thriller']",en,The Transporter,34.43,"['United States of America', 'France']",2002-10-02,43928932,92,"['English', 'Français', '普通话']",6.6,1692
20000000,"['Drama', 'Action']",en,Never Back Down,26.21,['United States of America'],2008-03-04,41627431,115,['English'],6.4,497
21000000,"['Horror', 'Thriller', 'Science Fiction']",en,The Rage: Carrie 2,4.78,['United States of America'],1999-03-11,17762705,104,['English'],5.1,76
17000000,"['Drama', 'Comedy', 'Romance']",en,Away We Go,10.14,['United States of America'],2009-06-05,14899417,98,['English'],6.7,189
21000000,"['Drama', 'Comedy']",en,Swing Vote,5.82,['United States of America'],2008-08-01,17600000,120,['English'],5.8,65
21000000,"['Romance', 'Drama']",en,Moonlight Mile,8.98,['United States of America'],2002-09-09,10011050,117,"['English', 'עִבְרִית']",6.5,52
21000000,['Drama'],en,The Beaver,13.85,"['United Arab Emirates', 'United States of America']",2011-02-11,970816,91,['English'],6.3,276
35000000,['Comedy'],en,The Best Little Whorehouse in Texas,4.19,['United States of America'],1982-07-23,69701637,114,['English'],5.9,41
15000000,"['Action', 'Thriller', 'Science Fiction', 'Horror']",en,eXistenZ,21.93,"['Canada', 'France', 'United Kingdom']",1999-04-14,2856712,97,['English'],6.7,475
18000000,"['Adventure', 'Action']",en,Raiders of the Lost Ark,68.16,['United States of America'],1981-06-12,389925971,115,"['English', 'Español', 'Deutsch', 'עִבְרִית', 'العربية', '']",7.7,3854
18000000,"['Comedy', 'Family', 'Adventure', 'Crime']",en,Home Alone 2: Lost in New York,81.49,['United States of America'],1992-11-19,358991681,120,"['English', 'Français']",6.3,2395
20000000,"['Science Fiction', 'Drama']",en,Close Encounters of the Third Kind,52.46,['United States of America'],1977-11-16,303788635,135,"['हिन्दी', 'English', 'Français', 'Español']",7.2,1098
38000000,"['Horror', 'Thriller']",en,Pulse,9.66,['United States of America'],2006-08-11,29907685,90,"['English', 'Polski']",5.0,150
20000000,"['Action', 'Comedy', 'Crime']",en,Beverly Hills Cop II,25.28,['United States of America'],1987-05-18,299965036,100,['English'],6.1,613
20000000,['Comedy'],en,Bringing Down the House,8.35,['United States of America'],2003-03-07,132675402,105,"['English', 'Français']",5.4,183
19000000,"['Crime', 'Drama', 'Thriller']",en,The Silence of the Lambs,18.17,['United States of America'],1991-02-01,272742922,119,['English'],8.1,4443
20000000,"['Music', 'Comedy']",en,Wayne's World,21.82,['United States of America'],1992-02-14,121697323,94,"['广州话 / 廣州話', 'English']",6.5,728
20000000,"['Comedy', 'Documentary', 'Action']",en,Jackass 3D,20.99,"['United States of America', 'Romania']",2010-10-15,117224271,94,"['Română', 'English']",6.4,428
20000000,"['Horror', 'Thriller']",en,Jaws 2,19.64,['United States of America'],1978-06-16,187884007,116,['English'],5.9,406
20000000,"['Adventure', 'Comedy', 'Family']",en,Beverly Hills Chihuahua,12.25,['United States of America'],2008-10-03,149281606,91,['English'],4.9,209
13000000,"['Horror', 'Thriller']",en,The Conjuring,49.98,['United States of America'],2013-07-18,318000141,112,['English'],7.4,3092
32000000,"['Adventure', 'Comedy', 'Family', 'Romance']",en,Are We There Yet?,13.59,['United States of America'],2005-01-20,97918663,95,['English'],5.2,221
20000000,['Comedy'],en,Tammy,21.66,['United States of America'],2014-07-02,100525432,97,['English'],5.0,500
35000000,"['Comedy', 'Music']",en,School of Rock,43.06,"['Germany', 'United States of America']",2003-10-03,131282949,108,['English'],6.7,1414
18000000,"['Action', 'Fantasy']",en,Mortal Kombat,16.47,['United States of America'],1995-08-18,122195920,101,['English'],5.4,442
37000000,['Comedy'],en,White Chicks,28.7,['United States of America'],2004-06-23,113086475,109,['English'],6.3,679
20000000,"['Comedy', 'Drama']",en,The Descendants,40.9,['United States of America'],2011-09-09,177243185,115,['English'],6.7,934
20000000,"['Drama', 'History']",en,12 Years a Slave,95.92,"['United States of America', 'United Kingdom']",2013-10-18,187000000,134,['English'],7.9,3674
20000000,"['Drama', 'Romance', 'Comedy', 'Music']",en,Drumline,4.75,['United States of America'],2002-12-13,57588485,118,['English'],6.2,116
20000000,"['Comedy', 'Romance']",en,Why Did I Get Married Too?,2.99,['United States of America'],2010-04-02,60072596,121,['English'],6.1,29
20000000,"['Fantasy', 'Drama', 'Romance']",en,Edward Scissorhands,47.51,['United States of America'],1990-12-05,53000000,105,['English'],7.5,3601
20000000,"['Drama', 'Romance']",en,Me Before You,53.16,['United States of America'],2016-06-02,207945075,110,['English'],7.6,2562
1800000,"['Action', 'Crime', 'Thriller']",en,The French Connection,15.98,['United States of America'],1971-10-09,41158757,104,"['English', 'Français']",7.4,422
20000000,['Comedy'],en,Bad Moms,42.51,['United States of America'],2016-07-28,183936074,100,"['Pусский', 'English']",6.3,1252
20000000,['Comedy'],en,Date Movie,10.1,"['Switzerland', 'United States of America']",2006-02-17,48548426,83,['English'],3.6,222
20000000,"['Adventure', 'Fantasy', 'Animation', 'Family']",en,Return to Never Land,15.34,"['Australia', 'Canada', 'United States of America']",2002-02-14,109862682,72,['English'],6.1,290
20000000,"['History', 'Drama']",en,Selma,29.02,"['United Kingdom', 'United States of America']",2014-12-25,66787908,127,['English'],7.4,817
20000000,"['Family', 'Animation', 'Adventure']",en,The Jungle Book 2,19.82,"['Australia', 'United States of America']",2003-02-07,135680000,72,['English'],5.6,269
20000000,"['Thriller', 'Horror', 'Drama', 'Mystery']",en,Boogeyman,11.62,['United States of America'],2005-02-04,67192859,89,"['English', 'Français', 'Polski']",4.6,191
20000000,"['Thriller', 'Drama', 'Mystery']",en,Premonition,22.05,['United States of America'],2007-02-08,84146832,96,['English'],5.8,381
30000000,"['Animation', 'Family']",en,The Tigger Movie,9.83,['United States of America'],2000-02-11,45554533,77,['English'],6.3,143
20000000,"['Horror', 'Thriller', 'Mystery']",en,Orphan,29.3,"['Canada', 'France', 'Germany', 'United States of America']",2009-07-24,41596251,123,"['English', 'Eesti', 'Français']",6.7,1261
20000000,"['Adventure', 'Drama', 'Family']",en,Max,14.14,['United States of America'],2015-06-26,43967255,111,['English'],6.8,276
20000000,"['Action', 'Adventure', 'Comedy']",en,Epic Movie,6.06,['United States of America'],2007-01-25,86865564,86,['English'],3.2,326
20000000,"['Drama', 'Thriller', 'History']",en,Spotlight,41.5,"['Canada', 'United States of America']",2015-11-06,88346473,128,['English'],7.8,2686
20000000,"['Drama', 'Crime', 'Thriller']",en,Lakeview Terrace,20.5,['United States of America'],2008-09-19,27640028,110,['English'],5.9,292
20000000,"['Horror', 'Thriller']",en,The Grudge 2,13.91,['United States of America'],2006-10-13,39143839,102,"['English', '日本語', 'Pусский']",5.2,283
20000000,"['Comedy', 'Drama', 'Romance']",en,How Stella Got Her Groove Back,2.0,['United States of America'],1998-08-14,37672350,124,['English'],6.0,24
20000000,"['Comedy', 'Drama', 'Romance', 'Thriller']",en,Man of the Year,11.2,['United States of America'],2006-10-09,41237648,115,['English'],5.8,129
20000000,"['Adventure', 'Family', 'Science Fiction', 'Action']",en,The Black Hole,8.27,['United States of America'],1979-12-18,35841901,98,['English'],6.1,131
20000000,"['Crime', 'Drama', 'Thriller']",en,The American,18.63,"['United Kingdom', 'United States of America']",2010-08-31,65464324,104,"['English', 'Italiano']",5.8,481
20000000,['Drama'],en,Selena,6.93,['United States of America'],1997-03-21,60000000,127,"['Español', 'English']",7.0,114
20000000,"['Horror', 'Comedy']",en,Vampires Suck,17.17,['United States of America'],2010-08-18,80547866,82,"['English', 'Español']",4.2,315
25000000,['Drama'],en,Babel,25.79,"['France', 'Japan', 'Mexico', 'United States of America']",2006-09-08,135330182,143,"['العربية', 'English', 'Español', 'Français', '日本語', 'Pусский']",6.9,1055
19800000,"['Drama', 'Comedy']",en,This Is Where I Leave You,20.31,['United States of America'],2014-09-10,41296320,103,['English'],6.5,505
20000000,"['Drama', 'Mystery']",en,Doubt,20.98,['United States of America'],2008-11-27,50907234,104,['English'],7.0,435
32000000,"['Music', 'Adventure', 'Animation', 'Action', 'Comedy']",en,Team America: World Police,26.51,"['Germany', 'United States of America']",2004-10-10,50907422,98,"['العربية', 'English', 'Français', '한국어/조선말']",6.6,660
20000000,"['Horror', 'Thriller']",en,Texas Chainsaw 3D,26.5,['United States of America'],2013-01-03,47241945,92,['English'],5.3,465
20000000,['Comedy'],en,Scary Movie 5,36.82,['United States of America'],2013-04-11,78378744,86,['English'],4.6,793
20000000,"['Drama', 'Action', 'Comedy', 'Western', 'Music']",en,Paint Your Wagon,7.9,['United States of America'],1969-10-15,31678778,158,"['English', 'Español']",6.2,63
20000000,"['History', 'Drama']",en,Milk,30.91,['United States of America'],2008-11-26,54586584,128,['English'],7.1,612
20000000,['Action'],en,Risen,16.66,['United States of America'],2016-02-19,46069568,107,['English'],5.7,295
35000000,"['Horror', 'Mystery', 'Thriller']",en,Ghost Ship,27.72,"['Australia', 'United States of America']",2002-10-25,68349884,91,"['English', 'Italiano', 'Español']",5.3,531
19000000,['Comedy'],en,A Very Harold & Kumar Christmas,17.97,['United States of America'],2011-11-04,35387212,108,['English'],6.0,328
20000000,"['Crime', 'Drama', 'Mystery']",en,Wild Things,25.04,['United States of America'],1998-03-20,67200000,108,['English'],6.3,444
20000000,"['Drama', 'Thriller']",en,The Debt,14.86,['United States of America'],2010-04-11,45636368,113,"['Pусский', 'English', 'Deutsch']",6.3,257
30000000,"['Comedy', 'Drama', 'Romance', 'Music']",en,High Fidelity,23.98,"['United Kingdom', 'United States of America']",2000-03-17,47126295,113,"['Dansk', 'English']",7.0,628
20000000,"['Thriller', 'Crime', 'Drama']",en,The Bank Job,30.39,"['Australia', 'United Kingdom', 'United States of America']",2008-02-28,64822796,112,['English'],6.6,697
20000000,"['Science Fiction', 'Drama', 'Romance']",en,Eternal Sunshine of the Spotless Mind,56.48,['United States of America'],2004-03-19,72258126,108,['English'],7.9,3652
20000000,"['Comedy', 'Romance']",en,You Again,19.96,['United States of America'],2010-09-24,32005248,105,['English'],6.0,368
20000000,"['Action', 'Crime', 'Drama', 'Thriller']",en,Street Kings,18.67,['United States of America'],2008-04-10,65569869,109,"['English', 'Türkçe']",6.3,363
20000000,"['Comedy', 'Action', 'Science Fiction']",en,The World's End,55.96,['United Kingdom'],2013-07-18,46089287,109,['English'],6.7,1778
20000000,"['Fantasy', 'Horror', 'Action', 'Thriller', 'Science Fiction']",en,Daybreakers,28.02,"['United States of America', 'Australia']",2009-01-06,51416464,98,['English'],6.0,634
20000000,"['Comedy', 'Romance']",en,She's Out of My League,16.18,['United States of America'],2010-03-11,49779728,104,['English'],5.9,525
20000000,"['Adventure', 'Comedy', 'Romance']",en,Monte Carlo,17.24,"['Hungary', 'United States of America']",2011-07-01,17425000,109,['English'],6.0,593
9000000,"['Horror', 'Thriller']",en,Stay Alive,4.35,['United States of America'],2006-03-24,27105095,100,['English'],5.3,155
20000000,"['Family', 'Animation']",en,Alpha and Omega,12.3,"['United States of America', 'India']",2010-09-17,39300000,88,['English'],5.3,124
20000000,"['Action', 'Adventure', 'Fantasy', 'Horror', 'Science Fiction', 'Thriller']",en,The Covenant,15.8,['United States of America'],2006-09-08,37597471,97,['English'],5.2,288
40000000,"['Comedy', 'Family']",en,Shorts,4.1,"['United Arab Emirates', 'United States of America']",2009-08-21,28972508,89,['English'],5.1,44
20000000,"['Fantasy', 'Drama', 'Comedy', 'Thriller']",en,To Die For,12.31,['United States of America'],1995-05-20,21284514,106,['English'],6.7,175
20000000,"['Mystery', 'Adventure', 'Crime']",en,Nerve,62.93,['United States of America'],2016-07-27,83707310,96,['English'],7.1,2181
20000000,"['Drama', 'Western', 'Crime']",en,Appaloosa,16.07,['United States of America'],2008-09-12,20211394,115,"['English', 'Español']",6.3,299
806948,"['Drama', 'Horror', 'Thriller']",en,Psycho,93.07,['United States of America'],1960-06-16,32000000,109,['English'],8.2,2320
20000000,"['Romance', 'Comedy']",en,My Best Friend's Girl,17.15,['United States of America'],2008-09-19,36620508,101,['English'],5.4,220
20000000,"['Drama', 'Romance']",en,Endless Love,27.26,['United States of America'],2014-02-12,34077920,103,['English'],6.7,542
20000000,['Comedy'],en,Under the Rainbow,0.17,['United States of America'],1981-07-31,2297493,98,['English'],4.9,7
20000000,"['Adventure', 'Drama', 'Fantasy', 'Romance']",en,Ladyhawke,14.37,['United States of America'],1985-03-27,18432000,121,['English'],6.8,260
20000000,"['Comedy', 'Drama', 'Family']",en,Simon Birch,11.09,['United States of America'],1998-09-11,18253415,114,['English'],6.5,52
20000000,['Drama'],en,Reign Over Me,20.83,['United States of America'],2007-03-23,22222308,124,['English'],7.1,334
15000000,"['Adventure', 'Drama']",en,Into the Wild,43.64,['United States of America'],2007-09-11,56255142,148,"['Dansk', 'English']",7.8,3045
20000000,"['Comedy', 'Drama', 'Romance']",en,School for Scoundrels,8.24,['United States of America'],2006-09-29,17807569,100,['English'],5.6,111
20000000,"['Thriller', 'Horror', 'Mystery']",en,Silent Hill: Revelation 3D,23.29,"['France', 'Canada']",2012-10-10,52302796,94,['English'],5.0,432
19000000,"['Horror', 'Action', 'Thriller', 'Crime']",en,From Dusk Till Dawn,64.18,['United States of America'],1996-01-19,25836616,108,"['English', 'Español']",6.9,1603
20000000,"['Action', 'Comedy', 'Crime', 'Fantasy']",cn,功夫,13.66,"['China', 'Hong Kong']",2004-02-10,100914445,99,['广州话 / 廣州話'],7.2,831
20000000,['Drama'],en,The Kite Runner,10.45,"['China', 'United States of America']",2007-10-14,73276047,128,"['English', 'Português', 'پښتو', 'Pусский', 'اردو']",7.3,394
20000000,"['Drama', 'Crime', 'Thriller']",en,21 Grams,32.24,['United States of America'],2003-09-06,60427839,124,['English'],7.2,918
20000000,"['Action', 'Drama', 'Thriller']",en,Paparazzi,9.15,['United States of America'],2004-09-03,16605763,84,"['English', 'Español']",5.8,52
20000000,"['Comedy', 'Romance']",en,A Guy Thing,5.6,['United States of America'],2003-01-17,17432163,101,['English'],5.3,83
20000000,['Documentary'],en,Capitalism: A Love Story,10.5,['United States of America'],2009-09-06,17436509,120,"['English', 'Polski']",7.0,167
20000000,"['Drama', 'History']",en,The Greatest Story Ever Told,3.01,['United States of America'],1965-02-15,15473333,199,['English'],6.5,41
19500000,"['Crime', 'Drama', 'Mystery']",en,Secret in Their Eyes,15.01,"['Spain', 'United Kingdom', 'United States of America']",2015-10-14,34854990,111,['English'],6.2,336
25000000,"['Action', 'Comedy']",en,Disaster Movie,16.24,['United States of America'],2008-08-29,14109284,87,['English'],3.0,240
20000000,"['Action', 'Crime', 'Drama', 'Thriller']",en,Armored,15.21,['United States of America'],2009-12-04,22942221,88,"['English', 'Deutsch']",5.5,208
20000000,"['Comedy', 'Thriller', 'Crime', 'Action']",en,The Man Who Knew Too Little,6.4,['United States of America'],1997-11-14,13801755,97,['English'],6.5,125
20000000,"['Comedy', 'Romance']",en,What's Your Number?,19.22,['United States of America'],2011-09-30,30426096,106,['English'],6.2,671
20000000,"['Action', 'Thriller', 'Science Fiction']",en,Lockout,35.23,['France'],2012-04-12,32204030,95,['English'],5.8,715
20000000,"['Action', 'Thriller', 'Crime']",en,Crank: High Voltage,35.54,['United States of America'],2009-04-16,34560577,96,['English'],5.9,861
20000000,['Drama'],en,One Night with the King,3.48,['United States of America'],2006-10-13,13391174,123,['English'],6.1,12
30000000,"['Drama', 'Action', 'Thriller', 'Romance']",en,The Quiet American,5.13,['United States of America'],2002-11-22,27674124,101,"['English', 'Français', 'Tiếng Việt']",6.4,81
20000000,"['Comedy', 'Drama']",en,The Weather Man,14.03,"['Germany', 'United States of America']",2005-10-20,12482775,101,"['Český', 'English']",6.0,289
20000000,"['Action', 'Adventure', 'Drama', 'Thriller']",en,Undisputed,17.23,['United States of America'],2002-08-23,12398628,96,['English'],6.1,139
20000000,"['Action', 'Adventure', 'Drama', 'Thriller']",en,12 Rounds,15.66,['United States of America'],2009-03-19,17280326,108,"['Český', 'English']",5.7,220
20000000,"['Drama', 'Horror', 'Mystery']",en,Let Me In,19.71,"['United Kingdom', 'United States of America']",2010-10-01,24145613,116,['English'],6.7,641
20000000,"['Action', 'Thriller']",en,Triple 9,29.37,['United States of America'],2016-02-19,12639297,115,['English'],5.6,797
20000000,"['Comedy', 'Drama']",en,Deconstructing Harry,11.35,['United States of America'],1997-08-26,10686841,96,['English'],7.3,187
20000000,['Drama'],en,Burnt,30.48,['United States of America'],2015-10-02,36606743,100,"['Français', 'English']",6.3,950
20000000,"['Action', 'Crime', 'Drama', 'Thriller']",en,Death Sentence,12.64,['United States of America'],2007-08-31,16974459,105,['English'],6.5,297
20000000,"['Action', 'Comedy', 'Crime']",en,Code Name: The Cleaner,9.36,['United States of America'],2007-01-05,10337477,84,['English'],4.7,78
20000000,['Comedy'],en,Connie and Carla,6.1,['United States of America'],2004-04-16,11341016,98,['English'],6.4,24
8000000,"['Comedy', 'Drama', 'Music', 'Romance']",en,Sweet Charity,0.71,['United States of America'],1969-01-01,20000000,149,['English'],6.5,15
20000000,"['Comedy', 'Romance', 'Crime', 'Drama', 'Mystery']",en,Inherent Vice,45.74,['United States of America'],2014-12-25,11110975,148,['English'],6.5,833
20000000,"['Music', 'Drama']",en,Battle of the Year,8.24,['United States of America'],2013-09-21,16549477,110,['English'],5.9,88
20000000,"['Comedy', 'Fantasy']",en,An American Carol,2.61,['United States of America'],2008-10-03,7000000,83,['English'],4.1,20
12000000,"['Action', 'Crime', 'Thriller']",en,Machete Kills,29.07,['United States of America'],2013-09-12,15008161,107,"['English', 'Español']",5.3,631
20000000,"['Comedy', 'Drama', 'War']",en,Little Boy,12.23,"['Mexico', 'United States of America']",2015-04-23,6420319,106,['English'],7.0,185
15000000,"['Drama', 'Thriller']",en,A Dangerous Method,27.13,"['Switzerland', 'United Kingdom', 'Germany', 'Canada']",2011-09-30,27462041,99,['English'],6.2,571
8700000,"['Animation', 'Science Fiction', 'Thriller']",en,A Scanner Darkly,26.09,['United States of America'],2006-05-25,7659918,100,['English'],6.8,532
20000000,"['Action', 'Fantasy', 'Horror', 'Thriller']",en,Alone in the Dark,9.29,"['Canada', 'Germany', 'United States of America']",2005-01-28,10442808,96,"['English', 'Português']",3.1,173
20000000,"['Comedy', 'Drama', 'Family', 'Music']",en,Bandslam,7.72,['United States of America'],2009-08-06,5210988,111,['English'],5.4,126
20000000,"['Crime', 'Drama', 'Thriller']",en,A Most Violent Year,37.63,"['United Arab Emirates', 'United States of America']",2014-12-30,12007070,125,"['Español', 'English']",6.5,546
20000000,"['Drama', 'Music']",en,I'm Not There.,13.03,['United States of America'],2007-10-01,4001121,135,['English'],6.6,195
20000000,"['Action', 'Thriller']",en,The Cold Light of Day,15.13,['United States of America'],2012-04-04,16863583,93,"['English', 'Español']",4.8,271
20000000,"['Adventure', 'Comedy', 'Drama', 'Romance']",en,The Brothers Bloom,10.22,['United States of America'],2008-09-09,5530764,114,"['English', 'Français', 'Český', '日本語']",6.8,203
26500000,"['Adventure', 'Fantasy', 'Animation']",ja,もののけ姫,60.73,['Japan'],1997-07-12,159375308,134,['日本語'],8.2,1983
2000000,"['Action', 'Adventure', 'Crime', 'Drama', 'Thriller', 'Western']",en,The Proposition,14.62,"['Australia', 'United Kingdom']",2005-10-06,5048693,104,['English'],7.1,218
20000000,['Comedy'],en,Marci X,5.65,['United States of America'],2003-08-22,1675706,84,['English'],3.3,12
20000000,"['Action', 'Science Fiction', 'Thriller']",en,Equilibrium,44.57,['United States of America'],2002-12-06,5359645,107,['English'],6.9,1552
40000000,"['Drama', 'War']",zh,黃石的孩子,8.98,"['Australia', 'China', 'Germany']",2008-07-03,7400000,125,"['日本語', '普通话', 'English']",6.5,52
10000000,"['Drama', 'Romance']",en,By the Sea,11.27,"['France', 'United States of America']",2015-11-12,3727746,122,"['Український', 'English', 'Français']",5.4,156
20000000,['Adventure'],en,Rapa Nui,3.58,['United States of America'],1994-09-09,305070,107,['English'],6.2,33
20000000,"['Action', 'Comedy', 'Horror', 'Mystery', 'Science Fiction', 'Thriller']",en,Dylan Dog: Dead of Night,10.62,['United States of America'],2011-03-16,4634062,107,"['English', 'Türkçe']",4.5,139
20000000,"['Drama', 'Fantasy']",en,The Tempest,3.62,['United States of America'],2010-12-10,346594,110,['English'],6.0,31
27220000,"['Thriller', 'Crime']",en,The Frozen Ground,28.06,['United States of America'],2013-07-18,5496951,105,['English'],6.1,465
22000000,"['Adventure', 'Drama', 'Western']",en,Dances with Wolves,45.71,"['United Kingdom', 'United States of America']",1990-11-09,424208848,181,['English'],7.6,1046
20000000,['Comedy'],en,Bad Teacher,28.5,['United States of America'],2011-05-16,216197492,92,['English'],5.4,1584
19000000,"['Drama', 'Crime', 'Mystery']",en,Sea of Love,11.47,['United States of America'],1989-09-15,110879513,113,['English'],6.7,141
19000000,['Comedy'],en,A Cinderella Story,25.28,"['Canada', 'United States of America']",2004-07-10,70067909,95,"['Český', 'English', 'Deutsch']",6.1,713
14000000,"['Crime', 'Horror', 'Mystery']",en,Scream,46.0,['United States of America'],1996-12-20,173046663,111,['English'],7.0,1476
19000000,"['Horror', 'Thriller']",en,The Shining,78.7,"['United States of America', 'United Kingdom']",1980-05-22,44017374,144,['English'],8.1,3757
19000000,"['Adventure', 'Comedy', 'Science Fiction', 'Family']",en,Back to the Future,76.6,['United States of America'],1985-07-03,381109762,116,['English'],8.0,6079
19000000,"['Horror', 'Mystery', 'Thriller']",en,House on Haunted Hill,13.66,['United States of America'],1999-10-29,40846082,93,['English'],5.5,209
19000000,"['Comedy', 'Romance', 'Drama']",en,The Switch,27.49,['United States of America'],2010-05-11,49830607,101,['English'],5.9,583
18000000,['Comedy'],en,Just Married,18.48,"['Germany', 'United States of America']",2003-01-09,101564935,95,"['English', 'Italiano', 'Deutsch', 'Français']",5.3,404
19100000,"['Drama', 'Action', 'Thriller', 'Crime', 'War']",en,The Devil's Double,10.56,"['Netherlands', 'Belgium']",2011-02-11,5728213,109,['English'],6.5,208
20000000,"['Mystery', 'Horror', 'Action']",en,The Crazies,28.87,['United States of America'],2010-02-26,54956140,101,['English'],6.2,633
15000000,"['Fantasy', 'Adventure', 'Animation', 'Family']",ja,千と千尋の神隠し,118.97,['Japan'],2001-07-20,274925095,125,['日本語'],8.3,3840
25000000,"['Action', 'Drama', 'History']",en,The Bounty,7.44,"['United States of America', 'United Kingdom']",1984-05-04,8613462,132,['English'],6.5,108
19000000,"['Comedy', 'Adventure', 'Romance']",en,Sex Drive,17.95,['United States of America'],2008-10-16,18755936,109,['English'],6.0,342
19000000,"['Romance', 'Comedy']",en,Leap Year,21.96,"['Ireland', 'United States of America']",2010-01-08,29922472,100,['English'],6.4,465
19000000,"['Drama', 'History']",en,The Fall of the Roman Empire,4.23,['United States of America'],1964-03-24,4750000,188,['English'],6.0,33
19000000,"['Comedy', 'Drama', 'Romance']",en,Take Me Home Tonight,11.77,"['United States of America', 'Germany']",2011-03-04,6928068,97,['English'],6.2,208
19000000,"['Family', 'Fantasy', 'Music']",en,The Nutcracker,0.07,['United States of America'],1993-11-24,2119994,93,['English'],5.6,5
19000000,"['Horror', 'Thriller', 'Drama']",en,The Amityville Horror,30.21,['United States of America'],2005-04-15,108047131,90,['English'],6.0,588
19000000,"['Comedy', 'Crime', 'Drama']",en,Adaptation.,26.44,['United States of America'],2002-12-06,32801173,114,"['English', 'Latin']",7.3,638
15000000,['Horror'],en,Land of the Dead,15.26,"['Canada', 'France', 'United States of America']",2005-06-24,46770602,93,"['English', 'Français', 'Italiano', 'Polski', 'Español']",6.0,381
18500000,"['Adventure', 'Drama', 'Comedy']",en,Fear and Loathing in Las Vegas,44.51,['United States of America'],1998-05-22,10680275,118,['English'],7.2,1301
18500000,"['Comedy', 'Romance', 'Fantasy']",en,The Invention of Lying,16.67,['United States of America'],2009-09-13,31912793,100,"['English', 'Português']",6.0,518
18000000,['Comedy'],en,Neighbors,36.47,['United States of America'],2014-05-08,268157400,96,['English'],6.2,2713
23000000,"['Romance', 'Comedy', 'Crime', 'Fantasy']",en,The Mask,85.3,['United States of America'],1994-07-29,351583407,101,"['svenska', 'English']",6.6,2472
18000000,"['Fantasy', 'Drama', 'Comedy', 'Romance', 'Family']",en,Big,20.72,['United States of America'],1988-06-03,151668774,104,['English'],6.9,993
18000000,['Comedy'],en,Borat: Cultural Learnings of America for Make Benefit Glorious Nation of Kazakhstan,29.49,['United States of America'],2006-11-01,261572744,82,"['English', 'עִבְרִית', 'қазақ']",6.5,1579
18000000,['Comedy'],en,Legally Blonde,25.44,['United States of America'],2001-07-13,141774679,96,['English'],6.1,882
18000000,"['Science Fiction', 'Action', 'Adventure', 'Thriller']",en,Star Trek III: The Search for Spock,15.31,['United States of America'],1984-05-31,87000000,105,"['English', 'Pусский']",6.4,434
19000000,"['Crime', 'Drama', 'Horror', 'Thriller']",en,The Exorcism of Emily Rose,32.6,['United States of America'],2005-09-09,144216468,122,['English'],6.3,659
17000000,['Comedy'],en,Deuce Bigalow: Male Gigolo,9.83,['United States of America'],1999-12-10,65535067,88,['English'],5.5,308
16000000,"['Thriller', 'Action', 'Science Fiction']",en,Left Behind,33.45,['United States of America'],2014-10-03,19682924,110,['English'],3.7,392
18000000,"['Comedy', 'Drama']",en,Barbershop 2:  Back in Business,6.5,['United States of America'],2004-01-20,65070412,106,['English'],5.6,74
23000000,"['Drama', 'Comedy', 'Crime']",en,Bad Santa,26.59,"['Germany', 'United States of America']",2003-11-26,76488889,91,['English'],6.5,656
16500000,"['Science Fiction', 'Comedy', 'Crime']",en,Austin Powers: International Man of Mystery,36.16,"['Germany', 'United States of America']",1997-05-02,67683989,94,['English'],6.5,1013
18000000,"['Romance', 'Comedy', 'Family']",en,My Big Fat Greek Wedding 2,16.03,"['Canada', 'United States of America']",2016-03-23,88923251,94,['English'],5.5,322
21000000,"['Family', 'Comedy']",en,Diary of a Wimpy Kid: Rodrick Rules,14.33,['United States of America'],2011-03-25,72417394,99,['English'],6.3,238
18000000,"['Science Fiction', 'Action', 'Adventure', 'Thriller']",en,Predator,50.01,['United States of America'],1987-06-11,98235548,107,"['English', 'Español']",7.3,2093
18000000,"['Drama', 'History', 'Music']",en,Amadeus,31.83,['United States of America'],1984-10-26,51973029,160,"['English', 'Deutsch', 'Italiano', 'Latin']",7.8,1076
17000000,['Comedy'],en,Mean Girls,36.42,['United States of America'],2004-04-30,129042871,97,"['Kiswahili', 'English', 'Deutsch', 'Tiếng Việt']",6.9,2320
19800000,"['Drama', 'Mystery', 'Thriller']",en,Gosford Park,11.69,"['Germany', 'United Kingdom', 'United States of America']",2001-11-07,87754044,137,['English'],6.8,246
18000000,"['Comedy', 'Drama', 'Fantasy', 'Romance']",en,Peggy Sue Got Married,12.24,['United States of America'],1986-10-05,41382841,103,['English'],5.9,136
18000000,"['Drama', 'Comedy']",en,Birdman,89.81,['United States of America'],2014-08-27,103215094,119,['English'],7.4,4535
18000000,"['Comedy', 'Drama']",en,Blue Jasmine,34.69,['United States of America'],2013-07-25,99206215,98,['English'],7.0,1098
15000000,"['Drama', 'History', 'Crime', 'Thriller', 'Action']",en,United 93,17.5,"['France', 'United Kingdom', 'United States of America']",2006-04-28,76286096,111,"['English', 'العربية', 'Deutsch']",6.9,367
18000000,"['Romance', 'Music', 'Family']",en,Honey,18.49,['United States of America'],2003-11-24,62646763,94,['English'],6.0,303
1000000,['Horror'],en,The Fog,14.52,['United States of America'],1980-02-08,21378361,89,['English'],6.4,311
18000000,"['Action', 'Drama']",en,Soul Surfer,19.23,['United States of America'],2011-04-08,47088990,106,['English'],6.9,342
18000000,"['War', 'Comedy', 'Drama']",en,Catch-22,4.5,['United States of America'],1970-06-24,24911670,121,"['English', 'Italiano']",6.7,72
18000000,"['Adventure', 'Fantasy', 'Action']",en,Conan the Destroyer,18.38,['United States of America'],1984-06-29,100000000,103,['English'],5.8,383
18000000,['Drama'],en,Raging Bull,35.52,['United States of America'],1980-11-14,23000000,129,['English'],7.7,938
18000000,"['Drama', 'Romance']",en,Love Happens,13.47,"['Canada', 'United Kingdom', 'United States of America']",2009-09-18,36133014,109,['English'],5.6,180
18000000,"['Adventure', 'Drama', 'Thriller']",en,127 Hours,52.46,"['United Kingdom', 'United States of America']",2010-11-05,35692920,94,['English'],7.0,2606
18000000,"['Drama', 'Music']",en,Center Stage,6.96,['United States of America'],2000-05-12,17200925,115,['English'],6.8,90
17000000,"['Comedy', 'Family']",en,Love the Coopers,9.19,['United States of America'],2015-11-12,24000000,107,['English'],5.4,167
18000000,"['Family', 'Action', 'Adventure']",en,Catch That Kid,4.49,['United States of America'],2004-02-06,16702864,92,['English'],4.9,76
30000000,"['Drama', 'History']",en,Steve Jobs,53.67,['United States of America'],2015-10-09,34441873,122,['English'],6.8,1573
18000000,"['Action', 'Adventure', 'Romance', 'Western']",en,The Legend of the Lone Ranger,11.73,['United States of America'],1981-08-20,2945600,98,['English'],3.7,14
21000000,"['Drama', 'Thriller']",en,The Tailor of Panama,7.05,"['Ireland', 'United States of America']",2001-02-11,28008462,109,"['English', 'Español']",6.2,92
18000000,"['Drama', 'Mystery', 'Thriller']",en,Blow Out,13.63,['United States of America'],1981-07-24,12000000,108,['English'],7.3,236
18000000,"['Action', 'Crime']",en,Getaway,16.52,"['Bulgaria', 'United States of America']",2013-08-29,10501938,90,['English'],4.9,246
18000000,['Drama'],en,The Ice Storm,14.92,"['France', 'United States of America']",1997-09-27,8038061,112,['English'],6.9,176
18000000,"['Comedy', 'Drama', 'Romance']",en,And So It Goes,9.63,['United States of America'],2014-07-20,25312387,94,['English'],5.7,164
17000000,"['Drama', 'Romance']",en,Nine 1/2 Weeks,12.31,['United States of America'],1986-02-14,6735922,117,['English'],5.8,177
18000000,['Fantasy'],en,Dragonslayer,3.26,['United Kingdom'],1981-06-26,14110013,108,"['English', 'Magyar']",6.5,67
18000000,"['Comedy', 'Drama', 'History']",en,Ed Wood,24.55,['United States of America'],1994-09-27,5887457,127,['English'],7.3,630
18000000,['Drama'],en,Labor Day,17.68,['United States of America'],2013-12-27,20275812,111,['English'],6.7,299
18000000,['History'],ru,Монгол,10.14,"['Russia', 'Germany', 'Kazakhstan']",2007-09-20,26527510,120,"['普通话', '']",6.5,158
18000000,"['Action', 'Crime', 'Thriller']",en,RockNRolla,31.89,['United Kingdom'],2008-09-04,25739015,114,"['English', 'Pусский']",6.9,836
25000000,"['Drama', 'Romance']",en,Mao's Last Dancer,1.88,['Australia'],2009-10-01,20719451,117,"['English', '普通话']",6.8,28
18000000,"['Adventure', 'Drama', 'Science Fiction']",en,Midnight Special,32.72,['United States of America'],2016-02-18,6212282,112,['English'],6.2,694
18000000,"['Drama', 'History']",en,The Railway Man,13.92,"['Australia', 'United Kingdom']",2013-12-26,22309223,116,['English'],6.7,273
2700000,"['Romance', 'Science Fiction', 'Horror', 'Action', 'Crime']",en,The Wraith,10.48,"['United States of America', 'Canada']",1986-11-21,3500000,93,['English'],5.9,108
18000000,"['Drama', 'Mystery', 'Thriller']",en,Salton Sea,10.99,['United States of America'],2002-01-01,676698,103,['English'],7.0,104
18000000,['Music'],en,Metallica: Through the Never,7.87,['United States of America'],2013-09-25,7972967,93,['English'],6.7,83
18000000,['Drama'],en,The Informers,6.33,"['Germany', 'United States of America']",2008-11-05,382174,98,['English'],4.4,60
18000000,"['Crime', 'Drama', 'Thriller', 'History']",en,Carlos,1.14,"['France', 'Germany']",2010-05-19,871279,338,"['Français', 'Deutsch', 'English', 'Español', 'العربية', 'Magyar', '日本語', 'Pусский']",6.7,50
3500000,"['Horror', 'Science Fiction']",en,Day of the Dead,18.03,"['United States of America', 'Japan']",1985-07-19,34000000,96,['English'],6.9,270
18000000,"['Action', 'Animation', 'Science Fiction']",fr,Renaissance,9.24,"['France', 'United Kingdom', 'Luxembourg']",2006-03-16,1831348,105,"['English', 'Français']",6.7,77
17900000,"['Adventure', 'Fantasy', 'Action']",en,Red Sonja,12.75,"['Netherlands', 'United States of America']",1985-04-09,6948633,89,['English'],5.0,206
14000000,['Thriller'],en,Red Lights,22.75,"['Spain', 'United States of America']",2012-03-02,13551174,119,['English'],6.0,376
20000000,['Comedy'],en,Superbad,33.44,['United States of America'],2007-08-17,121463226,113,['English'],7.0,2100
23000000,"['Music', 'Drama', 'Romance']",en,Step Up 2: The Streets,28.97,['United States of America'],2008-02-14,150816700,98,"['Pусский', 'English']",6.5,640
15000000,"['Animation', 'Comedy', 'Family']",en,Hoodwinked!,23.98,['United States of America'],2005-12-16,51053787,80,['English'],5.9,479
17500000,"['Drama', 'History', 'War']",en,Hotel Rwanda,28.61,"['Canada', 'United Kingdom', 'United States of America', 'Italy', 'South Africa']",2004-09-11,38000000,121,"['English', 'Français']",7.5,793
24000000,"['Action', 'Crime', 'Drama', 'Thriller']",en,Hitman,42.67,"['France', 'United States of America']",2007-11-21,99965753,89,"['English', 'Pусский', 'Srpski']",5.9,966
17500000,"['Drama', 'Music']",en,Black Nativity,7.18,['United States of America'],2013-11-27,7018189,93,['English'],5.8,16
18000000,"['Thriller', 'Action']",en,The Prince,21.64,['United States of America'],2014-08-22,266586800,93,['English'],4.6,218
18500000,"['Horror', 'Action', 'Thriller', 'Science Fiction']",en,Aliens,67.66,"['United Kingdom', 'United States of America']",1986-07-18,183316455,137,['English'],7.7,3220
17000000,"['Drama', 'Family', 'Music', 'Romance']",en,My Fair Lady,20.79,['United States of America'],1964-10-21,72070731,170,['English'],7.4,352
17000000,"['Horror', 'Thriller', 'Mystery']",en,I Know What You Did Last Summer,27.65,['United States of America'],1997-10-17,125586134,100,['English'],5.6,687
17000000,['Comedy'],en,Let's Be Cops,70.67,['United States of America'],2014-08-13,136621271,104,['English'],6.4,1219
16000000,"['Comedy', 'Drama', 'Romance']",en,Sideways,23.43,['United States of America'],2004-10-22,109502303,126,"['', 'English']",6.9,478
17500000,['Comedy'],en,Beerfest,14.3,['United States of America'],2006-08-25,19179969,110,"['English', 'Deutsch']",5.8,172
300000,"['Horror', 'Thriller']",en,Halloween,30.3,['United States of America'],1978-10-25,70000000,91,['English'],7.4,1035
17000000,['Comedy'],en,The Best Man Holiday,7.21,['United States of America'],2013-11-15,71625195,123,['English'],6.7,110
17000000,"['Action', 'Comedy', 'Crime', 'Thriller']",en,Smokin' Aces,23.49,"['France', 'United Kingdom', 'United States of America']",2006-12-09,57103895,109,['English'],6.4,534
20000000,"['Horror', 'Crime']",en,Saw 3D,36.13,"['Canada', 'United States of America']",2010-10-21,136150434,90,['English'],5.8,730
17000000,['Comedy'],en,A Night at the Roxbury,12.71,['United States of America'],1998-10-01,30331165,81,['English'],5.9,198
17000000,"['Drama', 'Fantasy', 'Romance']",en,Beastly,24.05,['United States of America'],2011-01-21,43165571,86,['English'],6.0,849
15000000,"['Horror', 'Thriller']",en,The Hills Have Eyes,35.11,"['France', 'United States of America']",2006-03-10,69623713,107,['English'],6.1,705
20000000,['Drama'],en,ATL,5.42,['United States of America'],2006-03-31,21170563,105,['English'],6.0,32
17000000,"['Comedy', 'Music', 'Romance']",en,Pitch Perfect,32.75,['United States of America'],2012-09-28,115350426,112,['English'],7.3,2247
34000000,"['Drama', 'Comedy', 'Romance']",en,Summer Catch,3.96,['United States of America'],2001-08-22,19693891,108,['English'],4.8,63
17000000,"['Crime', 'Drama', 'Thriller']",en,Brooklyn's Finest,18.79,['United States of America'],2009-01-16,29536299,133,['English'],6.2,293
17000000,"['Action', 'Drama', 'History']",en,55 Days at Peking,3.32,['United States of America'],1963-05-06,10000000,154,['English'],6.3,36
17000000,['Horror'],en,Evil Dead,33.91,['United States of America'],2013-04-05,97542952,91,['English'],6.4,1723
17000000,"['Comedy', 'Romance']",en,My Life in Ruins,5.79,"['Greece', 'United States of America']",2009-02-06,20455276,95,['English'],5.6,101
17000000,"['Comedy', 'Drama', 'Family']",en,American Dreamz,7.86,['United States of America'],2006-03-04,7314027,107,"['English', 'Español']",4.9,95
17000000,"['Action', 'Adventure', 'Science Fiction']",en,Superman IV: The Quest for Peace,17.06,"['United Kingdom', 'United States of America']",1987-07-23,19300000,90,"['English', 'Français', 'Italiano', 'Pусский', 'ภาษาไทย']",4.1,318
17000000,"['Action', 'Crime', 'Drama', 'Thriller']",en,Running Scared,19.31,"['Germany', 'United States of America']",2006-01-06,9500000,122,"['English', 'Pусский']",7.0,331
40000000,"['Fantasy', 'Drama', 'Thriller', 'Romance']",en,The Illusionist,36.96,"['Czech Republic', 'United States of America']",2006-08-18,86915017,110,['English'],7.1,1615
17000000,"['Adventure', 'Thriller']",en,Roar,1.16,['United States of America'],1981-11-12,2000000,102,['English'],5.6,19
17000000,"['Drama', 'Crime', 'Thriller']",en,Veronica Guerin,9.58,"['Ireland', 'United Kingdom', 'United States of America']",2003-07-11,1569918,98,['English'],6.8,59
17000000,"['Thriller', 'Romance']",en,Escobar: Paradise Lost,25.11,"['Belgium', 'France', 'Spain']",2014-10-11,3758328,120,"['Español', 'English']",6.1,271
17000000,"['Action', 'Adventure', 'Comedy', 'Drama', 'Science Fiction', 'Thriller']",en,Southland Tales,9.35,"['Germany', 'United States of America', 'France']",2006-05-15,374743,144,['English'],5.2,153
17000000,"['Action', 'Adventure', 'Science Fiction']",en,Damnation Alley,2.22,['United States of America'],1977-09-10,8720000,91,"['Español', 'English']",5.0,27
17000000,"['Horror', 'Thriller']",en,The Apparition,6.39,['United States of America'],2012-08-23,9627492,82,['English'],4.5,140
16800000,"['Drama', 'Mystery', 'Romance']",en,Fur: An Imaginary Portrait of Diane Arbus,4.36,['United States of America'],2006-08-30,2281089,122,['English'],5.8,73
15000000,"['Crime', 'Drama']",en,Wall Street,24.9,['United States of America'],1987-12-10,43848069,126,['English'],7.0,546
16500000,"['Drama', 'Romance']",en,Sense and Sensibility,20.9,"['United Kingdom', 'United States of America']",1995-12-13,135000000,136,['English'],7.2,352
16500000,"['Drama', 'Romance']",en,Becoming Jane,18.24,"['United Kingdom', 'United States of America']",2007-03-02,37311672,120,"['English', 'Türkçe']",6.9,317
16500000,['Comedy'],en,Sydney White,10.75,['United States of America'],2007-09-21,13620075,108,['English'],6.0,236
16500000,['Drama'],en,House of Sand and Fog,12.1,['United States of America'],2003-12-19,16942795,126,"['English', 'فارسی']",7.0,199
16400000,['Drama'],en,Dead Poets Society,55.46,['United States of America'],1989-06-02,235860116,129,['English'],8.1,2705
16000000,['Comedy'],en,Dumb and Dumber,35.78,['United States of America'],1994-12-16,247275374,107,['English'],6.5,1859
16000000,"['Comedy', 'Romance', 'Drama']",en,When Harry Met Sally...,18.43,['United States of America'],1989-07-21,92823546,96,['English'],7.3,950
16000000,['Drama'],en,The Verdict,7.98,['United States of America'],1982-12-08,53977250,129,['English'],7.4,131
16000000,"['Comedy', 'Adventure']",en,Road Trip,14.76,['United States of America'],2000-05-19,119754278,93,['English'],5.9,542
15000000,"['Drama', 'Comedy', 'Romance']",en,The Artist,29.94,"['Belgium', 'France']",2011-05-15,133432856,100,['Français'],7.3,1049
16000000,"['Horror', 'Thriller', 'Mystery']",en,The Unborn,15.79,['United States of America'],2009-01-09,76514050,87,"['English', 'עִבְרִית']",4.8,365
16000000,"['Comedy', 'Drama', 'Romance']",en,Moonrise Kingdom,41.08,['United States of America'],2012-05-16,68263166,94,['English'],7.6,1662
18500000,['Drama'],en,The Young Messiah,1.88,['United States of America'],2016-03-10,6490401,120,['English'],6.4,30
19000000,"['Fantasy', 'Drama', 'War']",es,El laberinto del fauno,90.81,"['Spain', 'United States of America', 'Mexico']",2006-05-27,83258226,118,['Español'],7.6,3041
16000000,"['Crime', 'Drama', 'Romance']",en,Baby Boy,7.85,['United States of America'],2001-06-27,29381649,130,['English'],7.4,55
16000000,"['Thriller', 'Drama', 'Horror']",en,The Roommate,11.81,['United States of America'],2011-02-04,40492759,91,['English'],5.3,224
17700000,"['Mystery', 'Adventure', 'Comedy', 'Romance', 'Drama']",en,Joe Dirt,15.98,['United States of America'],2001-04-10,30987695,91,['English'],5.5,242
15000000,"['Thriller', 'Action', 'Crime', 'Drama']",en,Double Impact,10.48,['United States of America'],1991-08-10,30102717,110,['English'],5.3,215
12000000,"['Crime', 'Action', 'Comedy']",en,Hot Fuzz,38.62,['United Kingdom'],2007-02-14,80573774,121,['English'],7.4,2199
16000000,"['Comedy', 'Drama', 'Romance']",en,The Women,8.83,['United States of America'],2008-09-12,50007546,114,['English'],4.6,96
15000000,"['Drama', 'Romance']",en,Vicky Cristina Barcelona,32.76,"['United States of America', 'Spain']",2008-08-15,96408652,96,"['Español', 'English']",6.7,1020
16000000,"['Comedy', 'Drama', 'Romance']",en,Boys and Girls,9.12,['United States of America'],2000-06-16,20627372,94,['English'],5.4,103
16000000,"['Comedy', 'Horror']",en,Jennifer's Body,32.26,['United States of America'],2009-09-18,31556061,100,"['Español', 'English']",5.3,837
16000000,"['Comedy', 'Crime', 'Mystery']",en,Drowning Mona,3.02,['United States of America'],2000-03-03,15427192,96,['English'],5.4,43
20000000,"['Comedy', 'Science Fiction']",en,My Stepmother is an Alien,9.46,['United States of America'],1988-12-09,13854000,108,['English'],5.3,131
26000000,['Drama'],en,Philadelphia,44.3,['United States of America'],1993-12-22,206678440,125,['English'],7.6,988
16000000,"['Thriller', 'Science Fiction', 'Mystery']",en,The Thirteenth Floor,19.89,['United States of America'],1999-04-16,18564088,100,['English'],6.8,378
16000000,"['Comedy', 'Drama']",en,The Cookout,0.83,['United States of America'],2004-09-03,12,97,['English'],4.6,10
6500000,"['Comedy', 'Music']",en,Detroit Rock City,5.7,['United States of America'],1999-08-13,4217115,95,['English'],6.7,100
16000000,"['Adventure', 'Action', 'Fantasy']",en,Highlander,29.25,"['United Kingdom', 'United States of America']",1986-03-07,5900000,116,['English'],6.8,624
16000000,['Drama'],en,Things We Lost in the Fire,8.84,['United States of America'],2007-09-26,2849142,113,['English'],6.7,90
16000000,"['Science Fiction', 'Action', 'Adventure']",en,Steel,2.85,['United States of America'],1997-08-15,1686429,97,['English'],4.3,48
16000000,"['Drama', 'Romance']",en,The Immigrant,13.83,['United States of America'],2013-07-03,5867686,117,"['Latin', 'English', 'Polski']",6.2,250
20000000,"['Thriller', 'Crime', 'Drama', 'Mystery']",en,Trance,38.8,"['United Kingdom', 'France']",2013-03-27,24261569,101,"['English', 'Français']",6.5,956
16000000,"['Romance', 'Comedy']",en,Soul Plane,9.4,['United States of America'],2004-05-28,14822346,86,"['Español', 'English']",4.7,108
11000000,['Comedy'],fr,Bienvenue chez les ch'tis,18.92,['France'],2008-01-09,53191886,106,['Français'],6.8,615
13000000,"['Fantasy', 'Drama']",en,Enter the Void,20.4,"['Canada', 'France', 'Germany', 'Italy']",2009-05-05,754249,161,"['English', '日本語']",7.2,387
16000000,"['Drama', 'Family']",en,Hachi: A Dog's Tale,43.22,"['United Kingdom', 'United States of America']",2009-06-13,47801389,93,"['English', '日本語']",7.7,1717
16000000,"['Western', 'Drama']",en,The Homesman,20.59,"['France', 'United States of America']",2014-05-18,3442853,122,['English'],6.4,258
15500000,"['Mystery', 'Crime', 'Drama', 'Thriller']",en,Slow Burn,6.63,['United States of America'],2005-09-12,1237615,93,['English'],5.5,16
15000000,"['Action', 'Comedy', 'Crime']",en,Beverly Hills Cop,29.84,['United States of America'],1984-11-29,316360478,105,['English'],6.8,961
18000000,"['Comedy', 'Family']",en,Home Alone,2.19,['United States of America'],1990-11-09,476684675,103,['English'],7.1,2414
21000000,"['Comedy', 'Romance']",en,Tootsie,20.82,['United States of America'],1982-12-16,177200000,116,['English'],6.9,421
15000000,"['Action', 'Romance', 'War']",en,Top Gun,58.9,['United States of America'],1986-05-16,356830601,110,['English'],6.7,1698
17000000,"['Adventure', 'Drama', 'Action', 'Romance']",zh,卧虎藏龙,45.74,"['China', 'Hong Kong', 'Taiwan', 'United States of America']",2000-10-01,213525736,120,['普通话'],7.2,927
15000000,['Drama'],en,American Beauty,80.88,['United States of America'],1999-09-15,356296601,122,['English'],7.9,3313
15000000,"['Drama', 'History']",en,The King's Speech,54.05,['United Kingdom'],2010-09-06,414211549,118,['English'],7.6,2752
15000000,['Comedy'],en,Twins,17.64,['United States of America'],1988-12-09,216614388,107,['English'],5.7,559
15000000,"['Drama', 'Romance']",en,The Yellow Handkerchief,3.8,['United States of America'],2008-12-17,317000,102,['English'],6.4,52
15000000,['Drama'],en,The Color Purple,17.57,['United States of America'],1985-12-18,146292009,154,['English'],7.7,338
16000000,"['Action', 'Adventure', 'Drama', 'Thriller']",ko,해운대,4.63,['South Korea'],2009-06-06,11301649,120,"['English', '한국어/조선말']",6.5,48
14000000,"['History', 'Drama', 'Thriller', 'War']",en,The Imitation Game,145.36,['United Kingdom'],2014-11-14,233555708,113,['English'],8.0,5723
15000000,"['Drama', 'Music']",en,Coal Miner's Daughter,3.83,['United States of America'],1980-03-07,67182787,125,['English'],7.2,67
15000000,"['Comedy', 'Family']",en,Diary of a Wimpy Kid,21.1,"['United Kingdom', 'United States of America']",2010-03-19,75700498,92,['English'],5.9,355
15000000,['Horror'],en,Mama,47.46,"['Spain', 'Canada']",2013-01-17,146497771,100,['English'],6.0,1401
15000000,"['Comedy', 'Adventure', 'Romance']",en,National Lampoon's Vacation,22.84,['United States of America'],1983-07-28,61399552,98,['English'],7.1,410
15000000,['Comedy'],en,Jackass Presents: Bad Grandpa,27.17,['United States of America'],2013-10-22,151831537,92,['English'],6.0,680
15000000,['Drama'],en,The Queen,19.11,"['France', 'Italy', 'United Kingdom', 'United States of America']",2006-09-15,123384128,103,"['Deutsch', 'English', 'Français']",6.8,338
15000000,"['Fantasy', 'Comedy']",en,Beetlejuice,58.55,['United States of America'],1988-02-29,73326666,92,['English'],7.1,1444
15000000,"['Comedy', 'Drama']",en,Why Did I Get Married?,2.01,['United States of America'],2007-10-12,55184721,113,['English'],6.1,33
17000000,"['Drama', 'Horror', 'Thriller']",en,The Woman in Black,43.68,"['Canada', 'Sweden', 'United Kingdom']",2012-02-01,127730736,95,['English'],6.1,1206
15000000,"['Horror', 'Thriller']",en,When a Stranger Calls,4.69,['United States of America'],2006-02-03,66966987,87,['English'],5.4,268
15000000,"['Comedy', 'Family']",en,Big Fat Liar,9.13,['United States of America'],2002-02-08,52970014,88,"['English', 'Français', 'Italiano']",5.6,197
15000000,"['Drama', 'War']",en,The Deer Hunter,19.79,"['United Kingdom', 'United States of America']",1978-12-08,50000000,183,"['English', 'Français', 'Pусский', 'Tiếng Việt']",7.8,921
15000000,"['Comedy', 'Drama']",en,Wag the Dog,13.58,['United States of America'],1997-12-25,64256513,97,"['shqip', 'English']",6.7,270
17000000,"['Family', 'Comedy']",en,The Lizzie McGuire Movie,11.93,['United States of America'],2003-04-25,55534455,94,"['Italiano', 'English']",5.7,280
35000000,"['Thriller', 'Drama']",en,Snitch,30.56,"['United States of America', 'United Arab Emirates']",2013-02-21,42930462,112,"['English', 'Español']",5.8,1138
15000000,"['Horror', 'Comedy', 'Fantasy']",en,Krampus,31.57,['United States of America'],2015-11-26,61548707,98,"['Deutsch', 'English']",5.9,584
15000000,"['Horror', 'Mystery', 'Science Fiction']",en,The Faculty,21.54,['United States of America'],1998-12-25,40283321,104,['English'],6.2,492
15000000,"['Action', 'Crime', 'Drama']",en,Cop Land,19.28,['United States of America'],1997-08-15,44862187,104,['English'],6.6,382
16000000,['Comedy'],en,Not Another Teen Movie,23.42,['United States of America'],2001-12-07,66468332,89,['English'],5.5,431
7000000,"['Crime', 'Drama', 'Thriller']",en,End of Watch,49.52,['United States of America'],2012-09-20,48126384,109,"['English', 'Español']",7.2,1170
15000000,"['Crime', 'Drama', 'Thriller']",en,The Skulls,11.38,"['Canada', 'United States of America']",2000-03-31,35007180,106,['English'],5.8,156
15000000,"['Drama', 'Romance']",en,The Theory of Everything,61.18,['United Kingdom'],2014-11-26,123726688,123,"['Latin', 'English', 'Français', 'Italiano']",7.8,3311
15000000,"['Comedy', 'Drama', 'Romance']",en,Where the Heart Is,6.86,['United States of America'],2000-04-27,33771174,120,['English'],6.9,155
15000000,"['Adventure', 'Drama', 'History', 'War']",en,Lawrence of Arabia,41.29,['United Kingdom'],1962-12-10,69995385,216,"['العربية', 'English', 'Türkçe']",7.8,851
15000000,['Horror'],en,Halloween II,12.93,['United States of America'],2009-08-28,39421467,105,['English'],5.1,267
15000000,['Drama'],en,Wild,42.95,['United States of America'],2014-12-05,52501541,115,['English'],7.0,951
15000000,"['Crime', 'Thriller', 'Horror', 'Drama']",en,The Last House on the Left,19.76,['United States of America'],2009-03-13,32721635,110,['English'],6.2,440
15000000,"['Comedy', 'Romance']",en,The Wedding Date,10.19,['United States of America'],2005-02-04,47175038,88,['English'],6.2,230
13000000,"['Horror', 'Thriller']",en,Halloween: Resurrection,11.05,['United States of America'],2002-07-01,37664855,94,['English'],4.5,228
16000000,"['Adventure', 'Family', 'Fantasy', 'Comedy', 'Romance']",en,The Princess Bride,44.53,['United States of America'],1987-09-18,30857814,98,['English'],7.6,1486
15000000,['Drama'],en,The Great Debaters,10.84,['United States of America'],2007-12-27,30226144,126,['English'],6.9,151
15000000,"['Drama', 'Action', 'Thriller', 'Crime']",en,Drive,49.29,['United States of America'],2011-08-06,78054825,100,['English'],7.4,3725
15000000,['Comedy'],en,Confessions of a Teenage Drama Queen,7.42,"['Germany', 'United States of America']",2004-02-17,29331068,89,['English'],5.1,221
15000000,"['Comedy', 'Drama', 'Romance']",en,The Object of My Affection,5.16,['United States of America'],1998-04-17,46905889,111,['English'],5.6,72
15000000,"['Horror', 'Thriller', 'Science Fiction']",en,28 Weeks Later,34.76,"['Spain', 'United Kingdom']",2007-04-26,64238440,100,['English'],6.5,1197
15000000,['Drama'],en,When the Game Stands Tall,7.3,['United States of America'],2014-08-22,30127963,115,['English'],6.3,130
14000000,"['Comedy', 'Drama', 'Family']",en,Because of Winn-Dixie,3.33,['United States of America'],2005-02-18,32645546,106,['English'],6.1,61
20000000,"['Action', 'Comedy', 'Drama', 'Romance']",en,Love & Basketball,2.03,['United States of America'],2000-04-21,27728118,124,"['English', 'Español']",7.4,88
15000000,['Comedy'],en,All About Steve,13.24,['United States of America'],2009-09-04,40105542,99,"['Español', 'English']",4.7,295
15000000,"['Drama', 'Fantasy', 'Horror', 'Thriller']",en,The Craft,19.52,['United States of America'],1996-05-03,24769466,101,['English'],6.3,380
15000000,"['Drama', 'Thriller', 'Crime', 'Romance']",en,Match Point,30.67,"['Ireland', 'Luxembourg', 'Russia', 'United Kingdom', 'United States of America']",2005-10-26,85306374,124,['English'],7.3,1105
11500000,"['Drama', 'Romance']",en,The Remains of the Day,15.36,"['United Kingdom', 'United States of America']",1993-11-05,23237911,134,['English'],7.5,202
15000000,['Drama'],en,Boogie Nights,19.86,['United States of America'],1997-09-11,43101594,155,['English'],7.5,796
15000000,['Drama'],en,Flicka,3.04,"['United Kingdom', 'United States of America']",2006-10-20,21000000,95,['English'],6.1,52
14000000,['Horror'],en,Urban Legends: Final Cut,8.89,"['Canada', 'United States of America']",2000-09-19,38574362,97,['English'],4.4,100
20000000,"['Action', 'Adventure', 'Drama', 'Thriller']",en,The Marine,7.68,['United States of America'],2006-10-13,22165608,92,"['العربية', 'English']",5.0,163
15000000,"['Action', 'Comedy']",en,Keanu,18.27,['United States of America'],2016-04-21,20566327,94,['English'],6.0,421
15000000,"['Drama', 'Romance']",en,Country Strong,7.81,['United States of America'],2010-12-22,20529194,117,['English'],5.9,80
15000000,"['Mystery', 'Horror', 'Science Fiction']",en,Disturbing Behavior,9.38,"['Australia', 'United States of America']",1998-07-24,17507368,84,['English'],5.5,104
15000000,"['Drama', 'Crime']",en,The Place Beyond the Pines,35.4,['United States of America'],2013-03-20,35485608,140,"['English', 'Español']",6.8,1653
15000000,"['Crime', 'Action', 'Thriller']",en,The November Man,45.32,"['United Kingdom', 'United States of America']",2014-08-27,32556119,108,['English'],6.0,639
15000000,"['Drama', 'Thriller', 'War']",en,The Hurt Locker,47.01,['United States of America'],2008-10-10,42000000,131,"['English', 'العربية', 'Türkçe']",7.2,1840
15000000,"['Fantasy', 'Drama', 'Horror', 'Action', 'Thriller']",en,Firestarter,11.38,['United States of America'],1984-05-11,17080167,114,"['English', 'Italiano']",5.9,173
15000000,"['Crime', 'Thriller']",en,Killing Them Softly,24.61,['United States of America'],2012-09-20,37930465,97,['English'],5.8,742
15000000,['Thriller'],en,A Most Wanted Man,26.71,"['United Kingdom', 'United States of America', 'Germany']",2014-07-25,31554855,121,['English'],6.5,541
15000000,"['Music', 'Documentary']",en,U2 3D,0.34,['United States of America'],2007-05-19,22730842,85,['English'],6.7,10
25000000,"['Action', 'Fantasy', 'Science Fiction']",en,Highlander: Endgame,11.78,['United States of America'],2000-09-01,15843608,87,"['English', 'Français', '']",4.4,104
15000000,"['Drama', 'Romance']",en,One Day,16.63,"['United Kingdom', 'United States of America']",2011-03-02,59389433,107,['English'],7.0,978
15000000,['Drama'],en,Whip It,20.06,['United States of America'],2009-09-13,16633035,111,['English'],6.7,357
15000000,"['Crime', 'Thriller']",en,Knockaround Guys,8.11,['United States of America'],2001-09-07,12000000,92,"['Český', 'English']",5.9,97
15000000,['Action'],en,The Man with the Iron Fists,17.67,"['Hong Kong', 'United States of America']",2012-11-02,15608545,96,['English'],5.2,358
15000000,"['Drama', 'Comedy', 'Romance']",en,Home Fries,3.03,['United States of America'],1998-11-25,10443316,93,['English'],4.8,32
15000000,"['Music', 'Drama', 'Romance']",en,Raise Your Voice,10.91,['United States of America'],2004-08-10,14867514,103,"['English', 'Français']",6.0,211
15000000,"['Comedy', 'Crime']",en,The Big Lebowski,49.23,"['United Kingdom', 'United States of America']",1998-03-06,46189568,117,"['English', 'עִבְרִית', 'Español', 'Deutsch']",7.8,2926
15000000,['Drama'],en,Black Snake Moan,11.43,['United States of America'],2006-12-08,10903846,116,"['Český', 'English']",6.6,243
15000000,"['Action', 'Crime', 'Drama', 'Thriller']",en,Dark Blue,6.37,"['Germany', 'United Kingdom', 'United States of America']",2002-12-14,9237470,118,['English'],6.5,85
16000000,"['Drama', 'Thriller']",en,A Mighty Heart,9.72,"['France', 'United Kingdom', 'Pakistan', 'United States of America']",2007-01-01,18928871,100,"['English', 'Français', 'اردو']",6.7,95
15000000,"['Drama', 'Comedy', 'Romance']",en,Whatever It Takes,8.07,['United States of America'],2000-03-31,9902115,94,['English'],5.0,37
20000000,['Comedy'],en,Boat Trip,7.03,"['Germany', 'United States of America']",2002-10-01,8586376,94,"['English', 'Español', 'svenska']",4.7,146
15000000,"['Comedy', 'Drama', 'Crime']",en,In Bruges,25.33,"['United Kingdom', 'United States of America']",2008-02-08,34533783,107,['English'],7.4,1388
15000000,"['Comedy', 'Music']",en,The Rocker,13.83,['United States of America'],2008-08-20,8762890,102,"['English', 'Français']",5.6,156
15000000,['Comedy'],en,Post Grad,7.45,['United States of America'],2009-08-21,6405245,89,['English'],5.0,100
15000000,['Drama'],en,Promised Land,13.57,"['United Arab Emirates', 'United States of America']",2012-09-23,8138788,106,['English'],6.0,243
15000000,"['Comedy', 'Romance']",en,Whatever Works,21.86,"['France', 'United States of America']",2009-06-19,35097815,92,['English'],6.8,350
15000000,['Thriller'],en,The In Crowd,0.25,['United States of America'],2000-07-19,5217498,105,"['English', 'Français']",4.7,15
15000000,"['Adventure', 'Crime', 'Drama', 'Mystery', 'Western']",en,The Three Burials of Melquiades Estrada,12.16,"['United States of America', 'France']",2005-11-17,12036149,121,"['English', 'Español']",7.0,177
15000000,"['Action', 'Comedy', 'Crime', 'Mystery']",en,Kiss Kiss Bang Bang,32.69,['United States of America'],2005-09-05,15785148,103,['English'],7.2,886
25000000,"['Thriller', 'Comedy', 'Horror']",en,Idle Hands,8.58,['United States of America'],1999-04-30,4152230,92,['English'],6.1,182
15000000,"['Thriller', 'Drama', 'Mystery']",en,Mulholland Drive,31.61,"['France', 'United States of America']",2001-05-16,20117339,147,"['Español', 'English']",7.6,1477
15000000,"['Drama', 'Romance', 'Science Fiction']",en,Never Let Me Go,30.98,"['United Kingdom', 'United States of America']",2010-09-15,9455232,104,['English'],6.8,737
15000000,"['Thriller', 'Crime', 'Mystery']",en,Transsiberian,11.43,"['Germany', 'Spain', 'United Kingdom', 'Lithuania']",2008-01-18,5926410,111,"['English', 'Français', '普通话', 'Pусский', 'Español']",6.5,195
15000000,"['Horror', 'Thriller', 'Crime']",en,Funny Games,15.18,"['Austria', 'France', 'Germany', 'Italy', 'United Kingdom', 'United States of America']",2007-10-20,7938872,112,['English'],6.3,545
92620000,"['Drama', 'Science Fiction']",de,Metropolis,32.35,['Germany'],1927-01-10,650422,153,['No Language'],8.0,657
12000000,"['Action', 'Thriller', 'Science Fiction']",fr,Banlieue 13,17.49,['France'],2004-11-09,9584131,84,['Français'],6.5,565
8000000,"['Drama', 'Crime']",en,Things to Do in Denver When You're Dead,6.93,['United States of America'],1995-12-01,529766,116,['English'],6.7,85
15000000,"['Action', 'Drama', 'History']",zh,刺客聶隱娘,8.14,"['China', 'France', 'Hong Kong', 'Taiwan']",2015-08-27,632542,105,['普通话'],6.6,157
8500000,"['Adventure', 'Action', 'Thriller']",th,Ong Bak 2,9.03,['Thailand'],2008-12-04,8936663,98,"['Český', '普通话', 'Pусский', 'ภาษาไทย']",6.0,152
12000000,"['Adventure', 'Action', 'Drama']",en,Centurion,22.71,"['France', 'United Kingdom']",2010-02-15,6814789,97,"['English', '']",5.9,386
15000000,"['Drama', 'Action', 'Thriller']",en,Silent Trigger,2.61,"['Canada', 'United Kingdom']",1996-06-26,76382,93,['English'],5.0,22
15000000,"['Mystery', 'Drama', 'Crime', 'Thriller', 'Horror']",en,The Midnight Meat Train,19.91,['United States of America'],2008-08-07,3533227,98,"['English', 'Français']",6.0,290
15000000,"['Action', 'Comedy', 'Drama', 'History']",en,All The Queen's Men,1.83,"['Austria', 'Hungary']",2001-10-14,23000,99,"['English', 'Deutsch']",6.1,7
15000000,"['Comedy', 'Drama', 'Romance', 'Fantasy', 'Music']",en,The Good Night,12.19,"['Germany', 'United Kingdom', 'United States of America']",2007-01-25,20380,93,"['English', 'Italiano']",5.7,41
20000000,"['Animation', 'Adventure', 'Family']",en,Khumba,6.46,['South Africa'],2013-07-18,27187375,85,['English'],5.8,72
14600000,"['Romance', 'Fantasy', 'Drama', 'Comedy']",en,Groundhog Day,52.74,['United States of America'],1993-02-11,70906973,101,"['English', 'Français', 'Italiano']",7.4,2301
14800000,"['Comedy', 'Drama', 'Music']",en,Magic Mike XXL,29.66,['United States of America'],2015-07-01,122513057,115,['English'],6.3,706
14500000,"['Drama', 'Romance']",en,Romeo + Juliet,41.49,['United States of America'],1996-10-31,147298761,120,['English'],6.7,1374
10000000,"['Drama', 'War']",fr,Elle s'appelait Sarah,10.07,['France'],2010-09-16,17511906,111,"['English', 'Français', 'Deutsch', 'Italiano', '']",7.2,196
14000000,['Western'],en,Unforgiven,37.38,['United States of America'],1992-08-07,159157447,131,['English'],7.7,1113
14200000,['Drama'],da,Manderlay,7.05,"['Denmark', 'France', 'Germany', 'Italy', 'Netherlands', 'Sweden', 'United Kingdom']",2005-05-16,674918,139,['English'],6.9,78
15000000,"['Drama', 'Romance']",en,Slumdog Millionaire,59.26,"['India', 'United Kingdom', 'United States of America']",2008-05-12,377910544,120,"['Français', 'हिन्दी', 'English']",7.6,2827
14000000,"['Drama', 'Romance', 'Thriller']",en,Fatal Attraction,16.74,['United States of America'],1987-09-11,320145693,119,['English'],6.6,291
14000000,"['Romance', 'Comedy']",en,Pretty Woman,45.47,['United States of America'],1990-03-23,463000000,119,"['English', 'Italiano', '日本語']",7.0,1746
14000000,"['Drama', 'War']",en,Born on the Fourth of July,25.95,['United States of America'],1989-12-20,161001698,145,"['English', 'Español']",6.7,395
14000000,['Comedy'],en,Cool Runnings,22.41,['United States of America'],1993-09-30,154864401,98,"['English', 'Français', 'Deutsch', 'Pусский']",6.8,491
15000000,"['Mystery', 'Horror']",en,My Bloody Valentine,13.71,['United States of America'],2009-01-16,100734718,101,['English'],5.3,299
13000000,"['Drama', 'Music']",en,Stomp the Yard,6.92,['United States of America'],2007-05-16,75511123,114,['English'],6.1,88
14000000,"['Adventure', 'Action', 'Thriller']",en,The Spy Who Loved Me,27.17,"['United Kingdom', 'United States of America']",1977-07-07,185438673,125,"['English', 'Italiano', 'العربية']",6.6,507
14000000,"['Horror', 'Thriller']",en,Urban Legend,12.16,"['Canada', 'France', 'United States of America']",1998-09-25,72527595,99,"['English', 'Italiano']",5.6,290
14000000,"['Action', 'Adventure', 'Drama', 'Family']",en,White Fang,13.14,['United States of America'],1991-01-18,34793160,107,['English'],6.5,135
13000000,"['History', 'Drama']",en,The Iron Lady,23.38,"['France', 'United Kingdom']",2011-12-30,114956699,105,['English'],6.2,527
14000000,"['Drama', 'Romance']",en,Poetic Justice,3.65,['United States of America'],1993-07-23,27515786,109,"['English', 'Français']",6.9,47
14000000,"['Action', 'Adventure', 'Comedy']",en,All About the Benjamins,5.1,['United States of America'],2002-03-08,25482931,95,"['English', 'Français']",5.8,48
14000000,"['Comedy', 'Horror', 'Romance']",en,Vampire in Brooklyn,6.77,['United States of America'],1995-10-27,19800000,100,['English'],4.5,111
14000000,"['Horror', 'Thriller', 'Fantasy']",en,Exorcist II: The Heretic,11.54,['United States of America'],1977-06-17,30749142,118,"['English', 'Français', 'Español']",4.5,133
14000000,"['Thriller', 'Mystery', 'Adventure']",en,A Perfect Getaway,20.79,['United States of America'],2009-06-08,22852638,98,['English'],6.2,351
14000000,['Comedy'],en,Our Family Wedding,6.73,['United States of America'],2010-03-12,21409028,103,['English'],5.7,39
12000000,"['Comedy', 'Drama', 'War']",en,Tea with Mussolini,2.24,"['United Kingdom', 'Italy']",1999-03-25,21001563,117,"['English', 'Italiano', 'Pусский']",5.8,32
11000000,"['Comedy', 'Romance']",en,I Think I Love My Wife,4.54,"['India', 'United States of America']",2007-03-16,13196245,90,['English'],5.0,55
11000000,"['Horror', 'Science Fiction']",en,Jason X,11.22,['United States of America'],2001-07-24,16951798,91,['English'],4.5,291
14000000,"['Comedy', 'Romance']",en,Head Over Heels,4.67,['United States of America'],2001-02-02,10424470,86,['English'],5.3,73
14000000,['Comedy'],en,Fun Size,7.49,['United States of America'],2012-10-25,11417362,87,['English'],5.5,134
14000000,['Drama'],fr,Le scaphandre et le papillon,13.65,"['France', 'United States of America']",2007-05-22,19777647,112,['Français'],7.4,283
26000000,"['Romance', 'Drama']",en,Little Children,11.94,['United States of America'],2006-10-06,14821658,136,['English'],6.9,240
14000000,"['Drama', 'Mystery', 'Thriller']",en,Gossip,5.83,['United States of America'],2000-04-21,5108820,90,"['English', 'Italiano']",5.5,68
14000000,"['Drama', 'Romance']",en,Jefferson in Paris,0.9,['United States of America'],1995-03-31,2474000,139,['English'],5.2,10
14000000,['Drama'],en,Margaret,4.9,['United States of America'],2011-09-30,46495,149,['English'],6.1,86
14000000,"['Romance', 'Drama']",en,Flipped,24.21,['United States of America'],2010-08-06,1755212,89,['English'],7.4,418
14000000,"['Drama', 'Romance']",en,Brokeback Mountain,44.14,"['Canada', 'United States of America']",2005-09-02,178043761,134,['English'],7.5,1480
13500000,"['Drama', 'Romance']",en,Far from Heaven,9.98,['United States of America'],2002-09-01,29027914,107,['English'],6.9,144
14000000,['Comedy'],en,Hot Tub Time Machine 2,16.62,['United States of America'],2015-02-20,12314651,93,['English'],5.0,354
13500000,['Drama'],en,Quills,7.26,"['Germany', 'United Kingdom', 'United States of America']",2000-11-22,7060876,124,['English'],6.8,128
15000000,"['Comedy', 'Crime']",en,Seven Psychopaths,32.31,['United Kingdom'],2012-09-07,19422261,110,"['English', 'Tiếng Việt']",6.7,1206
18339750,"['Drama', 'History', 'War']",de,Der Untergang,32.45,"['Austria', 'Germany', 'Italy']",2004-09-08,92180910,156,"['Magyar', 'Deutsch', 'Pусский']",7.7,1037
12806000,['Drama'],es,Mar adentro,17.36,"['Spain', 'France', 'Italy']",2004-09-03,38535221,125,"['Galego', 'Español']",7.2,219
13300000,"['Thriller', 'Science Fiction', 'Drama']",en,Under the Skin,29.78,"['United Kingdom', 'Switzerland', 'United States of America']",2014-03-14,5380251,108,['English'],6.0,1102
13000000,"['Comedy', 'Drama', 'War']",en,"Good Morning, Vietnam",18.36,['United States of America'],1987-12-23,123922370,121,['English'],7.1,642
13000000,"['Documentary', 'Music', 'Family']",en,Justin Bieber: Never Say Never,6.74,['United States of America'],2011-02-11,98441954,105,['English'],4.8,154
13000000,"['Drama', 'Thriller']",en,Black Swan,91.29,['United States of America'],2010-12-02,327803731,108,"['English', 'Français', 'Italiano']",7.3,4430
13000000,"['Drama', 'Crime']",en,The Godfather: Part II,105.79,['United States of America'],1974-12-20,47542841,200,"['English', 'Italiano', 'Latin', 'Español']",8.3,3338
13000000,"['Drama', 'Family', 'Romance', 'Music']",en,Save the Last Dance,9.97,['United States of America'],2001-01-12,91038276,112,['English'],6.3,352
7000000,"['Horror', 'Thriller']",en,A Nightmare on Elm Street 4: The Dream Master,17.11,['United States of America'],1988-08-19,72500000,99,['English'],5.8,281
16000000,['Drama'],en,Miracles from Heaven,10.25,['United States of America'],2016-03-17,77000000,117,['English'],6.7,186
13000000,['Comedy'],en,"Dude, Where’s My Car?",25.32,['United States of America'],2000-12-15,73180723,83,"['English', 'Français', '日本語']",5.2,509
13000000,"['Crime', 'Action', 'Adventure', 'Drama', 'Western']",en,Young Guns,9.5,['United States of America'],1988-08-12,44726644,107,['English'],6.6,258
13000000,['Comedy'],en,St. Vincent,43.79,['United States of America'],2014-10-09,54837234,102,['English'],7.1,763
12500000,"['Comedy', 'Romance']",en,About Last Night,11.83,['United States of America'],2014-02-14,49002684,100,['English'],6.0,210
16000000,"['Comedy', 'Romance', 'Drama']",en,10 Things I Hate About You,54.55,['United States of America'],1999-03-30,53478166,97,"['English', 'Français']",7.3,1701
17000000,"['Horror', 'Drama', 'Thriller']",en,The Shallows,60.83,['United States of America'],2016-06-24,119100758,86,['English'],6.2,1567
13000000,"['Science Fiction', 'Thriller']",en,The Butterfly Effect,73.31,"['Canada', 'United States of America']",2004-01-22,96060858,113,['English'],7.3,2060
12000000,"['Science Fiction', 'Comedy', 'Family']",en,Baby Geniuses,4.58,['United States of America'],1999-03-12,36450736,97,"['English', 'Español']",3.3,75
13000000,"['Action', 'Adventure', 'Comedy', 'Thriller']",en,The Big Hit,6.43,['United States of America'],1998-04-24,27007143,91,['English'],6.1,109
13000000,"['Drama', 'Horror']",en,Child's Play 2,16.68,['United States of America'],1990-11-09,35763605,84,"['English', 'Türkçe']",5.8,308
13200000,"['Crime', 'Thriller']",en,No Good Deed,24.66,['United States of America'],2014-09-10,53830415,83,['English'],5.6,181
18000000,"['Science Fiction', 'Horror', 'Thriller']",en,The Mist,37.1,['United States of America'],2007-11-21,57096190,126,['English'],6.7,1399
15000000,"['Drama', 'Science Fiction']",en,Ex Machina,95.13,['United Kingdom'],2015-01-21,36869414,108,['English'],7.6,4737
13000000,"['Fantasy', 'Drama', 'Comedy']",en,Being John Malkovich,27.55,['United States of America'],1999-09-30,22863596,112,"['English', 'Français']",7.3,1101
13000000,"['Family', 'Adventure', 'Science Fiction']",en,Earth to Echo,17.37,['United States of America'],2014-06-14,45300000,89,['English'],5.7,290
13000000,"['Drama', 'Romance']",en,Crazy/Beautiful,6.13,['United States of America'],2001-06-29,16929123,99,"['Español', 'English']",6.6,96
19000000,"['Action', 'Adventure', 'Drama', 'War']",en,Letters from Iwo Jima,24.47,"['Japan', 'United States of America']",2006-12-19,68673228,141,"['English', '日本語']",7.2,541
13000000,"['Adventure', 'Comedy', 'Drama', 'Science Fiction']",en,The Astronaut Farmer,6.76,['United States of America'],2006-10-15,11130889,104,['English'],6.2,123
13000000,"['Comedy', 'Romance']",en,Woo,1.75,['United States of America'],1998-05-08,8026971,84,['English'],5.5,10
6000000,"['Drama', 'Thriller']",en,Room,66.11,"['Canada', 'Ireland']",2015-10-16,35401758,117,['English'],8.1,2757
13000000,"['Comedy', 'Crime', 'Horror', 'Thriller']",en,Serial Mom,6.17,['United States of America'],1994-04-13,7820688,95,['English'],6.4,135
13000000,['Comedy'],en,Dick,4.74,"['Canada', 'France', 'United States of America']",1999-08-04,27500000,94,"['English', 'Français']",5.7,67
13000000,"['Music', 'Drama']",en,54,11.88,['United States of America'],1998-08-28,16757163,106,['English'],5.5,135
13000000,['Comedy'],en,21 & Over,35.52,['United States of America'],2013-03-01,48065672,93,['English'],5.7,737
13000000,"['Drama', 'Romance']",fr,"Paris, je t'aime",10.57,['France'],2006-05-16,4857367,120,"['Español', 'Français', 'English', '普通话', 'العربية']",6.8,207
13000000,"['Comedy', 'Drama', 'Romance']",en,Admission,17.63,['United States of America'],2013-03-21,18000000,107,['English'],5.4,304
15000000,"['Drama', 'Thriller', 'Mystery']",en,Chloe,26.37,"['France', 'United States of America', 'Canada']",2009-03-25,8459458,96,['English'],5.9,498
13000000,"['Comedy', 'Crime', 'Drama']",en,Faithful,1.65,['United States of America'],1996-04-03,9789900,91,['English'],4.8,4
13000000,"['Drama', 'Action', 'Comedy', 'Crime']",en,Find Me Guilty,12.32,"['Germany', 'United States of America']",2006-03-16,2636637,125,"['English', 'Polski']",6.5,138
13000000,"['Drama', 'Romance']",en,The Perks of Being a Wallflower,43.44,['United States of America'],2012-09-20,33400000,102,['English'],7.7,2968
3000000,['Action'],en,Excessive Force,1.28,['United States of America'],1993-05-14,1200000,87,['English'],4.5,10
13000000,['Drama'],en,Infamous,3.68,['United States of America'],2006-11-16,1151330,110,"['English', 'Deutsch']",6.4,60
13000000,"['Thriller', 'Horror']",en,The Vatican Tapes,10.48,['United States of America'],2015-07-24,1784763,91,"['English', 'Deutsch']",4.6,243
14350531,"['Action', 'Comedy', 'Science Fiction']",en,Attack the Block,30.95,['United Kingdom'],2011-05-12,3964682,88,['English'],6.3,733
10000000,"['Drama', 'Romance', 'War']",en,In the Land of Blood and Honey,4.27,['United States of America'],2011-12-23,303877,127,"['Bosanski', 'Hrvatski', 'English', 'Srpski']",5.8,45
13000000,"['Crime', 'Thriller']",en,The Call,34.53,['United States of America'],2013-03-14,68572378,94,['English'],6.6,1257
13000000,"['Comedy', 'Drama', 'Romance']",en,I Love You Phillip Morris,19.66,['United States of America'],2009-01-18,10652035,98,['English'],6.4,503
12000000,"['Adventure', 'Drama']",xx,La Guerre du feu,6.54,"['Canada', 'France', 'United States of America']",1981-12-15,55260558,100,['No Language'],7.1,109
12500000,"['Drama', 'Romance']",en,Antwone Fisher,13.35,['United States of America'],2002-12-19,23367586,120,"['English', '日本語', 'Pусский', 'Español']",6.7,137
12500000,"['Action', 'Thriller', 'Crime', 'Romance']",en,True Romance,35.27,['United States of America'],1993-09-09,12281551,120,"['English', 'Italiano']",7.5,749
12500000,"['Crime', 'Drama', 'Mystery']",en,Glengarry Glen Ross,13.94,['United States of America'],1992-09-15,10725228,100,['English'],7.5,323
12500000,"['Horror', 'Mystery', 'Thriller']",en,Sorority Row,8.78,['United States of America'],2009-09-09,27206120,101,['English'],5.4,177
12000000,"['Comedy', 'Romance', 'Drama']",en,Lars and the Real Girl,15.82,['United States of America'],2007-10-12,11293663,106,"['English', 'Español']",7.1,509
12500000,"['War', 'Drama']",en,The Boy in the Striped Pyjamas,34.82,"['United Kingdom', 'United States of America']",2008-05-07,20416563,94,['English'],7.7,1451
12800000,"['Drama', 'Crime', 'Music']",en,Dancer in the Dark,22.02,"['Argentina', 'Denmark', 'Finland', 'France', 'Germany', 'Iceland', 'Italy', 'Netherlands', 'Norway', 'Sweden', 'United Kingdom', 'United States of America']",2000-05-17,40031879,140,['English'],7.6,377
12500000,"['Crime', 'Drama']",en,The Funeral,2.95,['United States of America'],1996-01-26,1227324,99,"['Italiano', 'English']",7.3,31
15000000,"['Comedy', 'Drama', 'Romance']",en,Solitary Man,7.5,['United States of America'],2009-09-07,5024782,90,['English'],5.8,84
20000000,"['Action', 'Comedy', 'Thriller']",en,Machete,26.4,['United States of America'],2010-09-01,31327899,105,"['English', 'Español']",6.3,1150
12500000,"['Crime', 'Comedy', 'Drama']",en,Casino Jack,6.55,['Canada'],2010-09-16,1083683,108,"['English', 'Français']",6.0,94
12300000,"['Animation', 'Adventure', 'Family']",en,The Land Before Time,28.67,"['Ireland', 'United States of America']",1988-11-18,84460846,69,['English'],7.0,640
12500000,"['Drama', 'Family']",en,The Perfect Game,0.9,['United States of America'],2010-04-01,3878993,118,['English'],6.3,30
8000000,"['Drama', 'Horror', 'Thriller']",en,The Exorcist,47.58,['United States of America'],1973-12-26,441306145,122,"['Deutsch', 'Français', 'Latin', 'العربية', 'ελληνικά', 'English']",7.5,2005
7000000,"['Horror', 'Thriller', 'Adventure']",en,Jaws,50.15,['United States of America'],1975-06-18,470654000,124,['English'],7.5,2542
11000000,"['Comedy', 'Romance']",en,American Pie,60.77,['United States of America'],1999-07-09,235483004,95,['English'],6.4,2296
12516654,"['Animation', 'Comedy', 'Drama', 'Family']",fr,Ernest et Célestine,11.1,"['Belgium', 'France', 'Luxembourg']",2012-12-12,8109160,78,['Français'],7.6,142
25000000,"['Action', 'Adventure', 'Comedy']",en,The Golden Child,15.26,['United States of America'],1986-12-12,79817939,94,"['Český', 'English', 'Italiano']",5.6,304
12000000,"['Comedy', 'Romance']",en,Think Like a Man,6.04,['United States of America'],2012-04-16,96070507,122,['English'],6.9,281
12000000,"['Comedy', 'Drama']",en,Barbershop,10.3,['United States of America'],2002-04-01,75781642,102,['English'],6.2,137
12000000,"['Action', 'Adventure', 'Science Fiction', 'Thriller']",en,Star Trek II: The Wrath of Khan,22.43,['United States of America'],1982-06-03,96800000,113,['English'],7.3,675
15000000,"['Comedy', 'Mystery']",en,Ace Ventura: Pet Detective,41.25,['United States of America'],1994-02-04,107217396,86,['English'],6.4,1648
12000000,"['Thriller', 'Science Fiction']",en,WarGames,23.16,['United States of America'],1983-06-03,79567667,114,['English'],7.0,504
12000000,"['Crime', 'Drama', 'Romance', 'Thriller']",en,Witness,19.2,['United States of America'],1985-02-08,68706993,113,"['Deutsch', 'English']",7.0,375
12000000,"['Action', 'Thriller', 'War']",en,Act of Valor,21.96,['United States of America'],2012-02-24,81272766,110,"['English', 'Pусский']",6.3,417
12000000,"['Music', 'Drama', 'Romance', 'Crime']",en,Step Up,45.48,['United States of America'],2006-08-11,114194847,104,['English'],6.7,1060
12000000,"['Comedy', 'Crime', 'Romance']",en,Jackie Brown,40.63,['United States of America'],1997-12-24,39673162,154,['English'],7.3,1514
12000000,"['Comedy', 'Adventure']",en,Harold & Kumar Escape from Guantanamo Bay,26.22,['United States of America'],2008-04-25,43493123,107,['English'],6.2,497
15000000,"['Science Fiction', 'Drama', 'Thriller']",en,Chronicle,64.5,['United States of America'],2012-02-01,145000000,84,['English'],6.6,1935
12000000,"['Music', 'Drama', 'Romance']",en,Yentl,3.39,"['United Kingdom', 'United States of America']",1983-11-18,30400000,132,['English'],6.2,51
5000000,"['Family', 'Fantasy', 'Science Fiction', 'Adventure', 'Comedy']",en,Time Bandits,14.78,['United Kingdom'],1981-07-13,42365581,116,['English'],6.6,249
12000000,"['Action', 'Adventure', 'Comedy', 'Drama', 'Family', 'Music', 'Romance']",en,Crossroads,6.7,['United States of America'],2002-02-15,61141030,93,['English'],4.7,158
12000000,"['Comedy', 'Crime']",en,Project X,49.07,['United States of America'],2012-03-01,100000000,88,['English'],6.5,1564
12000000,"['Drama', 'History', 'War']",en,Patton,21.93,['United States of America'],1970-01-25,89800000,172,['English'],7.3,323
12000000,"['Horror', 'Thriller']",en,One Hour Photo,20.62,['United States of America'],2002-08-21,52223306,96,['English'],6.6,435
12000000,"['Horror', 'Science Fiction', 'Thriller']",en,Quarantine,8.08,['United States of America'],2008-10-10,40855419,89,['English'],5.5,339
12000000,"['Drama', 'Horror', 'Thriller']",en,The Eye,11.14,['United States of America'],2008-02-01,56309766,98,"['Español', 'English']",5.5,281
12000000,"['Comedy', 'Family']",en,Johnson Family Vacation,4.62,['United States of America'],2004-04-07,31179516,97,['English'],4.7,30
12000000,['Comedy'],en,How High,11.51,['United States of America'],2001-12-21,31155435,93,['English'],6.3,218
12000000,"['Drama', 'Romance']",en,Frida,18.42,"['Mexico', 'United States of America', 'Canada']",2002-08-29,56298474,123,"['English', 'Français', 'Pусский']",7.3,383
12000000,"['Documentary', 'Music']",en,Katy Perry: Part of Me,8.41,['United States of America'],2012-06-28,32726956,93,['English'],6.5,85
12000000,"['Romance', 'Drama']",en,The Fault in Our Stars,74.36,['United States of America'],2014-05-16,307166834,125,['English'],7.6,3759
12000000,"['Drama', 'Crime']",en,Rounders,18.42,['United States of America'],1998-09-11,22921898,121,"['Pусский', 'English', 'עִבְרִית']",6.9,439
12000000,"['Horror', 'Science Fiction']",en,Prophecy,8.62,['United States of America'],1979-01-01,54000000,102,['English'],5.4,25
12000000,"['Horror', 'Mystery', 'Thriller']",en,Stir of Echoes,6.04,['United States of America'],1999-09-10,21133087,99,['English'],6.5,330
12000000,['Drama'],en,Philomena,29.02,['United Kingdom'],2013-11-01,100129872,98,['English'],7.4,579
12000000,"['Fantasy', 'Romance', 'Family', 'Comedy']",en,Aquamarine,16.93,"['Australia', 'United States of America']",2006-03-03,23006849,104,['English'],5.8,364
12000000,"['Drama', 'Mystery', 'Romance']",en,Paper Towns,64.61,['United States of America'],2015-06-18,85512300,109,['English'],6.1,1937
12000000,"['Drama', 'Adventure']",en,Nebraska,29.22,['United States of America'],2013-09-21,17654912,115,"['English', 'Español']",7.4,636
12000000,"['Comedy', 'Family', 'Fantasy', 'Science Fiction']",en,Max Keeble's Big Move,1.08,['United States of America'],2001-10-05,17292381,86,['English'],5.4,33
12000000,"['Comedy', 'Drama']",en,Young Adult,16.18,['United States of America'],2011-12-16,22939027,94,['English'],5.6,364
12000000,"['Action', 'Thriller', 'Crime']",en,Crank,47.99,['United States of America'],2006-08-31,42931041,88,"['English', 'Español', '한국어/조선말']",6.6,1151
12000000,"['Comedy', 'Drama', 'Romance']",en,Living Out Loud,0.7,['United States of America'],1998-10-30,12902790,100,['English'],5.3,11
14000000,"['Action', 'Drama', 'History', 'War', 'Adventure']",de,Das Boot,26.97,['Germany'],1981-09-16,85000000,149,"['Deutsch', 'English', 'Français']",7.9,613
12000000,"['Drama', 'Thriller']",en,Arbitrage,16.41,['United States of America'],2012-09-14,35485056,100,['English'],6.1,294
12000000,"['Science Fiction', 'Thriller']",en,Project Almanac,32.94,['United States of America'],2015-01-30,32248241,106,['English'],6.4,933
8000000,"['Action', 'Thriller', 'Science Fiction']",en,Fortress,8.71,"['Australia', 'United States of America']",1992-09-30,6739141,95,['English'],5.7,168
12000000,"['Comedy', 'Drama']",en,For Your Consideration,4.33,['United States of America'],2006-11-22,5542025,86,['English'],5.9,43
12000000,"['Drama', 'Comedy']",en,Running with Scissors,4.77,['United States of America'],2006-10-27,6754898,116,['English'],5.8,78
12000000,"['Comedy', 'Romance']",en,From Justin to Kelly,1.62,['United States of America'],2003-06-20,4922166,90,['English'],3.0,23
12000000,['Comedy'],en,Girl 6,2.99,['United States of America'],1996-03-22,4939939,108,['English'],5.7,16
12000000,"['Mystery', 'Thriller']",en,In the Cut,10.54,"['Australia', 'United States of America']",2003-09-09,23,119,['English'],4.6,89
12000000,"['Drama', 'Romance']",en,Two Lovers,8.29,"['France', 'United States of America']",2008-11-19,3148182,110,['English'],6.6,154
11000000,"['Horror', 'Drama', 'Science Fiction']",ko,괴물,27.66,['South Korea'],2006-07-27,88489643,119,['한국어/조선말'],6.7,537
12400000,"['Comedy', 'Drama']",it,La grande bellezza,32.52,['Italy'],2013-05-21,8371085,142,"['Italiano', '日本語', 'Español', '普通话']",7.3,720
12000000,"['Drama', 'Horror', 'Thriller']",en,Stoker,27.32,['United States of America'],2013-02-28,12077441,99,['English'],6.5,882
12000000,"['Fantasy', 'Drama', 'Science Fiction', 'Romance']",zh,2046,12.66,"['Germany', 'Hong Kong', 'China', 'France', 'Italy']",2004-05-20,19271312,129,"['广州话 / 廣州話', '日本語', '普通话']",6.9,206
12000000,"['Drama', 'Romance']",en,Ondine,5.84,"['Ireland', 'United States of America']",2009-09-14,1644755,111,"['English', 'Français', 'Română']",6.5,84
12000000,"['Crime', 'Drama', 'Thriller']",ja,Brother,5.33,"['United Kingdom', 'Japan', 'United States of America']",2000-09-09,15250000,114,"['English', 'Italiano', '日本語', 'Español']",6.8,107
12000000,"['Drama', 'History', 'War']",zh,南京!南京!,4.79,"['China', 'Hong Kong']",2009-04-22,10652498,132,"['English', 'Deutsch', '日本語', '普通话']",7.6,55
12000000,['Science Fiction'],ja,Space Battleship Yamato,5.16,['Japan'],2010-12-01,11212294,131,['日本語'],6.3,59
20000000,"['War', 'Drama']",en,5 Days of War,5.73,['United States of America'],2011-04-14,17479,113,"['English', 'ქართული']",5.8,62
12000000,['Drama'],en,Heaven is for Real,11.15,['United States of America'],2014-04-16,101332962,99,['English'],6.0,229
10000000,"['Thriller', 'Crime']",en,Snatch,53.6,"['United Kingdom', 'United States of America']",2000-09-01,83557872,103,"['English', 'Pусский']",7.7,2912
11500000,"['Drama', 'Horror']",en,Pet Sematary,20.75,['United States of America'],1989-04-21,57469467,103,['English'],6.4,407
11000000,"['Fantasy', 'Horror', 'Comedy']",en,Gremlins,45.07,['United States of America'],1984-06-07,153083102,106,"['English', 'Español']",6.9,1596
11000000,"['Adventure', 'Action', 'Science Fiction']",en,Star Wars,126.39,['United States of America'],1977-05-25,775398007,121,['English'],8.1,6624
11500000,['Comedy'],en,Dirty Grandpa,56.81,['United States of America'],2016-01-21,94073028,102,['English'],5.7,1406
11000000,"['Drama', 'Romance', 'War']",en,Doctor Zhivago,12.85,"['Italy', 'United States of America']",1965-12-22,111858363,197,"['English', 'Pусский']",7.4,247
25000000,['Drama'],en,The Fighter,31.02,['United States of America'],2010-12-17,93617009,116,['English'],7.2,1486
11000000,"['Action', 'Comedy', 'Documentary']",en,Jackass Number Two,11.23,['United States of America'],2006-09-22,72778712,95,['English'],6.4,298
11000000,"['Comedy', 'Drama']",en,My Cousin Vinny,19.23,['United States of America'],1992-03-13,64088552,120,['English'],7.3,384
11000000,['Drama'],en,If I Stay,31.16,['United States of America'],2014-08-21,78874843,106,['English'],7.3,1368
11000000,['Comedy'],en,Major League,7.56,['United States of America'],1989-02-16,49797148,107,['English'],6.6,217
13000000,"['Thriller', 'Drama']",en,Phone Booth,38.02,['United States of America'],2002-09-09,97837138,81,"['English', 'Kiswahili']",6.7,1062
11000000,"['Drama', 'Romance']",en,A Walk to Remember,33.28,['United States of America'],2002-01-25,41227069,101,['English'],7.5,1018
11000000,['Drama'],en,Dead Man Walking,15.86,"['United States of America', 'United Kingdom']",1995-12-29,39363635,122,['English'],7.3,337
10500000,"['Drama', 'Romance', 'Thriller']",en,Cruel Intentions,23.45,['United States of America'],1999-03-05,75902208,97,"['Tiếng Việt', 'English', 'Français']",6.6,827
11000000,"['Horror', 'Mystery']",en,Saw VI,31.9,"['Australia', 'Canada', 'United Kingdom', 'United States of America']",2009-10-22,68233629,90,['English'],6.0,722
11000000,['Comedy'],en,History of the World: Part I,14.28,['United States of America'],1981-06-12,31672907,92,"['Français', 'Latin', 'English']",6.5,204
11000000,['Adventure'],en,The Secret Life of Bees,7.65,['United States of America'],2008-09-17,38105395,114,['English'],7.4,158
11000000,"['Action', 'Comedy', 'Crime']",en,Corky Romano,3.5,['United States of America'],2001-10-12,23978402,86,"['English', 'Español', 'ภาษาไทย', 'Tiếng Việt']",4.1,54
12000000,"['Drama', 'Horror', 'Thriller', 'Crime']",en,Raising Cain,7.56,['United States of America'],1992-08-07,37170057,91,['English'],5.9,65
11,"['Drama', 'Action']",en,F.I.S.T.,3.38,['United States of America'],1978-04-26,11,145,['English'],6.4,29
12000000,['Science Fiction'],en,Invaders from Mars,4.23,['United States of America'],1986-01-01,4884663,100,['English'],5.5,57
11000000,"['Drama', 'Romance']",en,Brooklyn,39.34,"['Canada', 'Ireland']",2015-10-20,62076141,111,['English'],7.2,1213
11000000,"['Drama', 'Romance', 'War']",en,Barry Lyndon,29.54,"['United Kingdom', 'United States of America']",1975-12-18,20000000,184,"['Deutsch', 'Français', 'English']",7.7,505
24000000,['Comedy'],en,Out Cold,4.12,['United States of America'],2001-11-21,14782676,89,['English'],5.8,53
24000000,['Comedy'],en,The Ladies Man,2.26,['United States of America'],2000-10-13,13700000,84,['English'],5.7,34
11000000,"['Drama', 'Comedy', 'Romance']",en,Quartet,7.72,['United Kingdom'],2012-09-08,59520298,98,"['English', 'Français']",6.3,139
11000000,"['Comedy', 'Romance']",en,Tomcats,7.06,['United States of America'],2001-03-30,23430766,95,['English'],4.9,74
11000000,"['Drama', 'Thriller', 'Crime']",en,Frailty,16.0,"['Germany', 'Italy', 'United States of America']",2001-11-17,13110448,100,['English'],7.0,334
11000000,['Drama'],en,Woman in Gold,21.2,"['United Kingdom', 'United States of America']",2015-04-10,61619773,120,"['English', 'Deutsch']",7.3,440
14000000,"['Comedy', 'Romance']",en,Slackers,9.37,"['Canada', 'United States of America']",2002-02-01,6413915,86,['English'],5.4,60
11000000,"['Romance', 'Drama']",en,What's Eating Gilbert Grape,33.28,['United States of America'],1993-12-17,30000000,118,['English'],7.5,919
10000000,"['Drama', 'History']",en,The Visual Bible: The Gospel of John,3.21,"['Canada', 'United Kingdom']",2003-09-11,4069090,125,['English'],8.2,12
11000000,"['Comedy', 'Drama', 'Romance']",en,The Perez Family,1.19,['United States of America'],1995-05-12,2832826,113,['English'],6.6,9
11000000,"['Drama', 'Music']",en,Inside Llewyn Davis,36.32,"['United States of America', 'France', 'United Kingdom']",2013-10-06,32935319,105,['English'],7.2,834
11000000,"['Drama', 'Adventure', 'Romance']",en,Return to the Blue Lagoon,9.71,['Fiji'],1991-08-02,2807854,98,['English'],5.1,153
11000000,"['Drama', 'History']",en,The Molly Maguires,1.4,['United States of America'],1970-01-27,2200000,124,['English'],5.9,16
10800000,"['Horror', 'Thriller', 'Crime']",en,Saw V,32.94,['United States of America'],2008-10-23,113857533,92,['English'],5.9,820
7400000,"['Drama', 'Romance']",hi,कभी अलविदा ना कहना,3.25,['India'],2006-08-11,17000000,193,"['English', 'हिन्दी']",6.1,42
14000000,"['Drama', 'Comedy', 'Romance']",en,An Ideal Husband,4.52,"['United Kingdom', 'United States of America']",1999-04-15,18535191,97,['English'],6.3,46
10500000,"['Science Fiction', 'Mystery', 'Adventure']",en,2001: A Space Odyssey,86.2,"['United States of America', 'United Kingdom']",1968-04-10,68700000,149,"['English', 'Pусский']",7.9,2998
10500000,"['Science Fiction', 'Adventure', 'Family', 'Fantasy']",en,E.T. the Extra-Terrestrial,56.11,['United States of America'],1982-04-03,792910554,115,['English'],7.3,3269
10000000,"['Romance', 'Comedy', 'Drama']",en,In the Land of Women,12.79,['United States of America'],2007-04-16,17500000,97,['English'],5.8,160
10500000,"['Drama', 'Comedy']",en,There Goes My Baby,0.04,['United States of America'],1994-09-02,123509,99,['English'],8.5,2
12000000,"['History', 'Drama']",en,For Greater Glory - The True Story of Cristiada,5.76,['Mexico'],2012-06-01,9622846,145,"['Español', 'English']",6.4,35
10000000,['Drama'],en,Good Will Hunting,43.73,"['Canada', 'United States of America']",1997-12-05,225933435,126,['English'],7.9,2811
10000000,"['Horror', 'Thriller', 'Crime']",en,Saw III,33.12,['United States of America'],2006-10-27,163876815,108,['English'],6.1,1071
10000000,"['Action', 'Comedy']",en,Stripes,10.89,['United States of America'],1981-06-25,85300000,106,"['English', 'Pусский', 'Polski']",6.5,249
28000000,['Comedy'],en,Bring It On,14.75,['United States of America'],2000-08-25,90449929,98,['English'],5.8,568
10000000,"['Action', 'Horror', 'Thriller']",en,The Purge: Election Year,53.73,"['France', 'United States of America']",2016-06-29,118587880,105,['English'],6.1,1306
10000000,"['Comedy', 'Romance']",en,She's All That,8.99,['United States of America'],1999-01-29,103166989,95,['English'],5.7,418
10000000,"['Horror', 'Thriller', 'Crime']",en,Saw IV,29.24,['United States of America'],2007-10-25,139352633,93,['English'],5.9,903
10000000,"['Drama', 'Horror', 'Thriller']",en,White Noise,14.45,"['Canada', 'United Kingdom', 'United States of America']",2005-01-07,91196419,101,['English'],5.6,261
6000000,"['Drama', 'Comedy', 'Romance']",en,Madea's Family Reunion,5.88,['United States of America'],2006-02-24,57231524,110,"['English', 'Español']",6.0,77
13800000,['Drama'],en,The Color of Money,17.34,['United States of America'],1986-10-07,52293982,119,"['English', 'Español']",6.7,291
10000000,"['Action', 'Drama', 'History', 'War']",en,The Longest Day,19.52,['United States of America'],1962-09-25,50100000,178,"['English', 'Français', 'Deutsch']",7.2,234
10000000,"['Comedy', 'Family']",en,The Mighty Ducks,8.93,['United States of America'],1992-10-01,50752337,101,['English'],6.4,198
10000000,"['Horror', 'Mystery', 'Thriller']",en,The Grudge,35.7,"['Japan', 'United States of America']",2004-10-22,183474602,92,"['English', '日本語']",5.8,865
12000000,['Comedy'],en,Happy Gilmore,26.6,['United States of America'],1996-02-16,41205099,92,['English'],6.5,755
10000000,"['Horror', 'Thriller']",en,Jeepers Creepers,23.32,"['Germany', 'United States of America']",2001-07-01,59217789,90,['English'],6.1,720
10000000,"['Adventure', 'Comedy', 'Science Fiction']",en,Bill & Ted's Excellent Adventure,25.93,['United States of America'],1989-02-17,40485039,90,"['English', 'Français', 'Deutsch', 'ελληνικά']",6.7,454
10000000,"['Drama', 'Family', 'Music']",en,Oliver!,8.31,['United Kingdom'],1968-09-26,37402877,153,['English'],7.0,103
10000000,"['Drama', 'Comedy']",en,The Best Exotic Marigold Hotel,21.26,"['United Arab Emirates', 'United Kingdom', 'United States of America']",2011-11-28,136836156,124,"['हिन्दी', 'English']",6.9,459
10000000,"['Science Fiction', 'Animation', 'Comedy', 'Family']",en,Recess: School's Out,5.7,['United States of America'],2001-01-27,44460850,83,['English'],6.6,67
12305523,"['Action', 'Adventure', 'Science Fiction']",en,Mad Max Beyond Thunderdome,36.58,['Australia'],1985-06-29,36230219,107,['English'],5.9,748
10000000,"['Action', 'Adventure', 'Thriller']",en,Commando,34.22,['United States of America'],1985-10-03,57500000,90,['English'],6.4,742
10000000,"['Horror', 'Mystery', 'Thriller']",en,The Boy,38.18,"['United States of America', 'China', 'Canada']",2016-01-22,64188367,97,['English'],5.8,1102
10000000,"['Horror', 'Mystery', 'Thriller']",en,Devil,30.93,['United States of America'],2010-01-13,33583175,80,"['Español', 'English', 'Український']",5.8,816
20000000,['Comedy'],en,Friday After Next,7.5,['United States of America'],2002-11-22,33526835,85,"['English', 'Français', 'Português']",6.0,100
10000000,"['Drama', 'Horror', 'Thriller']",en,Insidious: Chapter 3,45.95,"['Canada', 'United States of America']",2015-06-04,104303851,97,"['English', 'ภาษาไทย']",6.2,983
10000000,"['Action', 'Adventure', 'Comedy']",en,The Last Dragon,4.93,['United States of America'],1985-03-22,25754284,108,['English'],6.4,69
10000000,"['Horror', 'Thriller', 'Science Fiction']",en,The Lawnmower Man,10.13,"['United Kingdom', 'Japan', 'United States of America']",1992-03-05,32101000,108,['English'],5.4,197
9000000,"['Comedy', 'Music', 'Romance']",en,Nick and Norah's Infinite Playlist,20.45,['United States of America'],2008-10-03,32973937,89,['English'],6.4,379
10000000,"['Fantasy', 'Comedy', 'Adventure']",en,Dogma,14.54,['United States of America'],1999-11-12,30652890,130,['English'],6.8,823
10000000,"['Drama', 'Fantasy', 'Horror', 'Science Fiction', 'Thriller']",en,Twilight Zone: The Movie,12.9,['United States of America'],1983-06-24,29450919,101,"['English', 'Français', 'Deutsch', 'Tiếng Việt']",6.2,161
15000000,"['Action', 'Thriller']",en,Road House,6.22,['United States of America'],1989-05-19,30050028,114,"['English', 'Português']",6.3,252
10000000,"['Action', 'Comedy', 'Crime']",en,A Low Down Dirty Shame,3.29,['United States of America'],1994-11-23,29392418,100,['English'],6.0,31
8500000,"['Drama', 'Thriller']",en,Swimfan,4.84,['United States of America'],2002-09-06,34411240,84,['English'],5.0,70
12000000,"['Comedy', 'Romance']",en,Employee of the Month,9.56,['United States of America'],2006-10-06,38368909,103,"['English', 'Magyar']",5.3,153
10000000,"['Comedy', 'Drama', 'Romance']",en,Can't Hardly Wait,11.35,['United States of America'],1998-06-12,25605015,100,['English'],6.1,122
10000000,"['Crime', 'Drama']",en,The Outsiders,13.46,['United States of America'],1983-03-25,33697647,91,['English'],6.9,291
65000000,"['Adventure', 'Family', 'Fantasy']",en,Pete's Dragon,31.97,['United States of America'],2016-08-10,143695338,102,['English'],6.2,679
10000000,"['Horror', 'Science Fiction', 'Thriller']",en,The Dead Zone,16.79,['United States of America'],1983-10-21,20766616,103,"['English', 'Pусский']",6.9,311
10000000,['Horror'],en,Sinister 2,26.09,['United States of America'],2015-08-19,52882018,97,['English'],5.4,581
14000000,"['Drama', 'Music']",en,Sparkle,2.7,['United States of America'],2012-08-17,24637469,116,"['English', 'Français']",5.8,36
10000000,"['Mystery', 'Science Fiction', 'Thriller']",en,The Fourth Kind,22.89,['United States of America'],2009-11-06,42333295,98,['English'],5.8,441
9000000,"['Comedy', 'Drama']",en,Rushmore,18.29,['United States of America'],1998-09-17,17096053,93,"['Français', 'English', 'Latin', 'Español']",7.5,676
10000000,['Science Fiction'],en,Skyline,26.27,['United States of America'],2010-11-11,66821036,100,['English'],4.7,507
10000000,"['Drama', 'Comedy']",en,The Second Best Exotic Marigold Hotel,17.59,"['United Kingdom', 'United States of America']",2015-02-26,85978266,122,['English'],6.3,272
10000000,"['Drama', 'Romance']",en,Mo' Better Blues,3.08,['United States of America'],1990-08-03,16153593,129,['English'],6.3,47
11000000,"['Action', 'Horror']",en,Tremors,32.58,['United States of America'],1990-01-19,48572000,96,['English'],6.6,864
12600000,"['Horror', 'Thriller']",en,Wrong Turn,33.56,"['Germany', 'United States of America']",2003-05-30,28650575,84,['English'],6.0,635
10000000,"['Western', 'History']",en,The Long Riders,2.96,['United States of America'],1980-05-12,15795189,99,"['English', 'svenska']",6.6,50
25000000,"['Action', 'Crime', 'Mystery', 'Thriller']",en,The Corruptor,4.07,['United States of America'],1999-03-12,15156200,110,"['广州话 / 廣州話', 'English', '普通话']",6.0,57
10000000,['Drama'],en,Mud,17.66,['United States of America'],2013-05-01,21587700,130,['English'],7.0,1068
10000000,"['Action', 'Adventure', 'Comedy', 'Crime']",en,Reno 911!: Miami,4.21,['United States of America'],2007-02-23,20342161,84,"['English', 'Español']",5.6,72
6400000,['Drama'],en,My Week with Marilyn,21.01,['United Kingdom'],2011-10-17,35057696,99,['English'],6.6,406
10000000,"['Action', 'Comedy', 'Crime', 'Drama', 'Thriller']",en,The Matador,5.65,"['Germany', 'United States of America']",2005-05-12,17297244,96,"['English', 'Polski']",6.2,136
5000000,"['Thriller', 'Mystery']",en,The Gift,27.25,['United States of America'],2015-07-30,58978653,108,['English'],6.7,1049
10000000,"['Comedy', 'Crime']",en,Office Space,18.37,['United States of America'],1999-02-19,12827813,89,['English'],7.4,1050
10000000,['Comedy'],en,Drop Dead Gorgeous,6.74,['United States of America'],1999-07-23,10571408,98,['English'],6.4,86
10000000,['Drama'],en,Big Eyes,28.57,"['Canada', 'United States of America']",2014-12-24,28883511,105,"['Italiano', 'English', 'Français']",6.8,1196
30000000,"['Comedy', 'Crime', 'Thriller']",en,Very Bad Things,5.67,['United States of America'],1998-09-11,9898412,100,['English'],6.2,179
10000000,"['Crime', 'Mystery', 'Horror', 'Thriller']",en,Body Double,9.53,['United States of America'],1984-10-25,8801940,114,['English'],6.4,137
10000000,"['Action', 'Adventure', 'Comedy']",en,MacGruber,14.04,['United States of America'],2010-05-21,6110000,90,"['English', 'Pусский']",5.1,179
6000000,['Comedy'],en,Movie 43,35.35,['United States of America'],2013-01-01,32438988,90,['English'],4.4,797
10000000,"['Comedy', 'Drama', 'Romance', 'Science Fiction']",en,Seeking a Friend for the End of the World,30.86,['United States of America'],2012-06-22,9636289,101,['English'],6.3,700
20000000,['Drama'],en,American History X,73.57,['United States of America'],1998-10-30,23875127,119,['English'],8.2,3016
18000000,"['Drama', 'Thriller', 'Mystery', 'Music', 'Romance']",en,The Red Violin,6.19,"['Canada', 'Italy', 'United Kingdom']",1998-09-10,9495408,131,"['English', 'Français', 'Deutsch', 'Italiano', '普通话', 'Español']",7.3,99
9500000,['Comedy'],en,Bad Words,14.11,['United States of America'],2013-09-06,7800000,88,['English'],6.4,334
10000000,"['Comedy', 'Romance']",en,Run Fatboy Run,14.91,['United Kingdom'],2007-09-06,33000000,100,['English'],6.2,238
10000000,"['Comedy', 'Romance', 'Family']",en,Heartbeeps,0.52,['United States of America'],1981-12-18,2154696,79,['English'],3.8,6
9000000,['Drama'],en,Black or White,12.17,['United States of America'],2014-09-06,21571189,121,['English'],6.5,115
10000000,"['Adventure', 'Drama', 'War']",en,Rescue Dawn,17.08,['United States of America'],2006-09-09,7177143,126,['English'],6.9,336
10000000,"['Comedy', 'Drama', 'Music']",en,Danny Collins,16.32,['United States of America'],2015-03-19,10835752,107,"['English', 'Italiano']",6.6,183
10000000,"['Drama', 'Comedy']",en,"Jeff, Who Lives at Home",10.41,['United States of America'],2011-09-13,4417580,83,['English'],6.1,217
11500000,"['Action', 'Crime', 'Drama', 'Thriller']",en,Romeo Is Bleeding,4.85,"['United Kingdom', 'United States of America']",1993-09-13,3275585,100,['English'],5.7,36
10000000,"['Action', 'Crime', 'Drama', 'Mystery', 'Thriller']",en,The Limey,8.9,['United States of America'],1999-05-15,3193102,89,"['English', 'Français']",6.6,105
6500000,['Drama'],en,Crash,28.22,"['Germany', 'United States of America']",2004-01-13,98410061,112,"['English', 'فارسی', 'Español', '普通话', '한국어/조선말']",7.2,1149
10000000,"['Drama', 'Romance']",en,The House of Mirth,3.01,"['United Kingdom', 'France', 'Germany', 'United States of America']",2000-09-23,5164404,140,"['English', 'Français']",6.4,25
10000000,"['Horror', 'Thriller']",en,The Forest,19.87,['United States of America'],2016-01-07,40055439,95,['English'],4.8,448
14000000,"['Adventure', 'Mystery', 'Thriller']",en,Sphinx,0.31,"['Netherlands', 'United States of America']",1981-02-11,439564,118,['English'],6.0,2
10000000,"['Comedy', 'Drama', 'Mystery']",en,While We're Young,19.26,['United States of America'],2015-04-03,7587485,97,['English'],5.8,383
10000000,['Drama'],en,A Better Life,4.12,['United States of America'],2011-06-24,1759252,98,"['English', 'Español']",7.0,54
10000000,"['Action', 'Comedy', 'Romance', 'Thriller']",en,Gun Shy,3.99,['United States of America'],2000-02-04,1631839,101,['English'],5.4,24
20000000,"['Thriller', 'Crime', 'Drama']",en,The Iceman,19.49,['United States of America'],2012-09-01,1969193,105,['English'],6.4,365
10000000,"['Crime', 'Drama', 'Thriller']",en,Killer Joe,16.44,['United States of America'],2011-09-10,3665069,102,['English'],6.5,425
10000000,"['Comedy', 'Drama']",en,The Joneses,14.98,['United States of America'],2009-09-13,7022728,96,"['Český', 'English', 'Français']",6.1,210
10000000,"['Drama', 'Romance']",en,My Blueberry Nights,10.73,"['China', 'France', 'Hong Kong']",2007-05-16,21786738,111,['English'],6.0,190
10000000,"['Comedy', 'Romance']",en,Swept Away,4.57,"['Italy', 'United Kingdom']",2002-10-11,598645,89,"['Italiano', 'ελληνικά', 'English']",4.8,50
5000000,"['Action', 'Adventure', 'Comedy', 'Thriller']",en,"War, Inc.",6.27,['Bulgaria'],2008-04-28,1296184,106,['English'],5.6,86
7700000,"['Drama', 'Thriller']",en,Coriolanus,7.55,"['Italy', 'Serbia and Montenegro', 'United States of America']",2011-02-14,1072602,123,['English'],5.9,131
10000000,"['Comedy', 'Romance']",en,World's Greatest Dad,9.81,['United States of America'],2009-08-20,295750,99,['English'],6.5,177
10000000,['Comedy'],en,"An Alan Smithee Film: Burn, Hollywood, Burn",0.67,['United States of America'],1998-02-20,45779,86,"['English', 'Pусский']",3.0,9
10000000,"['Drama', 'Thriller']",en,Strangerland,5.15,['Australia'],2015-07-01,17472,111,['English'],5.1,83
10000000,['Comedy'],en,Janky Promoters,1.73,['United States of America'],2009-10-16,9069,85,['English'],7.0,5
10,"['Drama', 'Romance', 'Comedy']",is,Hross í oss,1.62,"['Norway', 'Iceland']",2013-08-30,11,85,"['English', 'Íslenska', 'Pусский', 'Español', 'svenska']",6.9,26
10,"['Horror', 'Thriller']",en,Nurse 3-D,10.01,['United States of America'],2013-09-28,10000000,99,['English'],4.9,119
9500000,['Comedy'],en,Adventureland,19.98,['United States of America'],2009-04-03,17164377,107,['English'],6.4,737
9600000,"['Drama', 'Romance']",en,The Lost City,3.59,['United States of America'],2005-09-03,4386236,144,['English'],6.0,24
11000000,['Comedy'],en,Next Friday,9.34,['United States of America'],2000-01-12,59827328,98,['English'],6.4,135
9500000,"['Action', 'Thriller', 'Adventure']",en,You Only Live Twice,28.68,['United Kingdom'],1967-06-12,111584787,117,"['English', '日本語', 'Pусский']",6.5,531
8900000,"['Drama', 'Romance']",fr,Amour,17.15,"['France', 'Austria', 'Germany']",2012-07-01,19839492,127,['Français'],7.5,400
10500000,"['Horror', 'Thriller']",en,Poltergeist III,11.23,['United States of America'],1988-06-10,14144000,98,['English'],4.5,123
9400000,"['Action', 'Adventure', 'Comedy', 'Crime']",en,"It's a Mad, Mad, Mad, Mad World",14.56,['United States of America'],1963-11-07,60000000,163,['English'],7.0,140
12899867,"['Comedy', 'Drama', 'Romance']",es,Volver,19.75,['Spain'],2006-03-16,85582407,121,['Español'],7.3,406
7400000,"['Drama', 'Science Fiction']",da,Melancholia,36.17,"['Denmark', 'France', 'Germany', 'Sweden']",2011-05-26,21817298,136,['English'],7.0,885
11000000,"['Horror', 'Action', 'Thriller', 'Science Fiction']",en,Alien,94.18,"['United States of America', 'United Kingdom']",1979-05-25,104931801,117,"['English', 'Español']",7.9,4470
85000,['Horror'],en,The Texas Chain Saw Massacre,29.26,['United States of America'],1974-10-01,30859000,83,['English'],7.2,590
10000000,"['Drama', 'Music']",en,The Runaways,17.61,['United States of America'],2010-03-19,2995811,106,['English'],6.3,254
9000000,"['Drama', 'Romance']",en,Fiddler on the Roof,7.62,['United States of America'],1971-11-03,83304330,181,"['English', 'עִבְרִית', 'Pусский']",7.4,134
5500000,"['Adventure', 'Action', 'Thriller']",en,Thunderball,31.04,"['Bahamas', 'France', 'United Kingdom', 'United States of America']",1965-12-16,141195658,130,"['English', 'Français']",6.5,562
7000000,"['Comedy', 'Drama', 'Romance']",it,Mine vaganti,7.72,['Italy'],2010-02-12,8220215,110,['Italiano'],7.0,118
9000000,"['Drama', 'Action', 'Crime']",en,Set It Off,6.72,['United States of America'],1996-11-06,41590886,118,['English'],6.9,66
9000000,"['Drama', 'Comedy']",en,The Best Man,3.95,['United States of America'],1999-10-22,34573780,120,['English'],6.8,38
9000000,"['Horror', 'Thriller']",en,Child's Play,27.6,['United States of America'],1988-11-08,44196684,87,['English'],6.3,581
9000000,['Documentary'],en,Sicko,14.1,['United States of America'],2007-05-18,24538513,123,"['English', 'Français', 'Pусский', 'Español']",7.3,235
9000000,"['Horror', 'Thriller']",en,The Purge: Anarchy,82.98,"['France', 'United States of America']",2014-07-17,108782847,104,['English'],6.6,1954
9000000,"['Comedy', 'Adventure']",en,Harold & Kumar Go to White Castle,18.51,['United States of America'],2004-05-30,23936908,88,"['English', 'हिन्दी']",6.6,693
26000000,"['Crime', 'Drama', 'Thriller']",en,Boiler Room,11.23,['United States of America'],2000-02-18,28780255,118,"['English', 'Pусский']",6.5,201
40600000,['Comedy'],en,Trading Places,34.02,['United States of America'],1983-06-07,90400000,116,"['English', 'Português']",7.1,738
9000000,"['Horror', 'Thriller']",en,Black Christmas,4.13,"['Canada', 'United States of America']",2006-12-25,21510851,84,"['English', 'Italiano']",4.8,119
8500000,"['Action', 'Crime', 'Drama', 'Thriller']",en,The Way of the Gun,8.78,['United States of America'],2000-09-08,19125401,119,"['English', 'Français']",6.4,100
9000000,"['Comedy', 'Drama']",en,Igby Goes Down,2.06,['United States of America'],2002-09-13,4777465,97,['English'],6.5,95
9000000,['Comedy'],en,PCU,8.74,['United States of America'],1994-04-29,4350774,79,['English'],6.0,41
9000000,['Drama'],en,Gracie,2.37,['United States of America'],2007-06-01,2955039,97,['English'],6.0,17
9000000,"['Documentary', 'Music', 'Family']",en,Glee: The Concert Movie,9.93,['United States of America'],2011-08-11,18663238,84,['English'],6.8,79
6000000,['Comedy'],fr,Barbecue,5.12,['France'],2014-04-30,14348529,98,['Français'],5.8,214
9000000,['Drama'],en,Princess Kaiulani,0.72,['United States of America'],2010-05-14,771499,130,['English'],4.8,14
5000000,"['Drama', 'Family', 'Foreign']",en,Opal Dream,1.46,['Australia'],2006-11-22,140666,86,['English'],6.1,7
9000000,"['Comedy', 'Romance']",en,Undiscovered,2.01,['United States of America'],2005-08-26,1046166,97,['English'],4.5,12
5000000,"['Adventure', 'Comedy']",en,Crocodile Dundee,16.07,['Australia'],1986-09-26,328203506,97,['English'],6.3,503
86000000,"['Thriller', 'Crime', 'Mystery']",en,Awake,18.17,['United States of America'],2007-11-28,14373825,84,"['日本語', 'English']",6.3,395
8500000,"['Horror', 'Comedy']",en,The Lost Boys,24.75,['United States of America'],1987-07-31,32222567,97,['English'],6.8,538
7000000,"['Drama', 'Music', 'Romance']",en,Crazy Heart,17.7,['United States of America'],2009-12-16,39462438,112,"['English', 'Español']",6.8,274
9250000,"['Drama', 'Music', 'Romance']",en,The Rose,7.0,['United States of America'],1979-11-07,29174648,125,['English'],6.8,28
8500000,['Comedy'],en,Baggage Claim,11.44,['United States of America'],2013-09-27,22456509,96,['English'],5.6,85
9000000,['Science Fiction'],en,Barbarella,14.17,['United States of America'],1968-10-10,2500000,98,['English'],5.7,146
12000000,['Drama'],en,The Namesake,3.6,"['India', 'United States of America']",2006-09-02,20138836,122,"['বাংলা', 'Český', 'English', 'Français', 'हिन्दी']",6.8,50
8500000,"['Romance', 'Comedy']",en,The DUFF,40.29,['United States of America'],2015-02-20,43528634,100,['English'],6.8,1322
22000000,"['Drama', 'Romance']",en,Glitter,3.81,['United States of America'],2001-09-21,5271666,104,['English'],3.4,38
8500000,"['Drama', 'Romance']",en,Bright Star,9.23,"['United Kingdom', 'France', 'Australia']",2009-11-05,4440055,119,"['Français', 'English']",6.8,107
12000000,"['Drama', 'Romance']",en,My Name Is Khan,14.72,"['India', 'United States of America']",2010-02-12,42345360,145,"['English', 'हिन्दी', 'اردو']",7.7,232
9000000,"['Action', 'Adventure', 'Drama']",en,All Is Lost,28.54,['United States of America'],2013-10-18,6108720,106,['English'],6.6,671
6500000,"['Drama', 'History', 'War']",en,The Wind That Shakes the Barley,6.79,"['Ireland', 'United Kingdom', 'Germany', 'Italy', 'Spain', 'France', 'Belgium', 'Switzerland']",2006-05-18,22889018,124,"['English', 'Gaeilge', 'Latin']",7.1,154
7700000,['Romance'],hi,Yeh Jawaani Hai Deewani,3.35,['India'],2013-05-31,46000000,159,['हिन्दी'],7.2,79
8250000,"['Drama', 'History', 'Romance']",en,Quo Vadis,7.97,['United States of America'],1951-11-08,30000000,171,['English'],7.0,63
8000000,"['Thriller', 'Crime']",en,Pulp Fiction,121.46,['United States of America'],1994-10-08,213928762,154,"['English', 'Español', 'Français']",8.3,8428
8500000,"['Crime', 'Drama', 'Thriller']",en,Nightcrawler,89.1,['United States of America'],2014-10-23,38697217,117,['English'],7.6,3395
8500000,"['Comedy', 'Horror']",en,Club Dread,2.62,['United States of America'],2004-02-27,5001655,104,['English'],5.1,107
8200000,"['Drama', 'Family', 'Music', 'Romance']",en,The Sound of Music,37.96,['United States of America'],1965-03-02,286214286,174,"['English', 'Français', 'Italiano']",7.4,941
8000000,"['Comedy', 'Fantasy', 'Romance']",en,Splash,21.74,['United States of America'],1984-03-09,69821334,111,"['English', 'Italiano']",6.1,321
8000000,"['Comedy', 'Drama']",en,Little Miss Sunshine,14.79,['United States of America'],2006-07-26,100523181,102,['English'],7.5,1686
8000000,"['Crime', 'Drama']",en,Stand by Me,51.11,['United States of America'],1986-08-22,52287414,89,['English'],7.8,1522
5000000,"['Horror', 'Thriller', 'Science Fiction']",en,28 Days Later,45.49,['United Kingdom'],2002-10-31,82719885,113,"['Español', 'English']",7.1,1777
8000000,"['Crime', 'Drama']",en,Escape from Alcatraz,26.36,['United States of America'],1979-06-22,43000000,111,['English'],7.2,561
8000000,"['Comedy', 'Drama']",en,50/50,33.37,['United States of America'],2011-09-30,39187783,100,['English'],7.0,1261
8000000,"['Comedy', 'Romance']",en,That Awkward Moment,37.82,['United States of America'],2014-01-29,26049082,94,['English'],6.1,1004
6500000,"['Adventure', 'Action', 'Thriller']",en,On Her Majesty's Secret Service,25.29,"['United Kingdom', 'United States of America']",1969-12-12,81974493,142,"['English', 'Deutsch']",6.5,456
14000000,"['Horror', 'Thriller', 'Mystery', 'Fantasy']",en,New Nightmare,14.73,['United States of America'],1994-10-13,18090181,112,['English'],6.4,291
8000000,"['Drama', 'Comedy', 'Romance', 'Family']",en,Drive Me Crazy,4.48,['United States of America'],1999-10-01,22593409,91,['English'],5.8,62
8000000,['Drama'],en,Akeelah and the Bee,4.93,['United States of America'],2006-04-28,18948425,112,['English'],6.7,81
8000000,"['Comedy', 'Crime']",en,Half Baked,7.89,['United States of America'],1998-01-16,17460020,82,"['English', 'Türkçe']",6.4,177
8000000,['Comedy'],en,New in Town,13.99,"['Canada', 'United States of America']",2009-01-30,29010817,97,"['English', 'Español']",5.2,99
7000000,"['Thriller', 'Drama', 'Crime']",en,American Psycho,45.31,"['Canada', 'United States of America']",2000-04-13,34266564,102,"['English', 'Español', '广州话 / 廣州話']",7.3,2066
8000000,"['Drama', 'Comedy', 'Romance']",en,The Good Girl,9.8,"['Netherlands', 'Germany', 'United States of America']",2002-01-12,16856124,93,['English'],6.1,181
8000000,"['Action', 'Comedy', 'Crime']",fr,Bon Cop Bad Cop,5.07,['Canada'],2006-07-06,12671300,116,"['English', 'Français']",6.5,42
8000000,"['Action', 'Thriller', 'Crime']",en,The Boondock Saints II: All Saints Day,13.52,['United States of America'],2009-11-24,10629321,118,"['English', 'Italiano', 'Español']",5.9,261
8000000,['Comedy'],en,Easy A,45.4,['United States of America'],2010-09-10,74952305,92,['English'],6.7,2210
8000000,"['Drama', 'Horror']",en,Shadow of the Vampire,5.94,['United States of America'],2000-05-15,8279017,92,"['English', 'Deutsch']",6.6,148
8000000,['Comedy'],en,Prom,11.84,['United States of America'],2011-04-29,10130000,104,['English'],5.7,134
8000000,"['Animation', 'Comedy', 'Drama', 'Romance']",en,Anomalisa,21.02,['United States of America'],2015-12-30,5659286,90,['English'],7.0,459
8000000,"['Comedy', 'Drama']",en,Another Year,7.24,['United Kingdom'],2010-11-05,18124262,129,['English'],7.0,97
8000000,"['Action', 'Thriller']",en,Showdown in Little Tokyo,8.4,['United States of America'],1991-08-23,2275557,79,"['日本語', 'English']",5.7,95
8000000,"['Comedy', 'Drama']",en,It's Kind of a Funny Story,13.14,['United States of America'],2010-07-06,6491240,101,['English'],6.9,672
8000000,"['Drama', 'Romance']",en,Prefontaine,8.72,['United States of America'],1997-01-24,589304,106,['English'],6.7,21
8000000,"['Comedy', 'Music', 'Romance', 'Drama']",en,Begin Again,35.74,['United States of America'],2013-09-07,63464861,104,['English'],7.3,1254
8000000,"['Drama', 'Romance']",en,Down in the Valley,7.43,['United States of America'],2005-05-13,852872,112,"['English', 'Italiano']",5.9,63
8000000,"['Drama', 'Action', 'Thriller']",en,Brooklyn Rules,4.09,['United States of America'],2007-04-30,458232,99,['English'],5.8,18
8000000,"['Romance', 'Comedy', 'Drama', 'Horror']",en,Fido,5.24,['Canada'],2006-09-07,426224,91,['English'],6.6,135
8000000,"['Action', 'Comedy']",en,Wild Target,10.79,"['France', 'United Kingdom']",2010-06-17,3453043,98,['English'],6.4,215
8000000,"['Action', 'Crime', 'Drama', 'Mystery', 'Thriller']",en,10th & Wolf,3.94,['United States of America'],2006-02-19,143451,107,['English'],6.3,24
8000000,['Drama'],en,Aloft,6.5,"['France', 'United States of America', 'Spain']",2014-02-12,53086,112,"['Français', 'English']",5.1,41
8000000,"['Science Fiction', 'Animation']",ja,アキラ,39.34,['Japan'],1988-07-16,553171,124,['日本語'],7.8,773
22000000,"['Drama', 'Action', 'Thriller', 'Crime']",en,The Death and Life of Bobby Z,12.89,"['Germany', 'United States of America']",2007-07-23,413454,97,['English'],5.8,103
8000000,['Drama'],fr,Maurice Richard,0.98,['Canada'],2005-10-25,2019009,124,"['English', 'Français']",6.1,17
7800000,"['Thriller', 'Crime']",en,Swimming Pool,11.0,"['France', 'United Kingdom']",2003-05-18,22441323,102,"['English', 'Français']",6.4,153
7500000,"['Comedy', 'Drama']",en,Driving Miss Daisy,19.59,['United States of America'],1989-12-13,145793296,99,"['English', 'Magyar', 'Polski']",7.0,350
7500000,"['Crime', 'Action', 'Comedy', 'Thriller']",cn,紅番區,17.32,['Hong Kong'],1995-01-30,32392047,91,"['广州话 / 廣州話', 'English']",6.5,240
6500000,"['Comedy', 'Drama']",en,Thank You for Smoking,29.01,['United States of America'],2005-09-05,24793509,92,['English'],7.1,664
10200000,['Horror'],en,Hostel: Part II,20.75,['United States of America'],2007-06-08,35619521,93,"['English', 'Polski']",5.6,453
7500000,"['Drama', 'Romance']",en,An Education,16.99,"['United Kingdom', 'United States of America']",2009-10-29,26096852,100,['English'],6.8,409
10284523,"['Comedy', 'Drama', 'Romance']",en,Shopgirl,4.82,['United States of America'],2005-10-21,11588205,104,"['English', 'Polski']",5.7,75
6500000,"['Action', 'Crime', 'Drama', 'Thriller']",en,Narc,8.53,"['Canada', 'United States of America']",2002-01-14,12633747,105,"['English', 'Deutsch', 'Polski']",6.8,142
7500000,['Comedy'],en,Men with Brooms,1.37,['Canada'],2002-09-20,4245870,102,['English'],4.5,7
8000000,['Comedy'],en,Extract,14.65,['United States of America'],2009-09-03,10848783,92,['English'],5.7,192
8000000,['Drama'],en,Albert Nobbs,7.8,"['United Kingdom', 'Ireland']",2011-12-21,5634828,113,"['English', 'Français']",6.2,132
7500000,"['Drama', 'Thriller']",de,Die Welle,25.28,['Germany'],2008-03-11,19000000,107,['Deutsch'],7.5,841
7000000,"['Thriller', 'Horror']",en,The Neon Demon,38.15,"['Denmark', 'France', 'United States of America']",2016-06-08,1333124,117,['English'],6.4,887
7300000,"['Thriller', 'Crime', 'Drama', 'Action']",en,Harry Brown,16.83,['United Kingdom'],2009-11-11,10329747,103,['English'],6.7,348
7500000,"['Comedy', 'Drama', 'Romance']",en,Juno,19.78,['United States of America'],2007-12-05,231411584,96,['English'],7.0,2244
7200000,"['Adventure', 'Action', 'Thriller']",en,Diamonds Are Forever,34.63,"['United Kingdom', 'United States of America']",1971-12-13,116019547,120,"['English', 'Deutsch']",6.3,553
6000000,"['Drama', 'Crime']",en,The Godfather,143.66,['United States of America'],1972-03-14,245066411,175,"['English', 'Italiano', 'Latin']",8.4,5893
4000000,"['Drama', 'Music', 'Romance']",en,Flashdance,18.42,['United States of America'],1983-04-14,92921203,95,"['English', 'Português']",6.1,302
7500000,"['Comedy', 'Drama', 'Romance']",en,(500) Days of Summer,45.61,['United States of America'],2009-07-17,60722734,95,"['English', 'Français', 'svenska']",7.2,2904
7000000,"['Drama', 'Romance']",en,The Piano,17.68,"['New Zealand', 'Australia', 'France']",1993-05-19,116700000,121,"['English', '']",7.1,281
7000000,"['Drama', 'Comedy']",en,Magic Mike,35.9,['United States of America'],2012-06-28,167221571,110,['English'],6.1,1040
7000000,"['Adventure', 'Action', 'Thriller']",en,Live and Let Die,30.47,['United Kingdom'],1973-07-05,161777836,121,"['English', 'Magyar']",6.4,533
6600000,['Comedy'],en,Jumping the Broom,4.49,['United States of America'],2011-05-06,37710610,112,['English'],6.0,56
7000000,"['Drama', 'History']",en,"Good Night, and Good Luck.",17.72,"['France', 'Japan', 'United Kingdom', 'United States of America']",2005-09-16,54600000,93,['English'],6.8,273
7000000,"['Crime', 'Drama']",en,Capote,17.43,"['Canada', 'United States of America']",2005-09-30,49084830,114,['English'],6.8,384
7000000,"['Thriller', 'Action', 'Crime']",en,Desperado,25.51,['United States of America'],1995-08-25,25405445,104,['English'],6.8,881
9000000,"['Adventure', 'Action', 'Romance', 'Science Fiction']",en,Logan's Run,12.27,['United States of America'],1976-06-23,25000000,119,['English'],6.6,269
7000000,"['Adventure', 'Action', 'Thriller']",en,The Man with the Golden Gun,30.21,"['United Kingdom', 'United States of America']",1974-12-01,97572000,125,"['ภาษาไทย', '广州话 / 廣州話', 'English']",6.3,524
7000000,"['Action', 'Adventure', 'Comedy', 'Crime', 'Drama']",en,Action Jackson,6.87,['United States of America'],1988-02-12,20256975,96,"['English', 'Français']",4.9,50
7000000,['Horror'],en,Devil's Due,14.74,['United States of America'],2014-01-08,36433975,89,['English'],4.4,216
7000000,"['Comedy', 'Romance']",en,Flirting with Disaster,5.5,['United States of America'],1996-03-22,14702438,92,['English'],6.3,66
700000,"['Crime', 'Drama', 'Comedy']",en,Dope,29.76,['United States of America'],2015-06-19,17986781,103,['English'],7.2,691
7000000,"['Drama', 'Action', 'Thriller', 'Crime']",en,In Too Deep,2.77,['United States of America'],1999-08-25,14011454,97,"['Italiano', 'English', 'Pусский']",6.2,17
7000000,['Horror'],en,House of 1000 Corpses,19.3,['United States of America'],2003-04-11,16829545,89,['English'],6.0,306
7000000,"['Comedy', 'Drama']",en,A Serious Man,23.61,"['United States of America', 'United Kingdom', 'France']",2009-10-02,31430334,105,"['English', 'עִבְרִית', '']",6.6,483
7000000,"['Romance', 'Drama']",en,Beyond the Lights,8.08,['United States of America'],2014-09-10,14618727,116,['English'],7.0,139
7000000,['Drama'],en,The Last Temptation of Christ,14.67,"['United States of America', 'Canada']",1988-08-12,8373585,164,['English'],7.0,201
7000000,"['Romance', 'Comedy', 'Drama']",en,Outside Providence,2.63,['United States of America'],1999-08-16,7292175,96,['English'],5.6,30
7,"['Thriller', 'Action', 'Horror', 'Science Fiction', 'Crime']",en,Split Second,4.86,['United Kingdom'],1992-05-01,5,90,['English'],5.7,63
7000000,"['Action', 'Adventure', 'Drama', 'Family']",en,The Other Side of Heaven,2.21,['United States of America'],2001-04-12,4720371,113,"['English', '']",6.7,14
7000000,"['Drama', 'Romance']",hi,Veer-Zaara,3.72,['India'],2004-11-12,29385320,192,['हिन्दी'],7.4,64
7000000,"['Drama', 'Crime']",en,Auto Focus,7.05,['United States of America'],2002-10-18,2062066,104,['English'],6.1,56
7000000,"['Drama', 'Thriller']",en,We Need to Talk About Kevin,21.28,"['United Kingdom', 'United States of America']",2011-09-28,6038942,112,['English'],7.4,677
7000000,['Comedy'],en,Losin' It,2.55,"['Canada', 'United States of America']",1983-04-08,1246141,100,"['English', 'Español']",4.5,31
7000000,['Drama'],en,Hesher,13.64,['United States of America'],2010-01-22,382946,106,['English'],6.7,212
7000000,"['Romance', 'Drama']",en,Freeheld,8.18,['United States of America'],2015-10-02,573335,103,['English'],7.1,164
7000000,['Comedy'],en,The Extra Man,2.27,"['France', 'United States of America']",2010-08-01,453079,108,['English'],5.9,29
7000000,"['Drama', 'Science Fiction']",ru,Трудно быть богом,3.12,['Russia'],2013-02-27,1310673,170,['Pусский'],6.7,41
7000000,"['Crime', 'Thriller', 'Comedy']",en,Ca$h,8.21,['United States of America'],2010-01-01,46488,108,"['English', 'Français']",6.0,73
6000000,"['Action', 'Thriller', 'Crime']",en,The Boondock Saints,34.92,"['Canada', 'United States of America']",1999-01-22,30471,108,"['English', 'Español']",7.2,837
7000000,"['Animation', 'Fantasy']",ru,Снежная королева,5.34,['Russia'],2012-10-11,12400000,76,['Pусский'],5.1,47
7000000,"['Adventure', 'Science Fiction']",en,Stargate: The Ark of Truth,8.59,"['Canada', 'United States of America']",2008-03-11,8900000,97,['English'],6.9,140
6900000,"['Comedy', 'Drama']",en,Dazed and Confused,26.18,['United States of America'],1993-09-24,7993039,102,['English'],7.4,583
6900000,"['Horror', 'Thriller']",en,House at the End of the Street,25.61,['United States of America'],2012-09-21,44287131,101,['English'],5.6,555
6800000,"['Drama', 'War', 'Mystery']",fr,Incendies,21.29,"['Canada', 'France']",2010-09-04,7103838,130,"['Français', 'العربية', 'English']",7.9,479
6500000,['Horror'],en,Annabelle,60.23,['United States of America'],2014-10-02,255273813,99,['English'],5.6,1517
6500000,"['Crime', 'Drama']",en,Boyz n the Hood,17.71,['United States of America'],1991-07-12,57504069,112,['English'],7.4,364
6500000,"['Drama', 'Music']",en,La Bamba,6.85,['United States of America'],1987-07-24,54215416,108,['English'],6.8,116
6500000,"['Horror', 'Mystery', 'Thriller']",en,Dressed to Kill,11.21,['United States of America'],1980-06-25,31899000,105,['English'],6.8,157
6500000,"['Crime', 'Comedy', 'Thriller']",en,Go,11.14,['United States of America'],1999-04-09,28451622,98,['English'],7.0,196
6500000,"['Comedy', 'Drama', 'Romance']",en,Friends with Money,11.89,['United States of America'],2006-09-07,13368437,88,['English'],5.1,128
6500000,"['Science Fiction', 'Thriller']",en,The Andromeda Strain,12.52,['United States of America'],1971-03-12,12376563,131,['English'],7.0,190
6500000,['Drama'],en,Shame,40.69,['United Kingdom'],2011-10-02,17693675,100,['English'],7.0,875
6500000,"['Drama', 'Thriller', 'Crime']",en,Layer Cake,24.0,['United Kingdom'],2004-09-30,11850214,105,"['English', 'Română']",7.0,559
6500000,['Drama'],en,The Work and the Glory II: American Zion,2.64,['United States of America'],2005-10-21,2025032,100,['English'],8.0,6
6500000,"['Drama', 'Thriller']",en,The East,16.57,"['United Kingdom', 'United States of America']",2013-05-31,2401510,116,['English'],6.5,305
6500000,"['Romance', 'Drama']",en,A Home at the End of the World,5.48,['United States of America'],2004-07-23,1548955,96,['English'],6.8,45
6500000,"['Drama', 'History']",en,The Messenger,8.43,['United States of America'],2009-11-13,1521261,113,"['English', 'Español']",7.1,119
6400000,"['Action', 'Thriller', 'Science Fiction']",en,The Terminator,74.23,"['United Kingdom', 'United States of America']",1984-10-26,78371200,108,['English'],7.3,4128
4800000,"['Comedy', 'Drama', 'Romance']",de,"Good bye, Lenin!",11.09,['Germany'],2003-02-09,79384880,121,['Deutsch'],7.4,586
4000000,"['Comedy', 'Horror']",en,The Return of the Living Dead,14.96,['United States of America'],1985-05-15,14237000,91,['English'],7.3,267
6000000,"['Romance', 'Comedy']",en,Mallrats,16.14,['United States of America'],1995-10-20,2122561,94,['English'],6.8,392
6000000,['Romance'],en,Grease,67.61,['United States of America'],1978-07-07,181813770,110,['English'],7.2,1581
6000000,"['Drama', 'War', 'Action']",en,Platoon,49.8,"['United Kingdom', 'United States of America']",1986-12-18,138530565,120,"['English', 'Tiếng Việt']",7.5,1205
6000000,['Documentary'],en,Fahrenheit 9/11,16.21,['United States of America'],2004-06-25,119114517,122,"['العربية', 'English']",6.8,397
6000000,"['History', 'Drama', 'Western', 'Crime']",en,Butch Cassidy and the Sundance Kid,24.5,['United States of America'],1969-09-23,102308889,110,"['English', 'Español']",7.4,650
6000000,"['Comedy', 'Family', 'Fantasy']",en,Mary Poppins,59.96,['United States of America'],1964-08-27,102272727,139,['English'],7.4,1183
6000000,"['Crime', 'Drama', 'Music']",en,West Side Story,23.43,['United States of America'],1961-10-18,43656822,152,['English'],7.0,389
6000000,['Comedy'],en,Caddyshack,15.93,['United States of America'],1980-07-25,39846344,98,['English'],6.6,365
6000000,"['Comedy', 'Drama', 'Romance']",en,The Wood,5.54,['United States of America'],1999-07-16,25059640,106,['English'],7.1,34
6000000,"['Drama', 'Crime', 'Thriller']",en,The Usual Suspects,64.03,['United States of America'],1995-07-19,23341568,106,"['Español', 'English', 'Français', 'Magyar']",8.1,3254
8000000,"['Horror', 'Thriller']",en,A Nightmare on Elm Street 5: The Dream Child,12.65,['United States of America'],1989-08-11,22168359,89,['English'],5.5,245
5000000,"['Comedy', 'Romance']",en,National Lampoon’s Van Wilder,35.11,['United States of America'],2002-03-29,38275483,92,['English'],5.9,858
6000000,"['Drama', 'Romance']",en,The Wrestler,40.2,['United States of America'],2008-09-07,44703995,109,['English'],7.3,1000
6000000,['Western'],en,Duel in the Sun,7.6,['United States of America'],1946-12-31,20400000,144,['English'],6.2,37
6000000,"['Science Fiction', 'Action']",en,Escape from New York,24.35,['United States of America'],1981-05-22,50244700,99,['English'],6.9,703
6000000,"['Comedy', 'Family']",en,Daddy Day Camp,12.6,['United States of America'],2007-08-08,18197398,89,['English'],4.4,91
12716953,"['Crime', 'Action', 'Comedy']",cn,一個好人,7.08,"['Australia', 'Hong Kong']",1997-01-31,18814720,113,"['普通话', '广州话 / 廣州話', 'English']",6.3,128
6000000,"['Comedy', 'Music']",en,A Mighty Wind,4.05,['United States of America'],2003-04-16,18750246,91,['English'],6.6,74
6000000,"['Comedy', 'Drama', 'Fantasy', 'Romance']",en,Sliding Doors,15.64,"['United Kingdom', 'United States of America']",1998-04-23,58000000,99,['English'],6.5,354
6000000,"['Crime', 'Horror', 'Thriller']",en,Tales from the Hood,3.89,['United States of America'],1995-05-24,12000000,98,['English'],5.4,32
6000000,['Drama'],en,The Last King of Scotland,26.29,"['United Kingdom', 'Germany', 'United States of America']",2006-09-01,48027970,121,"['English', 'Français', 'Deutsch', 'Kiswahili']",7.4,558
5000000,"['Horror', 'Thriller']",en,Halloween 5: The Revenge of Michael Myers,8.01,['United States of America'],1989-10-12,11642254,96,['English'],5.2,183
5000000,"['Comedy', 'Crime', 'Drama']",en,Bernie,12.69,['United States of America'],2012-04-27,9206470,100,['English'],6.5,320
6000000,['Documentary'],en,Dolphins and Whales: Tribes of the Ocean,0.04,"['Bahamas', 'United Kingdom']",2008-02-15,7518876,42,['English'],8.0,3
6000000,"['Comedy', 'Drama', 'Romance']",en,200 Cigarettes,3.56,['United States of America'],1999-02-26,6852450,101,['English'],6.1,44
6000000,"['Drama', 'Thriller']",en,The Words,14.99,['United States of America'],2012-09-07,13231461,96,"['English', 'Français']",6.4,379
6000000,"['Drama', 'Comedy']",en,City Island,6.5,['United States of America'],2009-03-06,6670712,104,['English'],6.9,113
6000000,"['Action', 'Comedy', 'Thriller', 'Crime']",en,The Guard,19.41,['Ireland'],2011-07-07,19560274,96,"['Gaeilge', 'English']",6.8,372
7000000,['Comedy'],en,College,7.03,['United States of America'],2008-08-28,6230276,94,['English'],4.8,48
6000000,"['Drama', 'Romance']",en,The Virgin Suicides,26.22,['United States of America'],1999-04-21,10409377,97,['English'],7.1,817
5500000,"['Drama', 'Comedy']",en,Wish I Was Here,15.02,['United States of America'],2014-01-18,5483299,120,['English'],6.4,300
6000000,['Comedy'],en,Simply Irresistible,5.7,['United States of America'],1999-02-05,4398989,95,"['Français', 'English']",5.5,52
6000000,['Action'],en,Only the Strong,5.41,['United States of America'],1993-08-27,3283371,99,['English'],6.9,29
6000000,"['Drama', 'History']",en,Shattered Glass,6.27,"['Canada', 'United States of America']",2003-11-14,2944752,94,"['English', 'Français', 'Magyar']",6.6,111
6000000,"['Comedy', 'Crime', 'Thriller']",en,Novocaine,4.15,['United States of America'],2001-11-23,2025238,95,['English'],6.0,44
6244087,"['Adventure', 'Western']",en,The Wild Bunch,14.97,['United States of America'],1969-06-17,638641,145,"['English', 'Deutsch', 'Español']",7.6,259
6000000,['Drama'],en,The Wackness,7.16,['United States of America'],2008-07-03,2899975,99,['English'],6.2,94
6000000,"['Action', 'Adventure', 'Fantasy', 'Science Fiction']",en,Beastmaster 2: Through the Portal of Time,1.48,['United States of America'],1991-06-08,869325,107,['English'],4.6,17
6000000,['Drama'],en,The 5th Quarter,0.22,['United States of America'],2011-03-25,399611,97,['English'],4.7,12
134005,"['Drama', 'History']",en,Snow Flower and the Secret Fan,2.26,['China'],2011-07-15,1332231,104,"['普通话', 'English']",5.3,22
6000000,['Comedy'],en,"Surfer, Dude",2.4,['United States of America'],2008-09-05,69497,85,"['English', 'Polski']",4.7,25
12000000,"['Crime', 'Drama', 'Thriller']",en,Deadfall,10.19,"['France', 'United States of America']",2012-11-08,66351,95,['English'],5.6,224
5952000,"['Horror', 'Mystery', 'Science Fiction']",en,Videodrome,18.12,['Canada'],1983-02-04,2120439,87,['English'],7.1,454
5300000,"['Drama', 'Comedy', 'Romance']",fr,L'Auberge espagnole,13.03,['France'],2002-05-17,3897799,122,"['Italiano', 'Français', 'Español', 'English', 'Català', 'Dansk', 'Deutsch']",7.0,266
6000000,['Drama'],en,Song One,6.35,['United States of America'],2014-01-20,32251,86,['English'],5.5,87
4000000,"['Drama', 'History', 'War']",nl,Oorlogswinter,5.01,"['Netherlands', 'Belgium']",2008-11-17,530048,103,"['Nederlands', 'English', 'Deutsch']",6.8,66
5800000,"['Action', 'Drama', 'Thriller', 'War']",en,The Train,4.49,"['France', 'United States of America']",1964-09-21,6800000,133,"['Deutsch', 'English']",7.2,72
6000000,"['Action', 'Crime', 'Drama', 'Thriller']",th,ต้มยำกุ้ง,11.82,"['Thailand', 'Australia']",2005-08-11,27165581,108,"['English', '普通话', 'ภาษาไทย', 'Tiếng Việt']",6.8,167
3500159,"['Comedy', 'Drama', 'Romance']",en,Bend It Like Beckham,22.05,"['India', 'Germany', 'United Kingdom', 'United States of America']",2002-04-11,76578641,112,"['English', 'ਪੰਜਾਬੀ']",6.2,578
5800000,"['Action', 'Adventure', 'Drama']",en,Crossover,3.2,['United States of America'],2006-09-01,7000000,95,['English'],4.2,10
5600000,"['Thriller', 'Horror']",es,[REC]²,22.34,['Spain'],2009-09-15,18469680,85,['Español'],6.4,489
5500000,"['Comedy', 'Crime', 'Drama']",en,The Sting,28.5,['United States of America'],1973-12-25,159616327,129,['English'],7.9,622
5500000,"['Drama', 'History']",en,Chariots of Fire,10.44,['United Kingdom'],1981-05-15,58972904,123,"['English', 'Français']",6.8,207
5500000,['Western'],en,High Plains Drifter,19.13,['United States of America'],1973-04-19,15700000,105,['English'],7.4,278
5500000,"['Comedy', 'Science Fiction']",en,Galaxina,2.14,['United States of America'],1980-06-06,4865000,95,['English'],3.3,16
4361898,"['Comedy', 'Romance']",en,Mambo Italiano,2.08,['Canada'],2003-06-06,3031801,92,"['English', 'Français', 'Italiano']",5.6,28
5000000,"['Crime', 'Drama', 'Mystery', 'Thriller']",en,Wonderland,7.79,"['Canada', 'United States of America']",2003-10-23,2466444,104,['English'],6.2,73
6500000,['Drama'],en,Do the Right Thing,15.58,['United States of America'],1989-06-30,37295445,120,['English'],7.6,292
2200000,['Drama'],hi,Rang De Basanti,5.21,['India'],2006-01-26,11502151,157,['हिन्दी'],7.2,97
5500000,['Drama'],en,Miss Julie,5.03,"['United Kingdom', 'Norway']",2014-09-07,5000000,120,['English'],5.9,45
4000000,['Horror'],en,Saw II,42.19,['United States of America'],2005-10-28,152925093,92,['English'],6.3,1251
15000000,"['Thriller', 'Science Fiction', 'Drama']",en,10 Cloverfield Lane,53.7,['United States of America'],2016-03-10,108286421,103,['English'],6.8,2468
5000000,"['Documentary', 'Comedy']",en,Jackass: The Movie,14.75,['United States of America'],2002-10-21,64282312,87,['English'],6.1,345
4900000,"['Horror', 'Thriller']",en,Lights Out,48.17,['United States of America'],2016-07-21,44107032,81,['English'],6.3,1129
5000000,['Horror'],en,Paranormal Activity 3,29.16,['United States of America'],2011-10-19,205703818,83,['English'],5.9,669
5000000,['Horror'],en,Ouija,56.3,"['Japan', 'United States of America']",2014-10-24,103590271,89,['English'],4.9,983
5000000,"['Horror', 'Thriller']",en,A Nightmare on Elm Street 3: Dream Warriors,17.3,['United States of America'],1987-02-27,44793222,96,['English'],6.5,354
5500000,"['Comedy', 'Drama']",es,No se Aceptan Devoluciones,9.6,['Mexico'],2013-07-20,99067206,115,"['Español', 'English']",7.5,205
5000000,['Horror'],en,Paranormal Activity 4,20.33,['United States of America'],2012-10-17,142817992,95,['English'],5.2,563
4100000,['Drama'],en,The Robe,4.03,['United States of America'],1953-09-16,36000000,135,['English'],6.4,42
5000000,['Comedy'],en,The Return of the Pink Panther,6.47,['United Kingdom'],1975-05-21,41833347,113,['English'],6.7,137
11000000,"['Horror', 'Thriller', 'Comedy']",en,Freddy's Dead: The Final Nightmare,16.86,['United States of America'],1991-09-05,34872033,89,['English'],5.1,272
8000000,"['Crime', 'Drama']",en,Monster,19.68,['United States of America'],2003-11-16,60378584,110,['English'],7.0,485
5000000,"['Adventure', 'Drama', 'Science Fiction']",en,"20,000 Leagues Under the Sea",9.36,['United States of America'],1954-12-23,28200000,127,['English'],6.8,157
5000000,"['Horror', 'Thriller']",en,Paranormal Activity: The Marked Ones,19.98,['United States of America'],2014-01-01,86362372,84,['English'],5.2,449
5000000,"['Drama', 'History']",en,The Elephant Man,30.27,"['United Kingdom', 'United States of America']",1980-10-02,26010864,124,['English'],7.9,719
5000000,"['Drama', 'History']",en,Dallas Buyers Club,59.45,['United States of America'],2013-09-07,55198285,117,"['English', '日本語']",7.9,2886
3300000,"['Thriller', 'Horror']",en,The Lazarus Effect,20.3,['United States of America'],2015-01-29,64110728,83,['English'],5.1,505
9000000,"['Mystery', 'Thriller']",en,Memento,60.72,['United States of America'],2000-10-11,39723096,113,['English'],8.1,4028
5000000,['Horror'],en,Oculus,35.87,['United States of America'],2013-09-08,44030246,104,['English'],6.3,1050
5000000,['Comedy'],en,Clerks II,18.08,['United States of America'],2006-05-25,26888376,97,['English'],6.9,398
5000000,"['Drama', 'Comedy', 'Music']",en,Billy Elliot,20.43,"['France', 'United Kingdom']",2000-05-18,110000000,110,['English'],7.4,750
4600000,"['Comedy', 'Drama']",en,The Way Way Back,32.14,['United States of America'],2013-06-06,23198652,103,['English'],7.1,688
3500000,"['Family', 'Drama', 'Action', 'Western', 'Romance']",en,The Man from Snowy River,3.66,['Australia'],1982-03-02,20659423,104,['English'],6.8,37
10000000,"['Comedy', 'Drama']",en,Our Idiot Brother,15.69,['United States of America'],2011-08-26,17273593,90,['English'],5.9,365
5000000,"['Action', 'Drama']",en,Race,23.0,"['Canada', 'Germany']",2016-02-19,24804129,134,['English'],7.1,478
5000000,"['Horror', 'Thriller']",en,"As Above, So Below",26.51,['United States of America'],2014-08-14,40100000,93,['English'],6.1,766
5000000,['Drama'],en,Still Alice,35.31,['United States of America'],2014-12-05,43884652,99,['English'],7.5,1104
5000000,"['History', 'Drama']",en,The Egyptian,4.08,['United States of America'],1954-08-25,15000000,139,"['ελληνικά', 'English']",6.0,11
5000000,"['Action', 'Crime', 'Thriller']",en,Nighthawks,7.06,['United States of America'],1981-03-17,19905359,99,"['English', 'Français']",6.4,86
5000000,"['Horror', 'Thriller']",en,Friday the 13th Part VIII: Jason Takes Manhattan,12.9,['United States of America'],1989-07-28,14000000,100,['English'],4.8,191
5000000,"['Comedy', 'Drama', 'Romance']",en,My Big Fat Greek Wedding,18.12,"['Canada', 'United States of America']",2002-02-22,368744044,95,"['ελληνικά', 'English']",6.2,671
5000000,"['Drama', 'Crime']",en,Spring Breakers,62.55,"['France', 'United States of America']",2013-01-24,31724284,94,['English'],5.0,1551
5000000,"['Horror', 'Thriller']",en,Halloween: The Curse of Michael Myers,9.48,['United States of America'],1995-09-29,15116634,88,['English'],5.0,170
5000000,"['Drama', 'Romance']",es,Y tu mamá también,16.89,['Mexico'],2001-06-08,33616692,106,['Español'],7.3,315
4000000,"['Horror', 'Comedy']",en,Shaun of the Dead,49.12,"['United Kingdom', 'United States of America', 'France']",2004-04-09,30039392,99,['English'],7.5,2420
5000000,"['Drama', 'Mystery', 'Romance']",en,Lone Star,5.96,['United States of America'],1996-06-21,13269963,135,"['English', 'Español']",6.9,77
5000000,"['Horror', 'Thriller']",en,Halloween 4: The Return of Michael Myers,9.3,['United States of America'],1988-10-21,17768757,88,['English'],5.9,209
5000000,"['Action', 'Crime', 'Drama', 'Romance', 'Thriller', 'Western']",en,Lone Wolf McQuade,8.45,['United States of America'],1983-04-14,12232628,107,"['English', 'Español']",5.5,67
5000000,"['Horror', 'Thriller', 'Science Fiction']",en,Apollo 18,17.03,"['Canada', 'United States of America']",2011-07-20,25562924,86,"['Český', 'English']",5.0,356
5000000,"['Comedy', 'Drama']",en,Sunshine Cleaning,19.34,['United States of America'],2008-01-18,16174377,102,"['English', 'Español']",6.5,255
5000000,"['Action', 'Thriller']",en,No Escape,38.01,['United States of America'],2015-08-26,54418872,103,"['Français', 'English', 'ภาษาไทย']",6.7,777
5000000,"['Drama', 'History', 'Romance', 'War']",en,Solomon and Sheba,0.84,['United States of America'],1959-12-25,12200000,139,['English'],5.4,8
20000000,"['Romance', 'Comedy']",en,Fifty Shades of Black,14.95,['United States of America'],2016-01-28,21164799,92,['English'],4.3,331
4,"['Drama', 'Romance', 'War']",en,A Farewell to Arms,1.2,['United States of America'],1932-12-08,25,89,['English'],6.2,28
8000000,"['Comedy', 'Crime', 'Drama']",fr,Les Invasions barbares,3.03,"['Canada', 'France']",2003-05-21,3432342,99,"['English', 'Français']",6.7,77
5000000,"['Action', 'Adventure', 'War', 'Thriller']",en,Force 10 from Navarone,5.35,['United Kingdom'],1978-11-01,7230000,118,"['English', 'Español']",6.4,91
5000000,['Western'],it,C'era una volta il West,49.33,"['Italy', 'Spain', 'United States of America']",1968-12-21,5321508,175,['English'],8.1,1128
5000000,"['Action', 'Comedy', 'Thriller']",en,Made,4.15,['United States of America'],2001-07-13,5476060,94,['English'],6.3,55
5000000,"['Science Fiction', 'Drama']",en,Moon,46.11,['United Kingdom'],2009-06-12,9760104,97,"['Español', 'English']",7.6,1794
5000000,['Documentary'],en,Sea Rex 3D: Journey to a Prehistoric World,4.5,"['France', 'United Kingdom']",2010-05-14,4074023,41,['English'],5.9,11
5000000,['Drama'],en,The Sweet Hereafter,7.67,['Canada'],1997-05-14,3263585,112,"['English', 'Español']",6.8,103
4000000,"['Drama', 'History']",fr,Des hommes et des dieux,4.99,['France'],2010-05-18,41424067,120,"['العربية', 'Français']",6.5,91
5000000,"['Comedy', 'Drama']",en,Bottle Shock,6.17,['United States of America'],2008-08-06,4040588,110,"['Français', 'English', 'Deutsch']",6.6,60
5000000,"['Drama', 'Fantasy']",en,Heavenly Creatures,8.75,['New Zealand'],1994-09-02,3049135,99,['English'],7.0,294
5000000,['Drama'],en,90 Minutes in Heaven,3.94,['United States of America'],2015-09-11,4842699,121,"['English', 'Português']",5.4,40
5000000,"['Comedy', 'Drama', 'Romance']",en,Everything Must Go,9.17,['United States of America'],2010-10-15,2614773,97,['English'],6.0,208
5000000,"['Comedy', 'Crime', 'Mystery', 'Thriller']",en,Zero Effect,2.73,['United States of America'],1998-01-30,1980338,116,['English'],6.0,55
5000000,"['Thriller', 'Drama']",en,The Machinist,35.25,"['United States of America', 'Spain']",2004-02-09,8203235,101,['English'],7.3,1247
5000000,"['Thriller', 'Crime', 'Drama', 'Mystery']",en,Kill the Messenger,21.34,['United States of America'],2014-10-09,2450846,112,['English'],6.6,355
5000000,['Drama'],en,Rabbit Hole,10.1,['United States of America'],2010-12-16,5129058,91,['English'],6.9,165
5000000,"['Comedy', 'Drama', 'Crime']",en,Party Monster,4.13,"['Netherlands', 'United States of America']",2003-09-05,742898,98,['English'],5.9,58
5000000,"['Horror', 'Crime', 'Thriller']",en,Green Room,30.0,['United States of America'],2016-04-15,3220371,95,['English'],6.7,683
5000000,"['Drama', 'Science Fiction', 'Mystery']",en,Atlas Shrugged Part III: Who is John Galt?,1.73,['United States of America'],2014-09-12,846704,99,['English'],3.9,15
7000000,"['Comedy', 'Crime', 'Drama']",en,Bottle Rocket,11.7,['United States of America'],1996-02-21,560069,91,"['Español', 'English']",6.8,281
5000000,"['Comedy', 'Horror']",en,Tucker and Dale vs Evil,19.94,"['Canada', 'United States of America']",2010-01-22,5476793,89,['English'],7.3,847
5000000,"['Horror', 'Thriller']",en,The Visit,38.95,['United States of America'],2015-09-10,98450062,94,['English'],6.0,1360
5000000,"['Drama', 'War']",en,Redacted,3.79,['United States of America'],2007-01-01,782102,90,"['English', 'Español']",6.2,37
5000000,"['Drama', 'Comedy']",de,Soul Kitchen,5.46,['Germany'],2009-09-09,17872796,99,"['Deutsch', 'ελληνικά']",7.1,116
1000000,['Drama'],en,Sling Blade,14.81,['United States of America'],1996-08-30,24475416,135,['English'],7.4,231
4798235,"['Horror', 'Thriller']",en,The Awakening,25.3,['United Kingdom'],2011-08-17,209696,107,"['Français', 'English']",6.3,458
4800000,['Horror'],en,Hostel,38.83,['United States of America'],2005-01-06,80578934,94,['English'],5.7,887
5000000,"['Thriller', 'Drama']",en,Take Shelter,19.81,['United States of America'],2011-11-25,3099314,120,['English'],7.1,471
4700000,['Horror'],en,The Texas Chainsaw Massacre 2,9.62,['United States of America'],1986-08-22,8025872,101,['English'],5.9,139
4638783,['Western'],en,Pat Garrett & Billy the Kid,4.5,['United States of America'],1973-05-23,11000000,106,['English'],7.2,65
4800000,"['Drama', 'Thriller', 'Crime']",en,Only God Forgives,35.75,"['France', 'Denmark', 'Sweden', 'Thailand', 'United States of America']",2013-05-30,10337387,90,"['English', 'ภาษาไทย']",5.6,862
4500000,"['Comedy', 'Crime']",en,Police Academy,15.0,['United States of America'],1984-03-22,146198896,96,['English'],6.5,602
4500000,"['Romance', 'Adventure', 'Drama']",en,The Blue Lagoon,22.59,['United States of America'],1980-07-05,58853106,104,['English'],5.8,408
6000000,"['Comedy', 'Drama', 'Romance']",en,Four Weddings and a Funeral,29.83,['United Kingdom'],1994-03-09,254700832,117,['English'],6.6,632
4500000,['Comedy'],en,Fast Times at Ridgemont High,20.4,['United States of America'],1982-08-13,27092880,90,['English'],7.0,322
4500000,"['Adventure', 'Drama']",en,Moby Dick,5.22,['United States of America'],1956-06-27,10400000,116,['English'],6.9,89
15000000,"['Crime', 'Drama']",en,25th Hour,30.2,['United States of America'],2002-12-16,13060843,135,['English'],7.2,629
4500000,"['Crime', 'Drama', 'Romance', 'Thriller']",en,Bound,15.36,['United States of America'],1996-09-13,7011317,108,['English'],6.9,198
4500000,"['Crime', 'Drama']",en,Requiem for a Dream,11.57,['United States of America'],2000-10-27,7390108,102,['English'],7.9,2443
5000000,['Comedy'],en,Moms' Night Out,10.27,['United States of America'],2014-03-25,10429707,98,['English'],5.5,121
6000000,"['Fantasy', 'Drama', 'Mystery']",en,Donnie Darko,61.21,['United States of America'],2001-01-18,1270522,113,['English'],7.7,3452
4500000,"['Comedy', 'Drama']",en,Life During Wartime,3.11,['United States of America'],2009-10-10,744816,97,['English'],6.3,30
4500000,"['Drama', 'Horror', 'Mystery', 'Thriller']",en,After.Life,14.57,['United States of America'],2010-04-09,3606395,104,['English'],5.4,251
3000000,['Drama'],en,One Flew Over the Cuckoo's Nest,127.53,['United States of America'],1975-11-18,108981275,133,['English'],8.2,2919
4500000,"['Thriller', 'Action', 'Drama', 'History']",hi,Airlift,2.55,['India'],2016-01-22,32000000,126,"['العربية', 'हिन्दी', '']",7.3,57
3730500,"['Action', 'Drama', 'Crime']",en,The Sweeney,6.94,['United Kingdom'],2012-09-11,6294161,112,"['Srpski', 'English']",5.7,109
8000000,"['Drama', 'Family']",en,Whale Rider,12.44,['New Zealand'],2003-01-30,41400000,101,"['English', '']",7.1,111
4200000,"['Fantasy', 'Action', 'Thriller']",ru,Ночной дозор,12.54,['Russia'],2004-06-27,32000000,114,"['Deutsch', 'Pусский']",6.3,210
3705538,"['Romance', 'Crime', 'Drama', 'Thriller']",en,The Crying Game,8.84,"['Japan', 'United Kingdom', 'Ireland']",1992-09-02,62548947,112,['English'],6.9,176
4000000,['Comedy'],en,Porky's,12.89,"['United States of America', 'Canada']",1981-11-13,125728258,94,['English'],6.1,183
114000,['Horror'],en,Night of the Living Dead,25.67,['United States of America'],1968-10-01,30000000,96,['English'],7.5,580
4000000,['Drama'],en,Lost in Translation,45.67,"['Japan', 'United States of America']",2003-08-31,119723856,102,"['日本語', 'English']",7.3,1895
4000000,"['Comedy', 'Drama', 'Romance']",en,Annie Hall,35.89,['United States of America'],1977-04-19,38251425,93,"['English', 'Deutsch']",7.8,1010
4000000,"['Action', 'Drama', 'Romance']",en,The Greatest Show on Earth,8.99,['United States of America'],1952-01-10,36000000,152,"['English', 'Deutsch']",6.6,50
4000000,"['Drama', 'Romance']",en,Monster's Ball,14.04,['United States of America'],2001-11-11,44909486,111,['English'],6.5,250
4000000,['Horror'],en,Maggie,40.02,"['Switzerland', 'United States of America']",2015-05-08,187112,95,['English'],5.2,593
3600000,"['Drama', 'Romance']",en,Leaving Las Vegas,22.03,['United States of America'],1995-10-27,49800000,112,['English'],7.1,360
4000000,['Thriller'],en,The Boy Next Door,24.16,['United States of America'],2015-01-23,52425855,91,['English'],4.1,1022
4000000,['Drama'],en,Trapeze,1.38,['United States of America'],1956-05-30,14400000,105,"['English', 'Italiano']",6.4,22
3500000,"['Comedy', 'Drama']",en,The Kids Are All Right,15.34,['United States of America'],2010-07-09,34705850,106,['English'],6.5,506
4000000,"['Action', 'Horror', 'Science Fiction', 'Thriller']",en,They Live,29.85,['United States of America'],1988-11-23,13008928,94,['English'],7.1,550
4000000,"['Adventure', 'Drama', 'History', 'Thriller', 'War']",en,The Great Escape,35.06,['United States of America'],1963-06-20,11744471,172,"['English', 'Deutsch', 'Français', 'Pусский']",7.8,717
5000000,"['Horror', 'Thriller']",en,The Last Exorcism Part II,10.61,['United States of America'],2013-02-28,15179302,88,['English'],4.4,203
4000000,['Drama'],en,Boyhood,43.4,['United States of America'],2014-06-05,44349000,164,"['Español', 'English']",7.5,1971
4000000,"['Comedy', 'Mystery']",en,Scoop,17.23,['United Kingdom'],2006-07-27,31584901,96,['English'],6.4,420
7000000,"['Action', 'Comedy']",en,The Wash,2.45,['United States of America'],2001-11-16,10229331,93,['English'],5.3,26
6000000,"['Action', 'Comedy', 'Romance']",en,3 Strikes,1.43,['United States of America'],2000-03-01,9000000,82,['English'],5.9,15
4000000,"['Drama', 'Action', 'Romance']",en,The Misfits,2.93,['United States of America'],1961-01-01,8200000,124,['English'],6.8,72
4000000,"['Action', 'Drama', 'Mystery', 'Thriller']",en,Topaz,5.98,['United States of America'],1969-12-18,6000000,143,"['English', 'Français', 'Pусский', 'Español']",6.1,77
4000000,"['Comedy', 'Crime']",en,Let's Go to Prison,4.6,['United States of America'],2006-11-17,4630045,84,"['English', 'Polski', 'Português', 'Español']",5.5,69
4000000,"['Crime', 'Comedy']",en,Four Rooms,22.88,['United States of America'],1995-12-09,4300000,98,['English'],6.5,530
4000000,"['Comedy', 'Drama', 'Romance']",en,Secretary,19.11,['United States of America'],2002-01-11,9304609,104,['English'],6.7,376
4000000,['Drama'],en,Talk Radio,4.54,"['Canada', 'United States of America']",1988-12-21,3468572,110,['English'],6.7,46
4000000,"['Comedy', 'Crime', 'Thriller', 'Romance']",en,You Kill Me,6.09,['United States of America'],2007-02-09,2426851,90,['English'],6.2,80
4000000,"['Horror', 'Action', 'Thriller']",en,Red State,12.06,['United States of America'],2011-08-19,1104682,88,['English'],5.9,316
4000000,['Fantasy'],en,Mirrormask,7.76,"['United Kingdom', 'United States of America']",2005-01-25,866999,101,['English'],6.6,102
4000000,['Drama'],en,Joe,22.99,['United States of America'],2014-04-11,2365467,118,['English'],6.5,338
3000000,"['Crime', 'Comedy', 'Romance']",en,Shooting Fish,1.2,['United Kingdom'],1997-08-22,302204,109,['English'],7.0,23
1300000,"['Crime', 'Drama', 'Horror', 'Thriller']",en,Prison,7.61,['United States of America'],1988-03-04,354704,102,['English'],6.7,27
9500000,"['Crime', 'Drama', 'Thriller']",en,Trust,21.23,['United States of America'],2010-09-10,120000,104,['English'],6.6,307
16000000,['Drama'],en,Adore,18.79,"['France', 'Australia']",2013-04-03,318982,100,['English'],6.1,291
4000000,['Drama'],es,Los lunes al sol,3.66,"['Spain', 'France', 'Italy']",2002-09-27,146402,113,"['Español', 'Deutsch']",7.1,36
650000,"['Drama', 'Horror', 'Action', 'Thriller', 'Science Fiction']",en,Stake Land,12.5,['United States of America'],2010-09-30,33245,98,['English'],6.2,285
4000000,"['Comedy', 'Drama']",en,Another Happy Day,3.24,['United States of America'],2011-11-18,355688,119,"['English', 'Français', 'Deutsch']",6.2,37
4000000,"['Adventure', 'Action', 'Thriller', 'Crime']",en,A Lonely Place to Die,8.31,['United Kingdom'],2011-04-09,25345000,99,"['English', 'Italiano']",6.2,157
3950000,"['Action', 'Drama', 'History']",en,Hell's Angels,8.48,['United States of America'],1930-11-15,8000000,127,"['Français', 'English', 'Deutsch']",6.1,19
3900000,"['Drama', 'History']",en,A Man for All Seasons,9.54,['United Kingdom'],1966-12-12,28350000,120,"['English', 'Français', 'Latin', 'Español']",7.5,89
3800000,['Drama'],en,Network,17.23,['United States of America'],1976-11-01,23689877,121,"['English', 'Deutsch']",7.7,381
4000000,"['Drama', 'Romance', 'War']",en,Gone with the Wind,48.98,['United States of America'],1939-12-15,400176459,238,['English'],7.7,970
3800000,"['War', 'Western']",en,Major Dundee,3.49,['United States of America'],1965-04-07,14873,123,"['English', 'Français', 'Español']",6.2,38
3768785,"['Action', 'Comedy', 'Music', 'Romance', 'Western']",en,Annie Get Your Gun,1.73,['United States of America'],1950-05-17,8000000,107,['English'],7.3,22
967686,"['Comedy', 'Crime', 'Drama']",en,Four Lions,20.54,['United Kingdom'],2010-05-07,4270000,101,"['العربية', 'English', 'اردو']",7.0,423
3500000,"['Drama', 'Action', 'Comedy', 'Crime']",en,Defendor,8.45,"['Canada', 'United Kingdom', 'United States of America']",2009-09-12,44462,101,['English'],6.5,195
3700000,"['Music', 'Romance']",en,The Pirate,0.91,['United States of America'],1948-06-11,2956000,102,['English'],6.6,17
4000000,"['Comedy', 'Drama']",en,The History Boys,3.77,['United Kingdom'],2006-10-02,13401952,109,['English'],6.6,66
3600000,['Drama'],en,Midnight Cowboy,21.12,['United States of America'],1969-05-25,44785053,113,"['English', 'Italiano']",7.4,299
3500000,['Comedy'],en,The Full Monty,17.0,['United Kingdom'],1997-08-13,257850122,91,['English'],6.8,363
3500000,['Comedy'],en,Airplane!,46.12,['United States of America'],1980-07-02,83453539,88,['English'],7.1,1074
3500000,['Comedy'],en,Friday,25.57,['United States of America'],1995-04-26,28215918,91,['English'],7.0,503
3500000,"['Drama', 'Action', 'Crime']",en,Menace II Society,3.42,['United States of America'],1993-05-26,27900000,97,['English'],7.2,173
3500000,['Horror'],en,Creepshow 2,10.73,['United States of America'],1987-05-01,14000000,92,['English'],5.9,129
3716946,"['Action', 'Comedy', 'Western']",en,The Ballad of Cable Hogue,2.68,['United States of America'],1970-05-13,5000000,121,['English'],6.9,47
3500000,"['Crime', 'Drama']",en,In Cold Blood,7.82,['United States of America'],1967-12-14,13007551,134,['English'],7.4,82
3500000,['Drama'],en,The Nun's Story,3.28,['United States of America'],1959-06-18,12800000,149,['English'],7.4,46
3500000,"['Action', 'Drama', 'Thriller', 'Crime', 'Mystery']",en,Harper,2.94,['United States of America'],1966-02-23,12000000,121,['English'],6.2,35
3500000,"['Crime', 'Drama', 'Mystery', 'Thriller']",en,Frenzy,10.22,['United Kingdom'],1972-05-25,12600000,116,['English'],7.1,158
3500000,"['Mystery', 'Horror']",en,The Witch,50.32,"['Canada', 'United States of America']",2016-02-19,40423945,92,['English'],6.3,1434
3500000,"['Comedy', 'Romance']",en,She's the One,8.41,['United States of America'],1996-08-26,9482579,96,"['English', 'Français']",5.7,70
10000000,['Drama'],en,Gods and Monsters,5.59,"['United Kingdom', 'United States of America']",1998-01-21,6451628,105,"['English', 'Magyar']",6.8,81
2000000,"['Crime', 'Drama', 'Mystery', 'Romance']",es,El secreto de sus ojos,25.89,"['Argentina', 'Spain']",2009-08-13,33965843,129,['Español'],7.8,626
3600000,"['Horror', 'Comedy', 'Fantasy']",en,Evil Dead II,35.67,['United States of America'],1987-03-13,5923044,84,['English'],7.6,742
3500000,"['Fantasy', 'Horror']",nb,Trolljegeren,12.98,['Norway'],2010-10-29,4159678,103,['Norsk'],6.7,583
3500000,"['Comedy', 'Drama']",en,Winter Passing,3.64,['United States of America'],2006-02-07,113783,98,['English'],6.7,28
3400000,"['Comedy', 'Music']",en,High Anxiety,5.69,['United States of America'],1977-12-25,31063038,94,"['English', 'Magyar']",6.5,84
8000000,"['Documentary', 'Family']",fr,La Marche de l'empereur,17.54,['France'],2005-01-26,127392239,80,"['Français', 'English']",6.9,358
3500000,"['Thriller', 'Drama']",en,Margin Call,26.26,['United States of America'],2011-09-28,19504039,107,['English'],6.7,524
3000000,"['Comedy', 'Drama']",en,Choke,11.64,['United States of America'],2008-09-26,3830137,92,['English'],6.0,127
3300000,['Drama'],en,Whiplash,192.53,['United States of America'],2014-10-10,13092000,105,['English'],8.3,4254
3300000,"['Drama', 'Crime']",pt,Cidade de Deus,44.36,"['Brazil', 'France']",2002-02-05,30641770,130,['Português'],8.1,1814
600000,"['Comedy', 'Drama']",en,Human Traffic,4.86,"['United Kingdom', 'Ireland']",1999-06-04,4000000,99,['English'],6.8,97
3800000,['Drama'],da,Jagten,21.83,"['Denmark', 'Sweden']",2012-08-28,16800000,115,"['Dansk', 'Polski', 'English']",7.9,927
3300000,['Comedy'],en,Opposite Sex,2.96,['United States of America'],2014-11-08,45000,96,['English'],4.1,9
2000000,"['Romance', 'Drama']",en,Dreaming of Joseph Lees,0.12,"['United Kingdom', 'United States of America']",1999-10-29,7,92,['English'],8.0,1
3200000,"['Horror', 'Drama', 'Mystery']",en,Rosemary's Baby,26.18,['United States of America'],1968-06-12,33395426,136,['English'],7.5,863
3200000,['Western'],en,The Man Who Shot Liberty Valance,11.74,['United States of America'],1962-04-22,8000000,123,['English'],7.4,265
3200000,"['Drama', 'Romance', 'Comedy']",en,Beginners,11.93,['United States of America'],2010-09-11,5332926,105,"['English', 'Français']",6.8,347
2700000,['Comedy'],en,Animal House,17.33,['United States of America'],1978-07-27,141000000,109,['English'],7.0,418
2500000,"['Adventure', 'Action', 'Thriller']",en,Goldfinger,47.81,"['United Kingdom', 'United States of America']",1964-09-17,124881062,110,"['普通话', 'English', 'Español']",7.2,987
3180000,"['Drama', 'Family', 'Fantasy']",en,It's a Wonderful Life,42.87,['United States of America'],1946-12-20,9644124,130,['English'],8.0,1076
4000000,"['Drama', 'Crime']",en,Trainspotting,63.51,['United Kingdom'],1996-02-23,16491080,93,['English'],7.8,2655
3000000,"['Horror', 'Thriller']",en,Paranormal Activity 2,22.79,['United States of America'],2010-10-20,177512032,91,['English'],5.7,722
4000000,['Documentary'],en,Bowling for Columbine,11.41,['United States of America'],2002-10-09,35564473,120,['English'],7.3,453
3000000,['Horror'],en,A Nightmare on Elm Street Part 2: Freddy's Revenge,21.61,['United States of America'],1985-10-31,29999213,87,['English'],5.7,361
3000000,"['Drama', 'Romance']",en,A Room with a View,7.96,['United Kingdom'],1985-12-13,20966644,117,"['English', 'Italiano']",6.9,156
3000000,"['Science Fiction', 'Horror', 'Thriller']",en,The Purge,54.4,"['France', 'United States of America']",2013-05-31,89328627,86,['English'],6.0,2428
3000000,"['Horror', 'Thriller', 'Mystery']",en,Sinister,41.05,['United States of America'],2012-03-29,77712439,110,"['English', 'Português', 'Français', '']",6.7,1573
3000000,['Comedy'],en,Martin Lawrence Live: Runteldat,0.3,['United States of America'],2002-08-01,19184015,113,['English'],5.0,1
3000000,"['Drama', 'Romance']",en,Cat on a Hot Tin Roof,16.55,['United States of America'],1958-02-17,17570324,108,['English'],7.6,165
3000000,"['Adventure', 'Science Fiction', 'Mystery']",en,Beneath the Planet of the Apes,24.39,['United States of America'],1970-05-01,18999718,95,['English'],6.2,361
3000000,"['Comedy', 'Family', 'Drama']",en,Air Bud,11.24,"['Canada', 'United States of America']",1997-08-01,23144499,98,['English'],5.3,106
16000000,"['Adventure', 'Fantasy', 'Animation', 'Action', 'Family']",ja,Pokémon 3: The Movie,9.19,['Japan'],2000-07-08,68411275,93,['English'],5.9,137
3000000,"['Horror', 'Mystery', 'Thriller']",en,Friday the 13th Part VI: Jason Lives,11.16,['United States of America'],1986-08-01,19472057,86,['English'],5.7,216
3000000,"['Drama', 'History', 'War']",en,The Bridge on the River Kwai,23.11,"['United Kingdom', 'United States of America']",1957-10-02,33300000,161,"['日本語', 'ภาษาไทย', 'English']",7.7,542
3000000,"['Comedy', 'Family', 'Science Fiction']",en,Spaced Invaders,1.59,['United States of America'],1990-04-27,15369573,100,['English'],4.7,25
2000000,"['Comedy', 'Crime', 'Thriller']",en,Family Plot,3.83,['United States of America'],1976-04-09,7900000,121,['English'],6.7,86
3000000,"['Comedy', 'Drama', 'Romance']",en,The Apartment,22.89,['United States of America'],1960-06-15,25000000,125,['English'],8.1,483
3000000,"['Fantasy', 'Horror', 'Thriller']",en,Jason Goes to Hell: The Final Friday,10.34,['United States of America'],1993-08-13,15938065,87,['English'],4.2,193
3000000,"['Mystery', 'Thriller']",en,Torn Curtain,7.92,['United States of America'],1966-07-13,13000000,128,"['English', 'Deutsch', 'Norsk', 'svenska']",6.4,120
3000000,"['Comedy', 'Documentary', 'Music']",en,Dave Chappelle's Block Party,1.7,['United States of America'],2005-09-12,11718595,100,"['English', 'Deutsch']",6.4,28
3000000,['Drama'],en,Elmer Gantry,6.73,['United States of America'],1960-06-19,10400000,146,['English'],7.3,41
3000000,"['Drama', 'History']",en,Judgment at Nuremberg,13.34,"['Germany', 'United States of America']",1961-12-01,10000000,186,['English'],7.6,155
3000000,['Western'],en,Red River,5.34,['United States of America'],1948-08-26,9012000,133,"['English', 'Deutsch', 'Italiano', 'Español']",7.3,82
3000000,"['Romance', 'Drama']",en,Before Midnight,23.3,"['Greece', 'United States of America']",2013-04-05,11176469,108,"['English', 'ελληνικά', 'Français']",7.4,568
3000000,"['Action', 'Horror', 'Science Fiction', 'Thriller']",en,Phantasm II,5.0,['United States of America'],1988-07-08,7282851,97,['English'],6.3,94
3000000,['Drama'],en,Woman Thou Art Loosed,0.02,['United States of America'],2004-09-30,6804016,94,['English'],5.0,3
3800000,['Comedy'],en,East Is East,3.67,['United Kingdom'],1999-05-14,28200000,97,"['English', 'Pусский', 'اردو']",6.5,59
3000000,"['Drama', 'History', 'Romance']",en,Kama Sutra - A Tale of Love,3.94,"['United Kingdom', 'India', 'United States of America', 'Japan', 'Germany']",1996-09-11,4109095,117,['English'],5.7,35
3000000,"['Family', 'Fantasy']",en,Willy Wonka & the Chocolate Factory,23.98,['United States of America'],1971-06-29,4000000,100,"['English', 'Français', 'Deutsch']",7.4,798
3000000,['Comedy'],en,Jawbreaker,4.34,['United States of America'],1999-01-30,3076820,87,['English'],5.9,90
2962051,"['Drama', 'History']",en,Basquiat,3.64,['United States of America'],1996-08-09,3011195,108,"['English', 'Español']",6.6,94
3000000,"['Crime', 'Drama']",af,Tsotsi,2.5,['South Africa'],2005-08-18,9879971,94,"['Afrikaans', '', 'isiZulu']",6.9,94
3000000,"['Comedy', 'Drama']",en,Happiness,10.76,['United States of America'],1998-10-16,2807390,139,"['English', 'Pусский']",7.4,194
2800000,"['Comedy', 'Horror']",en,Tusk,15.75,['United States of America'],2014-09-19,1826705,102,['English'],5.1,366
3000000,"['Drama', 'Thriller', 'Mystery', 'Action']",ko,올드보이,56.76,['South Korea'],2003-01-01,14980005,120,['한국어/조선말'],8.0,1945
3000000,"['Action', 'Comedy', 'Thriller']",en,Hobo with a Shotgun,16.9,"['United States of America', 'Canada']",2011-05-06,748453,86,['English'],5.7,211
3000000,['Drama'],en,Fish Tank,12.69,"['United Kingdom', 'Netherlands']",2009-05-14,2357852,123,['English'],6.9,250
3000000,"['Comedy', 'Romance']",en,Bachelorette,20.95,['United States of America'],2012-08-06,11947954,87,['English'],5.3,444
3000000,['Science Fiction'],en,The Divide,11.88,"['Canada', 'Germany', 'United States of America']",2011-03-13,22000,112,['English'],5.7,197
3000000,"['Thriller', 'Horror']",en,Demonic,12.56,"['United Kingdom', 'United States of America']",2015-02-12,3387000,83,['English'],4.9,148
2500000,"['Action', 'Crime', 'Drama', 'Thriller']",en,Point Blank,5.16,['United States of America'],1967-08-30,3200000,92,['English'],7.1,95
2900000,['Drama'],pt,Central do Brasil,5.93,['Brazil'],1998-01-16,5596708,113,['Português'],7.6,126
2900000,"['Comedy', 'Drama']",en,Pocketful of Miracles,3.37,['United States of America'],1961-12-18,5000000,136,"['English', 'Español']",7.3,25
3000000,['Documentary'],en,Freakonomics,1.78,['United States of America'],2010-10-01,103735,93,['English'],6.6,36
8000000,['Drama'],en,Hustle & Flow,6.4,['United States of America'],2005-07-22,23563727,116,['English'],6.9,99
2883848,"['Comedy', 'Romance']",en,Some Like It Hot,39.31,['United States of America'],1959-03-18,25000000,122,['English'],8.0,808
2800000,"['Horror', 'Thriller']",en,Friday the 13th Part VII: The New Blood,9.07,['United States of America'],1988-05-13,19170001,88,['English'],5.3,192
2777000,"['Adventure', 'Family', 'Fantasy']",en,The Wizard of Oz,67.42,['United States of America'],1939-08-15,33754967,102,['English'],7.4,1642
2800000,"['Comedy', 'Science Fiction']",en,Young Frankenstein,36.44,['United States of America'],1974-12-15,86273333,106,"['English', 'Deutsch']",7.7,854
2000000,"['Horror', 'Action', 'Science Fiction']",en,Diary of the Dead,15.35,['United States of America'],2007-09-08,5364858,95,['English'],5.4,190
2700000,"['Adventure', 'Family']",en,The Black Stallion,11.36,['United States of America'],1979-10-17,37799643,118,"['العربية', 'English', 'Italiano']",7.0,59
2686000,"['Adventure', 'Comedy', 'Romance']",en,Donovan's Reef,1.9,['United States of America'],1963-06-12,6600000,109,"['English', 'Français']",6.0,30
2627000,"['Drama', 'Romance', 'War']",en,A Guy Named Joe,0.53,['United States of America'],1944-03-01,5363000,120,['English'],6.0,8
2600000,"['Western', 'Comedy']",en,Blazing Saddles,22.79,['United States of America'],1974-02-07,119500000,93,"['English', 'Deutsch', '']",7.2,609
2600000,"['Horror', 'Thriller']",en,Friday the 13th: The Final Chapter,14.01,['United States of America'],1984-04-13,32980880,91,"['English', 'Español']",5.9,237
2159280,['Drama'],pl,Ida,13.27,"['Denmark', 'France', 'Poland', 'United Kingdom']",2013-10-25,10700000,80,['Polski'],7.1,260
2600000,['Documentary'],en,Riding Giants,0.9,"['France', 'United States of America']",2004-07-09,3166000,105,['English'],7.6,23
2600000,"['Science Fiction', 'Thriller']",es,Los cronocrímenes,19.03,['Spain'],2007-09-20,553198,92,['Español'],7.0,308
2540800,"['Comedy', 'Music', 'Romance']",en,Singin' in the Rain,36.56,['United States of America'],1952-04-10,7200000,103,['English'],7.8,727
2500000,"['Comedy', 'Horror']",en,A Haunted House,18.66,['United States of America'],2013-01-11,60141683,86,['English'],5.4,516
2500000,['Documentary'],en,2016: Obama's America,0.97,['United States of America'],2012-07-13,33400000,87,['English'],4.6,19
2500000,"['Horror', 'Mystery', 'Science Fiction']",en,Halloween III: Season of the Witch,12.03,['United States of America'],1982-10-22,14400000,98,['English'],5.0,229
2500000,"['Action', 'Science Fiction']",en,Escape from the Planet of the Apes,18.31,['United States of America'],1971-05-20,12348905,98,['English'],6.3,264
2500000,"['Action', 'Drama', 'Western']",en,Hud,6.83,['United States of America'],1963-05-29,10000000,112,['English'],7.5,66
2500000,"['Comedy', 'Drama', 'Romance']",en,Garden State,30.58,['United States of America'],2004-07-28,26781723,102,['English'],7.1,618
2500000,"['Drama', 'Romance']",en,Before Sunrise,23.67,"['Austria', 'Switzerland', 'United States of America']",1995-01-27,5535405,105,"['English', 'Deutsch', 'Français']",7.7,959
2500000,"['Science Fiction', 'Comedy', 'Drama', 'Crime']",en,Robot & Frank,23.42,['United States of America'],2012-08-16,3325038,85,['English'],6.8,450
2500000,"['Comedy', 'Drama', 'Romance']",en,The Spectacular Now,25.72,['United States of America'],2013-08-02,6854611,95,['English'],6.8,1048
2500000,['Drama'],en,Eye of the Dolphin,0.3,['United States of America'],2007-08-24,71904,100,['English'],7.1,7
2500000,"['Drama', 'Science Fiction', 'Thriller']",en,Sleep Dealer,4.62,"['Mexico', 'United States of America']",2008-12-10,107559,90,"['English', 'Español']",6.0,40
2500000,"['Comedy', 'Action', 'Drama']",en,Super,12.2,['United States of America'],2010-09-09,324138,96,['English'],6.6,441
2400000,['Drama'],en,Get on the Bus,4.62,['United States of America'],1996-10-16,5731103,120,['English'],7.0,11
30000000,"['Adventure', 'Comedy', 'Science Fiction']",en,Idiocracy,27.94,['United States of America'],2006-09-01,495303,84,['English'],6.3,664
2380000,"['Drama', 'Crime']",en,This Is England,8.4,['United Kingdom'],2006-09-12,8176544,101,['English'],7.4,363
2361000,"['Comedy', 'Music']",en,Bathing Beauty,0.63,['United States of America'],1944-07-01,6892000,101,"['English', 'Español', 'Français']",7.0,4
2300000,"['Music', 'Romance']",en,Show Boat,1.61,['United States of America'],1951-07-13,11000000,107,['English'],6.9,18
2280000,"['Animation', 'Family', 'Music']",en,Fantasia,32.88,['United States of America'],1940-11-13,83320000,124,['English'],7.2,808
4000000,"['Horror', 'Thriller']",en,Friday the 13th Part III,14.21,['United States of America'],1982-08-13,36690067,95,['English'],5.7,254
2200000,"['Horror', 'Thriller']",en,Friday the 13th: A New Beginning,12.64,['United States of America'],1985-03-22,21930418,92,['English'],5.1,196
2160000,['Drama'],en,The Valley of Decision,0.18,['United States of America'],1945-06-01,9132000,119,['English'],5.8,4
2100000,"['Drama', 'History', 'Romance']",en,The Best Years of Our Lives,8.39,['United States of America'],1946-12-25,23650000,172,['English'],7.6,143
2100000,"['Drama', 'Crime']",en,Mi America,0.04,['United States of America'],2015-10-16,3330,126,"['Español', 'English']",0.0,0
1500000,"['Horror', 'Mystery']",es,[REC],31.69,['Spain'],2007-04-10,30448000,78,"['日本語', 'Español']",7.1,934
2000000,"['Action', 'Thriller', 'Adventure']",en,From Russia with Love,41.3,['United Kingdom'],1963-10-11,78898765,115,"['English', 'Pусский', 'Türkçe', 'Română']",6.9,760
2000000,"['Comedy', 'Romance', 'Science Fiction']",en,Sleeper,10.66,['United States of America'],1973-12-17,18344729,89,"['English', '']",7.0,200
2000000,"['Horror', 'Thriller']",en,It Follows,100.88,['United States of America'],2015-02-04,14674076,100,['English'],6.6,1832
2000000,['Comedy'],en,Everything You Always Wanted to Know About Sex *But Were Afraid to Ask,13.22,['United States of America'],1972-08-06,18016290,88,"['English', 'Italiano']",6.6,215
2000000,"['Crime', 'Drama']",en,To Kill a Mockingbird,22.14,['United States of America'],1962-12-25,13129846,129,['English'],8.0,657
2000000,"['Adventure', 'Action', 'Thriller', 'Science Fiction']",en,Mad Max 2,37.12,['Australia'],1981-12-24,24600832,95,['English'],7.3,957
2000000,"['Crime', 'Drama']",en,Boys Don't Cry,15.56,['United States of America'],1999-09-02,11540607,118,['English'],7.2,353
2000000,"['Horror', 'Mystery']",en,Silent House,11.67,"['France', 'United States of America']",2011-01-21,13101672,85,['English'],5.2,125
2000000,"['Drama', 'Thriller']",de,Das Leben der Anderen,34.94,['Germany'],2006-03-15,70000000,137,['Deutsch'],7.9,958
1000000,['Drama'],en,Courageous,5.96,['United States of America'],2011-09-30,34522221,129,['English'],6.8,77
2000000,['Drama'],en,The Hustler,17.64,['United States of America'],1961-09-25,7600000,134,['English'],7.6,240
2000000,"['Adventure', 'Drama', 'Romance']",en,Boom Town,1.87,['United States of America'],1940-08-30,9172000,119,['English'],6.5,8
8000000,"['Adventure', 'Animation', 'Comedy', 'Drama']",fr,Les triplettes de Belleville,13.94,"['France', 'Belgium', 'Canada', 'United Kingdom']",2003-06-11,1477676,80,"['Français', 'Português']",7.3,231
2700000,"['Drama', 'Romance']",en,Before Sunset,14.8,['United States of America'],2004-02-10,15992615,80,"['English', 'Français']",7.6,718
2000000,"['Drama', 'Thriller']",es,Amores perros,23.28,['Mexico'],2000-06-16,20908467,154,['Español'],7.6,521
2000000,"['Crime', 'Drama']",en,Thirteen,20.33,['United States of America'],2003-08-20,4601043,100,"['English', 'Português', 'Español']",6.7,339
2000000,"['Drama', 'Romance']",en,Gentleman's Agreement,5.38,['United States of America'],1947-11-11,7800000,118,['English'],6.8,47
2000000,['Drama'],en,Winter's Bone,20.83,['United States of America'],2010-06-11,13831503,100,['English'],6.8,565
2000000,"['Drama', 'Music', 'Romance']",en,Alexander's Ragtime Band,0.48,['United States of America'],1938-05-24,4000000,106,['English'],4.8,6
2000000,['Documentary'],en,Inside Job,16.93,['United States of America'],2010-10-08,7871522,109,['English'],7.7,286
6000000,"['Drama', 'Music', 'Romance']",en,We Are Your Friends,28.82,"['United Kingdom', 'United States of America', 'France']",2015-08-26,11122090,96,"['English', 'Italiano']",6.3,658
2000000,"['Crime', 'Drama', 'Thriller', 'Action']",en,Harsh Times,13.0,['United States of America'],2005-09-11,5967038,120,"['English', 'Español', '한국어/조선말']",6.3,197
2000000,"['Crime', 'Drama', 'Thriller']",en,Captive,6.73,['United States of America'],2015-09-17,2801508,97,['English'],5.6,92
2000000,"['Comedy', 'Drama', 'Romance']",en,Full Frontal,1.96,['United States of America'],2002-08-02,2506446,96,['English'],4.8,26
2000000,"['Romance', 'Drama', 'Comedy']",en,Shortbus,14.85,['United States of America'],2006-05-20,5179037,101,['English'],6.3,140
2000000,"['Drama', 'Animation', 'War']",he,Vals Im Bashir,14.08,"['Israel', 'France', 'Germany']",2008-06-25,11125849,90,"['עִבְרִית', 'العربية', 'Deutsch', 'English']",7.8,291
2000000,"['Drama', 'Romance']",en,The Diary of a Teenage Girl,18.22,['United States of America'],2015-08-07,1477002,98,['English'],6.8,279
2000000,"['History', 'Documentary']",en,Inside Deep Throat,3.98,['United States of America'],2005-02-11,653621,92,['English'],6.8,31
2000000,['Comedy'],en,The Virginity Hit,3.13,['United States of America'],2010-09-10,563706,120,"['English', 'Français']",4.6,19
2000000,"['Action', 'Thriller']",fr,Subway,5.26,['France'],1985-04-10,390659,104,['Français'],6.3,86
2000000,"['Action', 'Adventure', 'Science Fiction']",en,Six-String Samurai,1.89,['United States of America'],1998-09-18,124494,91,['English'],5.8,36
2000000,"['Drama', 'Comedy', 'Music']",en,It's All Gone Pete Tong,3.91,"['Canada', 'United Kingdom']",2004-09-12,120620,90,['English'],7.1,52
3800000,['Comedy'],en,Saint John of Las Vegas,2.56,['United States of America'],2009-06-10,111731,84,"['English', 'Italiano']",5.9,18
13500000,['Drama'],en,Stonewall,5.16,['United States of America'],2015-09-18,187674,129,['English'],5.2,32
7000000,"['Animation', 'Family', 'Foreign']",en,Roadside Romeo,0.25,"['India', 'United States of America']",2008-10-24,1100000,93,"['English', 'हिन्दी']",6.7,3
2000000,"['Comedy', 'Science Fiction', 'Romance', 'Horror']",en,Return of the Living Dead 3,7.5,['United States of America'],1993-10-01,54207,97,"['Český', 'English', 'Italiano']",5.9,88
2000000,['Drama'],en,Sherrybaby,4.26,['United States of America'],2006-09-08,622806,96,['English'],6.3,41
100000,['Horror'],en,Stitches,7.45,['Ireland'],2012-05-19,95000,86,['English'],5.5,92
2000000,['Comedy'],en,Bananas,5.94,['United States of America'],1971-04-28,11833696,82,"['', 'English']",6.7,165
1987650,"['Drama', 'Thriller', 'Mystery']",en,Buried,32.84,"['Spain', 'United States of America', 'France']",2010-09-24,19152480,94,['English'],6.6,827
1800000,"['Horror', 'Drama', 'Thriller']",en,The Last Exorcism,14.84,"['United States of America', 'France']",2010-08-27,67738090,87,['English'],5.6,328
1800000,['Drama'],en,A Streetcar Named Desire,14.88,['United States of America'],1951-09-18,8000000,125,['English'],7.6,281
1800000,"['Drama', 'Comedy', 'War']",en,Dr. Strangelove or: How I Learned to Stop Worrying and Love the Bomb,42.0,"['United Kingdom', 'United States of America']",1964-01-29,9440272,95,['English'],8.0,1442
1800000,"['Drama', 'Fantasy']",en,Beasts of the Southern Wild,12.47,['United States of America'],2012-06-29,21107746,93,['English'],6.8,403
1700000,"['Action', 'Science Fiction']",en,Battle for the Planet of the Apes,13.32,['United States of America'],1973-06-15,8844595,93,['English'],5.5,215
1800000,['Western'],en,Hang 'em High,11.76,['United States of America'],1968-07-31,6800000,114,['English'],6.7,192
1530000,"['Action', 'Drama', 'Thriller']",de,Lola rennt,27.37,['Germany'],1998-08-20,7267585,81,"['Deutsch', 'English', '日本語']",7.2,664
500000,"['Drama', 'Horror', 'Thriller', 'Romance']",en,May,8.65,['United States of America'],2002-01-13,150277,93,['English'],6.3,152
1700000,"['Action', 'Science Fiction']",en,Conquest of the Planet of the Apes,18.83,['United States of America'],1972-06-29,9700000,88,['English'],6.1,236
2000000,"['Thriller', 'Crime', 'Horror']",en,I Spit on Your Grave,26.28,['United States of America'],2010-06-17,572809,108,['English'],6.3,519
1700000,"['Comedy', 'Crime']",en,"Happy, Texas",2.08,['United States of America'],1999-12-03,1943649,98,['English'],5.5,39
1000000,"['Drama', 'Romance']",hi,Dabba,14.02,"['India', 'France', 'Germany']",2013-09-19,4235151,104,"['English', 'हिन्दी']",7.3,221
1644736,"['Comedy', 'Romance']",en,You Can't Take It With You,3.43,['United States of America'],1938-08-23,7433101,126,"['English', 'Pусский']",7.2,79
1650000,"['War', 'Drama', 'Romance']",en,From Here to Eternity,6.92,['United States of America'],1953-08-04,30500000,118,['English'],7.2,133
1600000,['Western'],en,She Wore a Yellow Ribbon,8.54,['United States of America'],1949-10-22,5400000,103,['English'],7.1,61
1600000,"['Crime', 'Drama', 'Mystery']",en,The Conversation,20.81,['United States of America'],1974-04-07,4420000,113,['English'],7.5,372
2000000,['Comedy'],en,Waitress,9.67,['United States of America'],2007-05-25,22179430,108,['English'],6.7,129
1500000,['Action'],en,Bloodsport,17.5,['United States of America'],1988-02-26,11806119,92,['English'],6.6,363
1500000,"['Comedy', 'Drama']",en,Mr. Smith Goes to Washington,12.26,['United States of America'],1939-10-19,9600000,129,['English'],7.9,241
1500000,"['Drama', 'Crime']",en,Kids,13.29,['United States of America'],1995-07-28,7412216,91,['English'],6.8,279
1500000,"['Comedy', 'Drama']",en,The Squid and the Whale,13.79,['United States of America'],2005-10-05,11098131,81,"['English', 'Français']",6.9,226
1000000,['Comedy'],en,Kissing Jessica Stein,3.99,['United States of America'],2001-04-21,10013424,97,['English'],5.9,48
1500000,"['Drama', 'Mystery', 'Thriller']",en,Spellbound,11.15,['United States of America'],1945-12-28,7000000,111,['English'],7.3,160
1500000,"['Romance', 'Comedy', 'Crime', 'Drama']",en,Buffalo '66,10.01,['United States of America'],1998-01-20,2375097,110,['English'],7.1,166
1500000,"['Horror', 'Thriller']",en,Insidious,58.59,"['United States of America', 'Canada']",2010-09-13,97009150,103,['English'],6.8,1737
1500000,"['Comedy', 'Crime', 'Science Fiction', 'Thriller']",en,Repo Man,11.35,['United States of America'],1984-02-20,2300000,92,['English'],6.7,144
1500000,['Drama'],en,The Ballad of Jack and Rose,3.62,['United States of America'],2005-03-25,712294,111,['English'],6.5,43
1500000,"['Comedy', 'Romance']",en,The To Do List,15.02,['United States of America'],2013-07-24,3566225,104,['English'],5.5,342
1500000,"['Action', 'Crime', 'Drama', 'Thriller']",en,Killing Zoe,5.82,"['France', 'United States of America']",1993-10-01,418961,96,"['English', 'Français']",6.1,111
1500000,['Drama'],en,The Believer,9.86,['United States of America'],2001-01-19,416925,98,"['English', 'עִבְרִית', 'Magyar']",6.8,151
1500000,"['Horror', 'Mystery']",en,Session 9,11.06,['United States of America'],2001-08-10,373967,100,['English'],6.2,251
1,"['Drama', 'Comedy']",en,Modern Times,28.28,['United States of America'],1936-02-05,8500000,87,['English'],8.1,856
1500000,"['Comedy', 'Horror']",en,My Name Is Bruce,7.56,['United States of America'],2007-10-01,173066,86,['English'],5.9,107
1500000,"['Horror', 'Mystery', 'Science Fiction']",en,Pontypool,4.68,['Canada'],2009-03-06,32000,93,"['', 'English', 'Français']",6.6,183
1500000,"['Horror', 'Thriller']",en,The Lords of Salem,14.5,"['Canada', 'United States of America', 'United Kingdom']",2012-09-10,1165882,101,['English'],5.1,242
1488423,"['Fantasy', 'Animation', 'Family']",en,Snow White and the Seven Dwarfs,80.17,['United States of America'],1937-12-20,184925486,83,['English'],6.9,1914
1455000,['Western'],en,Shalako,3.6,"['United States of America', 'Germany']",1968-11-06,2620000,113,"['Deutsch', 'English', 'Español']",5.4,12
1350000,"['Comedy', 'Crime']",en,"Lock, Stock and Two Smoking Barrels",16.03,['United Kingdom'],1998-03-05,3897569,105,['English'],7.5,1648
1288000,"['Drama', 'Mystery']",en,Rebecca,18.43,['United States of America'],1940-04-12,6000000,130,"['English', 'Français']",7.7,336
1250000,"['Horror', 'Thriller']",en,Friday the 13th Part 2,16.52,['United States of America'],1981-05-01,21722776,87,['English'],6.0,315
1250000,['Drama'],en,The Lost Weekend,6.9,['United States of America'],1945-11-25,11000000,101,['English'],7.4,112
1250000,"['Horror', 'Science Fiction']",en,C.H.U.D.,4.46,['United States of America'],1984-08-31,3412497,88,['English'],5.3,62
1250000,"['Crime', 'Drama', 'Thriller']",en,Niagara,9.9,['United States of America'],1953-01-21,8500000,92,['English'],6.7,79
1250000,['Drama'],en,How Green Was My Valley,7.7,['United States of America'],1941-10-28,6000000,118,"['English', 'Cymraeg']",6.8,72
1200000,"['Horror', 'Mystery', 'Crime']",en,Saw,63.66,['United States of America'],2004-10-01,103911669,103,['English'],7.2,2184
3000000,"['Comedy', 'Crime', 'Mystery']",en,Super Troopers,16.31,['United States of America'],2001-01-18,18492362,100,['English'],6.6,362
1200000,"['Comedy', 'Mystery', 'Thriller']",en,The Trouble with Harry,6.92,['United States of America'],1955-10-03,7000000,99,['English'],6.9,149
1200000,['Drama'],en,Home Run,3.09,['United States of America'],2013-04-19,2861020,114,"['English', 'Deutsch']",6.3,24
1200000,"['Crime', 'Thriller']",en,Reservoir Dogs,66.93,['United States of America'],1992-09-02,14661007,99,['English'],8.0,3697
1200000,['Western'],it,"Il buono, il brutto, il cattivo",88.38,"['United States of America', 'Italy', 'Spain', 'Germany']",1966-12-23,6000000,161,['Italiano'],8.1,2311
900000,['Documentary'],en,"Pink Ribbons, Inc.",0.1,"['United States of America', 'Canada']",2011-09-11,25000,97,['English'],6.8,6
1200000,"['Action', 'Adventure', 'Drama', 'War']",en,The Charge of the Light Brigade,2.97,['United States of America'],1936-10-20,2736000,115,['English'],6.8,18
2600000,"['Action', 'Adventure', 'Comedy']",en,Airborne,8.0,['United States of America'],1993-09-17,2850263,91,['English'],6.1,20
3000000,['Comedy'],en,Waiting...,10.23,['United States of America'],2005-10-07,18637690,94,"['English', 'Pусский']",6.2,237
1100000,"['Comedy', 'Horror']",en,From a Whisper to a Scream,1.22,['United States of America'],1987-09-25,1400000,99,"['English', 'Deutsch']",6.8,15
1100000,"['Action', 'Thriller', 'Crime']",id,Serbuan maut,40.29,"['Indonesia', 'United States of America', 'France']",2011-09-08,4105187,101,['Bahasa indonesia'],7.3,1055
878000,"['Drama', 'Romance']",en,Casablanca,43.73,['United States of America'],1942-11-26,10462500,102,"['Deutsch', 'Français', 'Italiano', 'English']",7.9,1422
1000000,['Drama'],en,Rocky,72.2,['United States of America'],1976-11-21,117235147,119,['English'],7.5,1791
1000000,"['Adventure', 'Comedy', 'History', 'Romance']",en,Tom Jones,2.83,['United Kingdom'],1963-10-06,37600000,128,['English'],6.1,39
1000000,"['Horror', 'Thriller']",en,Unfriended,41.97,['United States of America'],2015-04-17,62882090,82,['English'],5.5,1047
1300000,"['Crime', 'Drama']",en,Taxi Driver,58.85,['United States of America'],1976-02-07,28262574,114,"['English', 'Español']",8.0,2535
1000000,"['Drama', 'Horror']",en,The Howling,6.53,['United States of America'],1981-04-03,17985893,91,['English'],6.4,161
950000,"['Adventure', 'Action', 'Thriller']",en,Dr. No,48.9,"['Jamaica', 'United Kingdom']",1962-10-04,59600000,110,"['English', 'Français']",6.9,940
1000000,['Horror'],en,Hellraiser,22.58,['United Kingdom'],1987-09-11,14564027,94,['English'],6.9,449
5000000,['Drama'],en,God's Not Dead 2,6.97,['United States of America'],2016-04-01,23507567,121,['English'],5.7,72
1000000,"['Horror', 'Thriller']",en,Cry_Wolf,6.93,['United States of America'],2005-09-16,10047674,90,"['English', 'Deutsch', 'Português']",5.6,126
1000000,"['Adventure', 'Horror', 'Action', 'Science Fiction']",ja,Gojira ni-sen mireniamu,3.32,['Japan'],1999-12-11,10037390,107,['日本語'],5.9,43
3500000,"['Drama', 'Romance']",en,Blue Valentine,26.88,['United States of America'],2010-12-27,16566240,112,['English'],6.9,890
1000000,['Drama'],en,Transamerica,9.77,['United States of America'],2005-12-23,13350369,103,['English'],6.9,144
1000000,"['Thriller', 'Horror']",en,The Devil Inside,13.15,['United States of America'],2012-01-06,101758490,83,['English'],4.6,262
2090000,"['Comedy', 'Drama', 'Thriller']",en,Beyond the Valley of the Dolls,4.29,['United States of America'],1970-07-17,40000000,109,['English'],6.6,53
1000000,"['Drama', 'Action', 'Western', 'Music', 'Romance']",en,Love Me Tender,1.44,['United States of America'],1956-11-15,9000000,89,['English'],5.5,21
1000000,['Documentary'],en,An Inconvenient Truth,14.14,['United States of America'],2006-01-24,46243000,100,['English'],6.7,251
1000000,"['Action', 'Drama', 'History', 'War']",en,Sands of Iwo Jima,3.85,['United States of America'],1949-12-14,7800000,100,['English'],6.2,33
5000000,"['Action', 'Adventure', 'Horror', 'Thriller']",en,The Green Inferno,17.85,"['Canada', 'Chile', 'United States of America']",2014-09-04,6833445,100,['English'],5.0,349
1000000,"['Drama', 'Romance', 'Comedy']",en,The Sessions,9.12,['United States of America'],2012-05-02,9138338,98,['English'],6.6,179
1000000,"['Drama', 'Romance']",en,Two Girls and a Guy,4.87,['United States of America'],1997-09-07,2057193,84,['English'],5.4,24
1000000,['Documentary'],en,Who Killed the Electric Car?,5.32,['United States of America'],2006-08-04,1678874,92,"['English', 'Français', 'Magyar']",7.2,59
1000000,"['Comedy', 'Drama', 'Romance']",en,The Broken Hearts Club: A Romantic Comedy,3.42,['United States of America'],2000-02-01,1744858,94,"['English', 'Français', 'Pусский']",6.3,25
1000000,"['Crime', 'Drama', 'Mystery', 'Thriller']",en,Brigham City,0.28,['United States of America'],2001-03-30,852206,119,['English'],7.3,4
1000000,"['Drama', 'Foreign', 'Romance']",hi,Fiza,0.04,['India'],2000-09-08,623791,170,"['हिन्दी', 'اردو']",6.1,7
1000000,['Documentary'],id,Jagal,8.89,"['Denmark', 'Norway', 'United Kingdom']",2012-08-31,444575,115,"['English', 'Bahasa indonesia']",7.5,210
1000000,['Documentary'],en,Taxi to the Dark Side,0.75,['United Kingdom'],2007-04-30,274661,106,['English'],6.6,53
1000000,"['Crime', 'Drama', 'Romance', 'Thriller']",en,Alone With Her,2.18,['United States of America'],2006-04-28,10018,78,"['English', 'Español']",6.2,20
1000000,"['Drama', 'Fantasy', 'Science Fiction']",en,Special,1.26,['United States of America'],2006-01-30,7202,81,['English'],6.6,32
950000,"['Drama', 'Romance', 'Science Fiction']",en,Charly,0.18,['United States of America'],1968-09-23,814666,103,['English'],6.6,28
910000,"['Crime', 'Drama']",en,On the Waterfront,16.02,['United States of America'],1954-06-22,9600000,108,['English'],8.0,357
930000,['Comedy'],en,L!fe Happens,5.97,"['Canada', 'United States of America']",2011-06-18,30905,100,['English'],5.3,66
852510,['Drama'],ro,"4 luni, 3 săptămîni și 2 zile",9.27,"['Belgium', 'Romania']",2007-08-24,1185783,113,['Română'],7.3,156
950000,"['Drama', 'Thriller']",en,Hard Candy,25.92,['United States of America'],2005-01-14,7022209,103,['English'],6.8,701
900000,"['Drama', 'Thriller']",en,The Quiet,4.1,['United States of America'],2005-09-12,381420,96,['English'],6.1,73
858000,"['Animation', 'Drama', 'Family']",en,Bambi,47.65,['United States of America'],1942-08-14,267447150,70,['English'],6.8,1405
850000,"['Drama', 'Comedy', 'Romance']",en,Latter Days,5.42,['United States of America'],2003-07-10,819939,107,['English'],6.7,56
850000,['Comedy'],en,"For a Good Time, Call...",14.24,['United States of America'],2012-08-31,1243961,85,['English'],5.8,110
800000,"['Drama', 'Romance']",en,Ruby in Paradise,0.59,['United States of America'],1993-10-08,1001437,114,['English'],5.6,10
800000,"['Drama', 'Romance']",en,Raising Victor Vargas,3.64,['United States of America'],2002-05-16,2816116,88,"['English', 'Español']",7.8,13
800000,['Drama'],en,The Mudge Boy,5.29,['United States of America'],2003-01-17,62852,94,['English'],7.3,23
800000,"['Horror', 'Comedy']",no,Død snø,11.21,['Norway'],2009-01-09,1984662,91,['Norsk'],6.1,311
777000,"['Comedy', 'Drama']",en,American Graffiti,19.33,['United States of America'],1973-08-01,140000000,110,['English'],6.9,324
750000,"['Comedy', 'Romance', 'Science Fiction', 'Drama']",en,Safety Not Guaranteed,25.19,['United States of America'],2012-06-08,4007792,85,['English'],6.8,556
500000,"['Horror', 'Thriller', 'Crime']",en,Kill List,12.2,['United Kingdom'],2011-09-02,171760,95,"['svenska', 'English']",6.0,210
750000,"['Horror', 'Thriller']",en,The Innkeepers,14.39,['United States of America'],2011-12-01,78396,102,['English'],5.4,219
730000,['Western'],en,High Noon,18.64,['United States of America'],1952-03-27,8000000,85,['English'],7.6,334
700000,['Documentary'],en,Hoop Dreams,9.19,['United States of America'],1994-09-12,7830611,171,['English'],7.7,87
700000,['Drama'],en,L.I.E. Long Island Expressway,7.73,['United States of America'],2001-01-20,1667192,97,['English'],6.7,31
700000,['Drama'],en,Half Nelson,12.38,['United States of America'],2006-08-11,4911725,107,['English'],6.5,240
700000,['Drama'],en,Naturally Native,0.58,['United States of America'],1999-10-08,10508,107,['English'],0.0,0
609000,"['Comedy', 'Music', 'Romance']",en,Top Hat,3.9,['United States of America'],1935-09-06,3202000,101,"['English', 'Italiano']",7.4,59
60000,"['Horror', 'Mystery']",en,The Blair Witch Project,41.69,['United States of America'],1999-07-14,248000000,81,['English'],6.3,1055
600000,"['History', 'Documentary', 'Music']",en,Woodstock,3.41,['United States of America'],1970-03-26,34505110,225,['English'],7.1,66
560000,"['Comedy', 'Music']",en,A Hard Day's Night,10.73,['United Kingdom'],1964-07-06,12299668,88,['English'],7.3,168
500000,['Drama'],en,Fireproof,6.09,['United States of America'],2008-09-26,33456317,122,['English'],7.0,100
130000,"['Drama', 'Thriller']",en,Open Water,15.61,['United States of America'],2004-08-06,54667954,79,['English'],5.4,315
500000,"['Horror', 'Science Fiction']",en,Kingdom of the Spiders,2.54,['United States of America'],1977-08-24,17000000,97,['English'],5.7,30
500000,"['Drama', 'Comedy']",en,The Station Agent,11.58,['United States of America'],2003-01-26,8679814,88,['English'],7.4,210
2053648,['Documentary'],en,Beyond the Mat,2.78,['United States of America'],1999-10-22,500000,102,['English'],7.8,17
500000,"['Crime', 'Drama']",en,Mean Creek,8.52,['United States of America'],2004-01-15,603943,90,['English'],6.9,106
2000000,"['Action', 'Drama']",ja,七人の侍,39.76,['Japan'],1954-04-26,271841,207,['日本語'],8.2,878
500000,"['Comedy', 'Drama', 'Fantasy', 'Horror', 'Mystery']",en,Rubber,9.11,"['France', 'Angola']",2010-07-09,98017,85,['English'],5.7,251
500000,"['Drama', 'Thriller', 'Science Fiction']",en,Monsters,26.41,['United Kingdom'],2010-06-18,4242978,94,"['Español', 'English']",6.2,587
450000,"['Drama', 'Romance']",en,Conversations with Other Women,4.44,"['United Kingdom', 'United States of America']",2006-06-07,973525,84,['English'],6.2,38
439000,"['Music', 'Comedy', 'Romance']",en,42nd Street,1.93,['United States of America'],1933-02-02,2281000,89,['English'],6.1,37
400000,['Comedy'],en,Napoleon Dynamite,23.6,['United States of America'],2004-06-11,46118097,95,['English'],6.7,554
15000,"['Horror', 'Mystery']",en,Paranormal Activity,47.46,['United States of America'],2007-09-14,193355800,86,['English'],5.9,1316
400000,"['Adventure', 'Comedy', 'Fantasy']",en,Monty Python and the Holy Grail,64.78,['United Kingdom'],1975-03-13,5028948,91,"['Français', 'Latin', 'English']",7.8,1708
218,"['Documentary', 'Drama']",en,Tarnation,1.06,['United States of America'],2003-10-19,1162014,91,['English'],7.5,22
35000000,"['Comedy', 'Romance']",da,What Happens in Vegas,38.1,['United States of America'],2008-05-07,170000000,99,"['English', '']",5.8,923
860000,"['Romance', 'Drama', 'Comedy']",en,My Beautiful Laundrette,3.7,['United Kingdom'],1985-09-07,2451545,97,['English'],6.6,51
385907,['Drama'],en,Intolerance,3.23,['United States of America'],1916-09-04,8394751,197,['English'],7.4,60
379000,"['Drama', 'Music', 'Romance']",en,The Broadway Melody,0.97,['United States of America'],1929-02-08,4358000,100,['English'],5.0,19
350000,['Horror'],en,The Evil Dead,35.04,['United States of America'],1981-10-15,29400000,85,['English'],7.3,894
6000000,['Horror'],en,Maniac,19.33,"['France', 'United States of America']",2012-12-26,31081,89,['English'],6.0,316
300000,['Documentary'],en,Murderball,1.09,['United States of America'],2005-07-22,1750211,88,['English'],6.9,23
350000,['Drama'],en,12 Angry Men,59.26,['United States of America'],1957-03-25,1000000,96,['English'],8.2,2078
325000,"['Comedy', 'Romance']",en,It Happened One Night,11.87,['United States of America'],1934-02-22,4500000,105,['English'],7.7,275
300000,"['Music', 'Documentary']",en,Tupac: Resurrection,1.31,['United States of America'],2003-01-23,7808524,112,['English'],8.0,26
312000,"['Comedy', 'Drama']",en,Tumbleweeds,1.51,['United States of America'],1999-11-28,1281176,102,['English'],6.2,11
8,"['Fantasy', 'Horror', 'Thriller']",en,The Prophecy,11.82,['United States of America'],1995-09-01,16,98,['English'],6.4,138
300000,['Documentary'],en,Ayurveda: Art of Being,0.06,"['India', 'Switzerland', 'Germany']",2001-09-20,2074000,101,"['English', 'हिन्दी']",5.5,3
300000,['Drama'],en,"First Love, Last Rites",0.37,['United States of America'],1998-08-07,40542,94,['English'],3.0,1
300000,"['Action', 'Comedy', 'Science Fiction']",en,Death Race 2000,6.47,['United States of America'],1975-04-27,8000000,80,['English'],5.9,124
250000,"['Comedy', 'Drama', 'Romance']",en,Chasing Amy,20.6,['United States of America'],1997-04-04,12021272,113,['English'],6.7,433
250000,"['Comedy', 'Drama', 'Romance']",en,Lovely & Amazing,1.46,['United States of America'],2001-08-31,4186931,91,['English'],6.3,23
250000,"['Thriller', 'Science Fiction', 'Mystery']",en,Cube,44.66,['Canada'],1997-09-09,501818,90,"['Deutsch', 'English']",6.9,1069
250,"['Drama', 'Comedy', 'Animation']",en,I Married a Strange Person!,0.29,['United States of America'],1998-08-28,203,72,['English'],7.5,12
250000,"['Drama', 'Romance']",en,Like Crazy,21.83,['United States of America'],2011-10-28,3542353,90,['English'],6.4,381
250000,"['Thriller', 'Drama']",en,The Canyons,6.98,['United States of America'],2013-07-29,56825,99,['English'],4.1,75
230000,"['Drama', 'Action', 'Crime']",en,Bronson,18.45,['United Kingdom'],2008-10-09,2260712,92,['English'],6.9,733
225000,"['Foreign', 'Documentary']",en,Burn,0.13,['United States of America'],2012-11-01,111300,86,['English'],6.9,6
210000,"['Adventure', 'Horror', 'Science Fiction']",en,"The Beast from 20,000 Fathoms",2.04,['United States of America'],1953-06-13,5000000,80,"['English', 'Français']",6.7,41
400000,"['Adventure', 'Action', 'Thriller', 'Science Fiction']",en,Mad Max,33.14,['Australia'],1979-04-12,100000000,93,['English'],6.6,1213
200000,"['Comedy', 'Romance']",en,Swingers,13.97,['United States of America'],1996-10-18,4505922,94,['English'],6.8,253
200000,['Western'],it,Per un pugno di dollari,38.77,"['Italy', 'Germany', 'Spain']",1964-09-12,14500000,99,"['Italiano', 'Español']",7.6,883
200000,['Comedy'],en,She Done Him Wrong,0.62,['United States of America'],1933-02-09,2200000,66,['English'],5.1,27
200000,['Drama'],en,The Grace Card,0.62,['United States of America'],2011-02-25,2295733,101,['English'],6.5,10
180000,"['Drama', 'Comedy', 'Family']",fa,بچه‌های آسمان,7.07,['Iran'],1997-08-01,900000,89,['فارسی'],7.8,112
8000,"['Drama', 'Romance']",en,Weekend,1.04,['United Kingdom'],2011-09-22,469947,96,['English'],7.4,163
100000,"['Drama', 'Science Fiction']",en,Another Earth,25.4,['United States of America'],2011-07-22,1776935,92,['English'],6.8,527
150000,"['Action', 'Drama', 'Romance']",en,Sweet Sweetback's Baadasssss Song,0.13,['United States of America'],1971-04-23,15200000,97,['English'],4.6,18
150000,"['Comedy', 'Drama', 'Romance']",en,Tadpole,8.57,['United States of America'],2002-11-01,2891288,78,"['English', 'Français']",5.5,19
160000,"['Drama', 'Music', 'Romance']",en,Once,19.05,['Ireland'],2007-03-23,20710513,85,['English'],7.3,453
160000,"['Documentary', 'History']",en,Roger & Me,3.28,['United States of America'],1989-09-01,6706368,91,['English'],7.4,90
125000,"['Drama', 'Comedy']",en,Your Sister's Sister,12.83,['United States of America'],2011-09-11,3200000,90,['English'],6.5,137
8500000,['Drama'],en,The Birth of a Nation,9.45,['United States of America'],2016-09-09,15861566,120,['English'],6.5,178
100000,['Drama'],en,Facing the Giants,4.56,['United States of America'],2006-09-29,10178331,111,['English'],6.6,64
100000,"['Horror', 'Thriller']",en,The Gallows,18.05,['United States of America'],2015-07-10,42664410,87,['English'],4.9,361
10000,"['Drama', 'Fantasy', 'Horror', 'Science Fiction']",en,Eraserhead,20.4,['United States of America'],1977-03-19,7000000,89,['English'],7.5,485
60000,"['Mystery', 'Drama', 'Thriller']",en,Pi,27.79,['United States of America'],1998-07-10,3221152,84,['English'],7.1,586
65000,"['Documentary', 'Comedy', 'Drama']",en,Super Size Me,10.4,['United States of America'],2004-01-17,28575078,100,['English'],6.6,506
65000,"['Romance', 'Comedy', 'Drama']",en,Tiny Furniture,2.38,['United States of America'],2010-11-12,416498,99,['English'],5.6,59
4000000,"['Thriller', 'Science Fiction']",en,The Signal,27.66,['United States of America'],2014-03-15,600896,95,['English'],5.8,631
31192,"['Drama', 'Action', 'Comedy']",en,Down Terrace,1.33,['United Kingdom'],2009-09-01,10000,89,['English'],6.3,26
27000,['Comedy'],en,Clerks,19.75,['United States of America'],1994-09-13,3151130,92,['English'],7.4,755
12000,"['Horror', 'Comedy', 'Crime']",en,Pink Flamingos,4.55,['United States of America'],1972-03-12,6000000,93,['English'],6.2,110
20000,"['Crime', 'Horror', 'Mystery', 'Thriller']",ja,キュア,0.21,['Japan'],1997-11-06,99000,111,['日本語'],7.4,63
7000,"['Science Fiction', 'Drama', 'Thriller']",en,Primer,23.31,['United States of America'],2004-10-08,424760,77,['English'],6.9,658
220000,"['Action', 'Crime', 'Thriller']",es,El Mariachi,14.27,"['Mexico', 'United States of America']",1992-09-04,2040920,81,['Español'],6.6,238
